ISO-10303-21;
HEADER;
FILE_DESCRIPTION (( 'STEP AP214' ),
    '1' );
FILE_NAME ('sp S.STEP',
    '2025-11-13T18:17:32',
    ( '' ),
    ( '' ),
    'SwSTEP 2.0',
    'SolidWorks 2022',
    '' );
FILE_SCHEMA (( 'AUTOMOTIVE_DESIGN' ));
ENDSEC;

DATA;
#1 = ORIENTED_EDGE ( 'NONE', *, *, #1846, .T. ) ;
#2 = PRESENTATION_LAYER_ASSIGNMENT (  '', '', ( #1518 ) ) ;
#3 = SURFACE_STYLE_USAGE ( .BOTH. , #1860 ) ;
#4 = ORIENTED_EDGE ( 'NONE', *, *, #3039, .F. ) ;
#5 =( LENGTH_UNIT ( ) NAMED_UNIT ( * ) SI_UNIT ( .MILLI., .METRE. ) );
#6 = DIRECTION ( 'NONE',  ( -0.9994266866073310274, -0.03385702433900133340, -1.174651498951675094E-16 ) ) ;
#7 = CARTESIAN_POINT ( 'NONE',  ( 762.6702852943338939, 49.32469006723408711, -300.0000000000005116 ) ) ;
#8 = ORIENTED_EDGE ( 'NONE', *, *, #2685, .F. ) ;
#9 = CARTESIAN_POINT ( 'NONE',  ( 0.000000000000000000, 0.000000000000000000, 0.000000000000000000 ) ) ;
#10 = CARTESIAN_POINT ( 'NONE',  ( 1398.837992904122530, -47.38765995221309879, 0.000000000000000000 ) ) ;
#11 = CARTESIAN_POINT ( 'NONE',  ( 430.6321342299369235, -12.77181298262081732, -64.65931874366233956 ) ) ;
#12 = DIRECTION ( 'NONE',  ( -1.000000000000000000, 0.000000000000000000, 0.000000000000000000 ) ) ;
#13 = SURFACE_SIDE_STYLE ('',( #2388 ) ) ;
#14 = CARTESIAN_POINT ( 'NONE',  ( 1419.535999758305479, -27.12183851495095865, 0.000000000000000000 ) ) ;
#15 = PRESENTATION_LAYER_ASSIGNMENT (  '', '', ( #3166 ) ) ;
#16 = VECTOR ( 'NONE', #1071, 1000.000000000000000 ) ;
#17 = UNCERTAINTY_MEASURE_WITH_UNIT (LENGTH_MEASURE( 1.000000000000000082E-05 ), #469, 'distance_accuracy_value', 'NONE');
#18 = CARTESIAN_POINT ( 'NONE',  ( -250.0000000000000000, -40.00000000000006395, -201.9999999999999716 ) ) ;
#19 = DIRECTION ( 'NONE',  ( -1.000000000000000000, -0.000000000000000000, -0.000000000000000000 ) ) ;
#20 = AXIS2_PLACEMENT_3D ( 'NONE', #1454, #1933, #1399 ) ;
#21 = ORIENTED_EDGE ( 'NONE', *, *, #508, .T. ) ;
#22 = AXIS2_PLACEMENT_3D ( 'NONE', #2148, #40, #2395 ) ;
#23 = ORIENTED_EDGE ( 'NONE', *, *, #2402, .F. ) ;
#24 = FACE_OUTER_BOUND ( 'NONE', #953, .T. ) ;
#25 = CIRCLE ( 'NONE', #3286, 19.99999999999998934 ) ;
#26 = ORIENTED_EDGE ( 'NONE', *, *, #2978, .F. ) ;
#27 = STYLED_ITEM ( 'NONE', ( #1506 ), #723 ) ;
#28 = DIRECTION ( 'NONE',  ( -0.9994266866073301392, 0.03385702433903033104, 0.000000000000000000 ) ) ;
#29 = CARTESIAN_POINT ( 'NONE',  ( -274.0000000000000000, -40.00000000000006395, -201.9999999999999716 ) ) ;
#30 = EDGE_CURVE ( 'NONE', #420, #502, #2850, .T. ) ;
#31 = CARTESIAN_POINT ( 'NONE',  ( -762.6702852943338939, 49.32469006723408711, -300.0000000000005116 ) ) ;
#32 = FILL_AREA_STYLE ('',( #2403 ) ) ;
#33 = SURFACE_STYLE_FILL_AREA ( #1114 ) ;
#34 = CARTESIAN_POINT ( 'NONE',  ( 1407.592458440302607, 211.0357146547810601, -278.0868954398433175 ) ) ;
#35 = PRESENTATION_STYLE_ASSIGNMENT (( #2454 ) ) ;
#36 = FACE_OUTER_BOUND ( 'NONE', #1584, .T. ) ;
#37 = CIRCLE ( 'NONE', #2523, 19.99999999999998934 ) ;
#38 = DIRECTION ( 'NONE',  ( -0.03385702433903033104, -0.9994266866073301392, 0.000000000000000000 ) ) ;
#39 = AXIS2_PLACEMENT_3D ( 'NONE', #1878, #2644, #2912 ) ;
#40 = DIRECTION ( 'NONE',  ( -0.03385702433903032410, 0.9994266866073300282, 0.000000000000000000 ) ) ;
#41 = CARTESIAN_POINT ( 'NONE',  ( 1112.780464152719105, 45.28671516736226721, -300.0000000000005116 ) ) ;
#42 = VERTEX_POINT ( 'NONE', #3079 ) ;
#43 = CARTESIAN_POINT ( 'NONE',  ( -274.0000000000000000, -130.0000000000000568, -201.9999999999999716 ) ) ;
#44 = AXIS2_PLACEMENT_3D ( 'NONE', #1086, #777, #2071 ) ;
#45 = FACE_OUTER_BOUND ( 'NONE', #764, .T. ) ;
#46 =( LENGTH_UNIT ( ) NAMED_UNIT ( * ) SI_UNIT ( .MILLI., .METRE. ) );
#47 = B_SPLINE_CURVE_WITH_KNOTS ( 'NONE', 3,
 ( #1088, #3188, #231, #3396 ),
 .UNSPECIFIED., .F., .F.,
 ( 4, 4 ),
 ( 0.000000000000000000, 0.02400102838201556218 ),
 .UNSPECIFIED. ) ;
#48 = CARTESIAN_POINT ( 'NONE',  ( 1417.469432336412865, -29.05297783948755708, -298.0000000000002842 ) ) ;
#49 = PRESENTATION_LAYER_ASSIGNMENT (  '', '', ( #673 ) ) ;
#50 = CIRCLE ( 'NONE', #2590, 19.99999999999998934 ) ;
#51 = CARTESIAN_POINT ( 'NONE',  ( 1422.383030237507228, 56.91975385908548191, -2.000000000000000000 ) ) ;
#52 = CARTESIAN_POINT ( 'NONE',  ( 250.0000000000000000, -200.0000000000000568, -62.00000000000000000 ) ) ;
#53 = UNCERTAINTY_MEASURE_WITH_UNIT (LENGTH_MEASURE( 1.000000000000000082E-05 ), #616, 'distance_accuracy_value', 'NONE');
#54 = LINE ( 'NONE', #848, #2736 ) ;
#55 = EDGE_CURVE ( 'NONE', #1719, #2804, #1398, .T. ) ;
#56 =( GEOMETRIC_REPRESENTATION_CONTEXT ( 3 ) GLOBAL_UNCERTAINTY_ASSIGNED_CONTEXT ( ( #1627 ) ) GLOBAL_UNIT_ASSIGNED_CONTEXT ( ( #753, #2295, #125 ) ) REPRESENTATION_CONTEXT ( 'NONE', 'WORKASPACE' ) );
#57 = CARTESIAN_POINT ( 'NONE',  ( -1417.469432336412865, -29.05297783948755708, -2.000000000000000000 ) ) ;
#58 = SURFACE_STYLE_FILL_AREA ( #834 ) ;
#59 = AXIS2_PLACEMENT_3D ( 'NONE', #2954, #2415, #3195 ) ;
#60 = ORIENTED_EDGE ( 'NONE', *, *, #1295, .F. ) ;
#61 = CARTESIAN_POINT ( 'NONE',  ( -1374.190817354238106, -15.33501353430897396, 0.000000000000000000 ) ) ;
#62 = DIRECTION ( 'NONE',  ( 0.000000000000000000, 0.000000000000000000, -1.000000000000000000 ) ) ;
#63 = FILL_AREA_STYLE ('',( #1941 ) ) ;
#64 = DIRECTION ( 'NONE',  ( 0.000000000000000000, 0.000000000000000000, 1.000000000000000000 ) ) ;
#65 = ORIENTED_EDGE ( 'NONE', *, *, #394, .T. ) ;
#66 =( LENGTH_UNIT ( ) NAMED_UNIT ( * ) SI_UNIT ( .MILLI., .METRE. ) );
#67 = CARTESIAN_POINT ( 'NONE',  ( -250.0000000000000568, 2.154387780484972925, -77.20746022191356417 ) ) ;
#68 = DIRECTION ( 'NONE',  ( 0.9994266866073301392, 0.03385702433903033104, 0.000000000000000000 ) ) ;
#69 = CARTESIAN_POINT ( 'NONE',  ( -1374.575388323024754, 8.889524434891239224, 7.686249599770135887 ) ) ;
#70 = VECTOR ( 'NONE', #1990, 999.9999999999998863 ) ;
#71 = COLOUR_RGB ( '',0.5882352941176470784, 0.5882352941176470784, 0.6313725490196078205 ) ;
#72 = ADVANCED_FACE ( 'NONE', ( #2314 ), #188, .T. ) ;
#73 = PRESENTATION_STYLE_ASSIGNMENT (( #2969 ) ) ;
#74 = CARTESIAN_POINT ( 'NONE',  ( 1427.130287920547062, 197.0542195794585609, -298.0000000000002842 ) ) ;
#75 = EDGE_CURVE ( 'NONE', #728, #3368, #904, .T. ) ;
#76 = ORIENTED_EDGE ( 'NONE', *, *, #1717, .T. ) ;
#77 = COLOUR_RGB ( '',0.5882352941176470784, 0.5882352941176470784, 0.6313725490196078205 ) ;
#78 = DIRECTION ( 'NONE',  ( 1.000000000000000000, -0.000000000000000000, -0.000000000000000000 ) ) ;
#79 = DIRECTION ( 'NONE',  ( 0.9994266866073301392, 0.03385702433902990083, -6.792596965932173301E-19 ) ) ;
#80 = FACE_OUTER_BOUND ( 'NONE', #782, .T. ) ;
#81 = VECTOR ( 'NONE', #1199, 1000.000000000000227 ) ;
#82 = DIRECTION ( 'NONE',  ( -0.03385702433902830488, 0.9994266866073302502, 0.000000000000000000 ) ) ;
#83 = EDGE_LOOP ( 'NONE', ( #1437, #3349, #2394, #2183, #1531, #1496 ) ) ;
#84 =( NAMED_UNIT ( * ) PLANE_ANGLE_UNIT ( ) SI_UNIT ( $, .RADIAN. ) );
#85 = UNCERTAINTY_MEASURE_WITH_UNIT (LENGTH_MEASURE( 1.000000000000000082E-05 ), #1999, 'distance_accuracy_value', 'NONE');
#86 = CARTESIAN_POINT ( 'NONE',  ( 1399.942894731714659, -14.77202422710703011, 0.4375693590136440769 ) ) ;
#87 = DIRECTION ( 'NONE',  ( -0.9994266866073301392, 0.03385702433903033104, 0.000000000000000000 ) ) ;
#88 =( NAMED_UNIT ( * ) PLANE_ANGLE_UNIT ( ) SI_UNIT ( $, .RADIAN. ) );
#89 = VECTOR ( 'NONE', #619, 1000.000000000000000 ) ;
#90 = ORIENTED_EDGE ( 'NONE', *, *, #202, .T. ) ;
#91 = EDGE_CURVE ( 'NONE', #910, #509, #2006, .T. ) ;
#92 = EDGE_CURVE ( 'NONE', #1265, #988, #1348, .T. ) ;
#93 = CARTESIAN_POINT ( 'NONE',  ( -1400.047993716088513, -11.66960362846258548, 0.000000000000000000 ) ) ;
#94 =( NAMED_UNIT ( * ) SI_UNIT ( $, .STERADIAN. ) SOLID_ANGLE_UNIT ( ) );
#95 = DIRECTION ( 'NONE',  ( 1.000000000000000000, -0.000000000000000000, -0.000000000000000000 ) ) ;
#96 = AXIS2_PLACEMENT_3D ( 'NONE', #1697, #305, #321 ) ;
#97 = SURFACE_SIDE_STYLE ('',( #2948 ) ) ;
#98 = AXIS2_PLACEMENT_3D ( 'NONE', #1163, #3265, #2172 ) ;
#99 = VERTEX_POINT ( 'NONE', #1171 ) ;
#100 = CARTESIAN_POINT ( 'NONE',  ( -1407.977744195793321, 222.4089783577894082, -300.0000000000002842 ) ) ;
#101 = FILL_AREA_STYLE_COLOUR ( '', #979 ) ;
#102 = PRESENTATION_LAYER_ASSIGNMENT (  '', '', ( #3204 ) ) ;
#103 = FILL_AREA_STYLE_COLOUR ( '', #796 ) ;
#104 =( GEOMETRIC_REPRESENTATION_CONTEXT ( 3 ) GLOBAL_UNCERTAINTY_ASSIGNED_CONTEXT ( ( #2201 ) ) GLOBAL_UNIT_ASSIGNED_CONTEXT ( ( #852, #836, #236 ) ) REPRESENTATION_CONTEXT ( 'NONE', 'WORKASPACE' ) );
#105 = CARTESIAN_POINT ( 'NONE',  ( -1419.535999758304797, -27.12183851495089826, -300.0000000000002842 ) ) ;
#106 = CARTESIAN_POINT ( 'NONE',  ( -1365.857280363919017, 41.31332949745601724, -300.0000000000000000 ) ) ;
#107 = STYLED_ITEM ( 'NONE', ( #1970 ), #2668 ) ;
#108 = SURFACE_SIDE_STYLE ('',( #2236 ) ) ;
#109 =( NAMED_UNIT ( * ) PLANE_ANGLE_UNIT ( ) SI_UNIT ( $, .RADIAN. ) );
#110 = EDGE_LOOP ( 'NONE', ( #2834, #3175, #1460, #1250, #3252, #3416 ) ) ;
#111 = ORIENTED_EDGE ( 'NONE', *, *, #515, .F. ) ;
#112 = FILL_AREA_STYLE ('',( #684 ) ) ;
#113 = CARTESIAN_POINT ( 'NONE',  ( -430.6370062929070173, -3.842466645202340381, 0.000000000000000000 ) ) ;
#114 = FACE_OUTER_BOUND ( 'NONE', #1178, .T. ) ;
#115 = VECTOR ( 'NONE', #1517, 1000.000000000000000 ) ;
#116 = DIRECTION ( 'NONE',  ( 0.9994266866073301392, -0.03385702433902990083, -0.000000000000000000 ) ) ;
#117 = CARTESIAN_POINT ( 'NONE',  ( 1427.572575863739758, -40.00000000000006395, -111.9999999999999858 ) ) ;
#118 = ORIENTED_EDGE ( 'NONE', *, *, #768, .T. ) ;
#119 = SURFACE_STYLE_FILL_AREA ( #2812 ) ;
#120 = CARTESIAN_POINT ( 'NONE',  ( -250.0000000000000568, 1.015656223723758744, -69.61729639015555904 ) ) ;
#121 = UNCERTAINTY_MEASURE_WITH_UNIT (LENGTH_MEASURE( 1.000000000000000082E-05 ), #1984, 'distance_accuracy_value', 'NONE');
#122 = CARTESIAN_POINT ( 'NONE',  ( 1366.278257726293077, 71.36209391664360169, -121.2922234629156861 ) ) ;
#123 = CARTESIAN_POINT ( 'NONE',  ( 250.0000000000000568, 15.03629721472090175, -145.0341220528651718 ) ) ;
#124 = CARTESIAN_POINT ( 'NONE',  ( -762.6702852943338939, 49.32469006642442366, -300.0000000000000000 ) ) ;
#125 =( NAMED_UNIT ( * ) SI_UNIT ( $, .STERADIAN. ) SOLID_ANGLE_UNIT ( ) );
#126 = DIRECTION ( 'NONE',  ( 0.9994266866073301392, 0.03385702433902990777, -0.000000000000000000 ) ) ;
#127 = SURFACE_STYLE_USAGE ( .BOTH. , #604 ) ;
#128 = MECHANICAL_DESIGN_GEOMETRIC_PRESENTATION_REPRESENTATION (  '', ( #2285 ), #2501 ) ;
#129 = ORIENTED_EDGE ( 'NONE', *, *, #455, .F. ) ;
#130 = CIRCLE ( 'NONE', #2936, 19.99999999999998934 ) ;
#131 = AXIS2_PLACEMENT_3D ( 'NONE', #1049, #12, #2591 ) ;
#132 = ORIENTED_EDGE ( 'NONE', *, *, #1596, .F. ) ;
#133 = SURFACE_STYLE_FILL_AREA ( #112 ) ;
#134 = ORIENTED_EDGE ( 'NONE', *, *, #1783, .F. ) ;
#135 = CARTESIAN_POINT ( 'NONE',  ( -1390.587036249947914, 40.66480670114027873, -300.0000000000005116 ) ) ;
#136 = CARTESIAN_POINT ( 'NONE',  ( 1399.547466026158190, -26.44469802817034321, 0.000000000000000000 ) ) ;
#137 = FILL_AREA_STYLE_COLOUR ( '', #1661 ) ;
#138 =( GEOMETRIC_REPRESENTATION_CONTEXT ( 3 ) GLOBAL_UNCERTAINTY_ASSIGNED_CONTEXT ( ( #1410 ) ) GLOBAL_UNIT_ASSIGNED_CONTEXT ( ( #5, #2414, #3176 ) ) REPRESENTATION_CONTEXT ( 'NONE', 'WORKASPACE' ) );
#139 = EDGE_CURVE ( 'NONE', #1532, #254, #2781, .T. ) ;
#140 = ORIENTED_EDGE ( 'NONE', *, *, #2815, .F. ) ;
#141 = CIRCLE ( 'NONE', #1256, 14.99999999999999822 ) ;
#142 = SURFACE_SIDE_STYLE ('',( #119 ) ) ;
#143 = DIRECTION ( 'NONE',  ( 0.9994266866073300282, 0.03385702433902990083, 0.000000000000000000 ) ) ;
#144 = ADVANCED_FACE ( 'NONE', ( #1819, #2686 ), #450, .T. ) ;
#145 = SURFACE_SIDE_STYLE ('',( #2512 ) ) ;
#146 = EDGE_CURVE ( 'NONE', #1568, #1664, #548, .T. ) ;
#147 =( LENGTH_UNIT ( ) NAMED_UNIT ( * ) SI_UNIT ( .MILLI., .METRE. ) );
#148 = PRESENTATION_STYLE_ASSIGNMENT (( #2514 ) ) ;
#149 = ORIENTED_EDGE ( 'NONE', *, *, #2227, .F. ) ;
#150 = ORIENTED_EDGE ( 'NONE', *, *, #2921, .F. ) ;
#151 = CARTESIAN_POINT ( 'NONE',  ( 274.0000000000000000, 38.28430035335733805, -242.0000000000000284 ) ) ;
#152 = STYLED_ITEM ( 'NONE', ( #35 ), #2870 ) ;
#153 = CARTESIAN_POINT ( 'NONE',  ( 0.000000000000000000, -8.929352197982133532, -64.65931874366233956 ) ) ;
#154 = CARTESIAN_POINT ( 'NONE',  ( 1427.572575863739758, -130.0000000000000568, -111.9999999999999716 ) ) ;
#155 = DIRECTION ( 'NONE',  ( 1.000000000000000000, -0.000000000000000000, -0.000000000000000000 ) ) ;
#156 = CYLINDRICAL_SURFACE ( 'NONE', #725, 19.99999999999998934 ) ;
#157 =( LENGTH_UNIT ( ) NAMED_UNIT ( * ) SI_UNIT ( .MILLI., .METRE. ) );
#158 = PRESENTATION_LAYER_ASSIGNMENT (  '', '', ( #1328 ) ) ;
#159 = LINE ( 'NONE', #192, #2623 ) ;
#160 = SURFACE_SIDE_STYLE ('',( #2267 ) ) ;
#161 = SURFACE_STYLE_USAGE ( .BOTH. , #2256 ) ;
#162 = DIRECTION ( 'NONE',  ( 0.000000000000000000, 0.000000000000000000, -1.000000000000000000 ) ) ;
#163 = ORIENTED_EDGE ( 'NONE', *, *, #2629, .T. ) ;
#164 = AXIS2_PLACEMENT_3D ( 'NONE', #786, #572, #2865 ) ;
#165 = MECHANICAL_DESIGN_GEOMETRIC_PRESENTATION_REPRESENTATION (  '', ( #1938 ), #675 ) ;
#166 = ORIENTED_EDGE ( 'NONE', *, *, #2160, .F. ) ;
#167 = ORIENTED_EDGE ( 'NONE', *, *, #2402, .T. ) ;
#168 = EDGE_LOOP ( 'NONE', ( #1268, #2681, #2617, #2803 ) ) ;
#169 = FILL_AREA_STYLE_COLOUR ( '', #1744 ) ;
#170 = LINE ( 'NONE', #1554, #3245 ) ;
#171 = CARTESIAN_POINT ( 'NONE',  ( -1420.632599895539215, 64.32067606302230445, -0.9217472746875736700 ) ) ;
#172 = DIRECTION ( 'NONE',  ( 0.03385702433903176739, -0.9994266866073300282, 0.000000000000000000 ) ) ;
#173 = CARTESIAN_POINT ( 'NONE',  ( 1112.670383432247945, 13.08015762195294407, 7.686249599770135887 ) ) ;
#174 = DIRECTION ( 'NONE',  ( -1.000000000000000000, 0.000000000000000000, 0.000000000000000000 ) ) ;
#175 = FILL_AREA_STYLE_COLOUR ( '', #2362 ) ;
#176 = FACE_OUTER_BOUND ( 'NONE', #2208, .T. ) ;
#177 = EDGE_LOOP ( 'NONE', ( #454, #1, #1062, #890 ) ) ;
#178 = EDGE_CURVE ( 'NONE', #556, #3350, #1674, .T. ) ;
#179 = EDGE_CURVE ( 'NONE', #1264, #542, #1607, .T. ) ;
#180 = VERTEX_POINT ( 'NONE', #2643 ) ;
#181 = ORIENTED_EDGE ( 'NONE', *, *, #832, .F. ) ;
#182 = AXIS2_PLACEMENT_3D ( 'NONE', #2263, #1739, #383 ) ;
#183 = CARTESIAN_POINT ( 'NONE',  ( -1333.069735989853143, -14.42965073980515633, 0.000000000000000000 ) ) ;
#184 = VECTOR ( 'NONE', #303, 1000.000000000000114 ) ;
#185 = CARTESIAN_POINT ( 'NONE',  ( -1395.396815225207320, -15.95784810105340590, 0.000000000000000000 ) ) ;
#186 = MECHANICAL_DESIGN_GEOMETRIC_PRESENTATION_REPRESENTATION (  '', ( #464 ), #3169 ) ;
#187 = DIRECTION ( 'NONE',  ( 0.000000000000000000, -0.000000000000000000, 1.000000000000000000 ) ) ;
#188 = CYLINDRICAL_SURFACE ( 'NONE', #59, 15.00000000000000355 ) ;
#189 = LINE ( 'NONE', #3084, #1152 ) ;
#190 = STYLED_ITEM ( 'NONE', ( #3067 ), #1595 ) ;
#191 = CARTESIAN_POINT ( 'NONE',  ( -1427.130287920546152, 197.0542195794585894, -285.0000000000002274 ) ) ;
#192 = CARTESIAN_POINT ( 'NONE',  ( 1427.572575863739758, -40.00000000000006395, -221.9999999999999716 ) ) ;
#193 = CIRCLE ( 'NONE', #1588, 2.000000000000003109 ) ;
#194 = CARTESIAN_POINT ( 'NONE',  ( -274.0000000000000000, -200.0000000000000568, -242.0000000000000000 ) ) ;
#195 = AXIS2_PLACEMENT_3D ( 'NONE', #1409, #1898, #1688 ) ;
#196 =( NAMED_UNIT ( * ) PLANE_ANGLE_UNIT ( ) SI_UNIT ( $, .RADIAN. ) );
#197 = VERTEX_POINT ( 'NONE', #773 ) ;
#198 = EDGE_LOOP ( 'NONE', ( #1420, #1165, #239, #235, #1493 ) ) ;
#199 = PRESENTATION_STYLE_ASSIGNMENT (( #1550 ) ) ;
#200 =( NAMED_UNIT ( * ) SI_UNIT ( $, .STERADIAN. ) SOLID_ANGLE_UNIT ( ) );
#201 = EDGE_CURVE ( 'NONE', #3400, #1847, #1832, .T. ) ;
#202 = EDGE_CURVE ( 'NONE', #2084, #2845, #518, .T. ) ;
#203 = SURFACE_STYLE_FILL_AREA ( #2318 ) ;
#204 = DIRECTION ( 'NONE',  ( 0.01560380995676538367, -0.4606094123151690534, 0.8874657685801226048 ) ) ;
#205 = AXIS2_PLACEMENT_3D ( 'NONE', #213, #3380, #2074 ) ;
#206 = CARTESIAN_POINT ( 'NONE',  ( 1389.355862670537363, -15.75622991521554184, 0.000000000000000000 ) ) ;
#207 = DIRECTION ( 'NONE',  ( -0.9994266866073301392, 0.03385702433902990083, 0.000000000000000000 ) ) ;
#208 =( GEOMETRIC_REPRESENTATION_CONTEXT ( 3 ) GLOBAL_UNCERTAINTY_ASSIGNED_CONTEXT ( ( #2873 ) ) GLOBAL_UNIT_ASSIGNED_CONTEXT ( ( #1724, #1998, #2212 ) ) REPRESENTATION_CONTEXT ( 'NONE', 'WORKASPACE' ) );
#209 = DIRECTION ( 'NONE',  ( 0.9994266866073300282, 0.03385702433903032410, 0.000000000000000000 ) ) ;
#210 =( GEOMETRIC_REPRESENTATION_CONTEXT ( 3 ) GLOBAL_UNCERTAINTY_ASSIGNED_CONTEXT ( ( #584 ) ) GLOBAL_UNIT_ASSIGNED_CONTEXT ( ( #147, #1016, #1490 ) ) REPRESENTATION_CONTEXT ( 'NONE', 'WORKASPACE' ) );
#211 = FACE_OUTER_BOUND ( 'NONE', #1672, .T. ) ;
#212 = PRESENTATION_STYLE_ASSIGNMENT (( #1542 ) ) ;
#213 = CARTESIAN_POINT ( 'NONE',  ( -1425.131434547332219, 197.1219336281366168, -285.0000000000002274 ) ) ;
#214 =( LENGTH_UNIT ( ) NAMED_UNIT ( * ) SI_UNIT ( .MILLI., .METRE. ) );
#215 = EDGE_LOOP ( 'NONE', ( #3149, #21, #166, #392 ) ) ;
#216 = COLOUR_RGB ( '',0.5882352941176470784, 0.5882352941176470784, 0.6313725490196078205 ) ;
#217 = ORIENTED_EDGE ( 'NONE', *, *, #1380, .F. ) ;
#218 = CIRCLE ( 'NONE', #2162, 19.99999999999998934 ) ;
#219 = ORIENTED_EDGE ( 'NONE', *, *, #1379, .F. ) ;
#220 = CIRCLE ( 'NONE', #3313, 2.000000000000043521 ) ;
#221 =( LENGTH_UNIT ( ) NAMED_UNIT ( * ) SI_UNIT ( .MILLI., .METRE. ) );
#222 = COLOUR_RGB ( '',0.5882352941176470784, 0.5882352941176470784, 0.6313725490196078205 ) ;
#223 = SURFACE_SIDE_STYLE ('',( #507 ) ) ;
#224 = TOROIDAL_SURFACE ( 'NONE', #2480, 13.00000000000000000, 2.000000000000000000 ) ;
#225 = EDGE_CURVE ( 'NONE', #3423, #969, #1877, .T. ) ;
#226 = DIRECTION ( 'NONE',  ( 0.000000000000000000, 0.000000000000000000, 1.000000000000000000 ) ) ;
#227 = PLANE ( 'NONE',  #2396 ) ;
#228 = DIRECTION ( 'NONE',  ( 1.000000000000000000, -0.000000000000000000, -0.000000000000000000 ) ) ;
#229 = DIRECTION ( 'NONE',  ( -0.9994266866073301392, 0.03385702433903033104, 0.000000000000000000 ) ) ;
#230 = CARTESIAN_POINT ( 'NONE',  ( 1402.845200757263001, 70.90124893440800236, -8.086895439843194922 ) ) ;
#231 = CARTESIAN_POINT ( 'NONE',  ( -258.0418217857225045, -0.05001907689752572300, -62.00000000000000000 ) ) ;
#232 = VERTEX_POINT ( 'NONE', #577 ) ;
#233 = VERTEX_POINT ( 'NONE', #1125 ) ;
#234 = CARTESIAN_POINT ( 'NONE',  ( 1427.572575863739758, -40.00000000000006395, -201.9999999999999716 ) ) ;
#235 = ORIENTED_EDGE ( 'NONE', *, *, #1397, .T. ) ;
#236 =( NAMED_UNIT ( * ) SI_UNIT ( $, .STERADIAN. ) SOLID_ANGLE_UNIT ( ) );
#237 = CARTESIAN_POINT ( 'NONE',  ( 1419.535999758305479, -27.12183851495095865, -2.000000000000000000 ) ) ;
#238 =( LENGTH_UNIT ( ) NAMED_UNIT ( * ) SI_UNIT ( .MILLI., .METRE. ) );
#239 = ORIENTED_EDGE ( 'NONE', *, *, #2685, .T. ) ;
#240 = CYLINDRICAL_SURFACE ( 'NONE', #3302, 19.99999999999998934 ) ;
#241 =( NAMED_UNIT ( * ) PLANE_ANGLE_UNIT ( ) SI_UNIT ( $, .RADIAN. ) );
#242 = AXIS2_PLACEMENT_3D ( 'NONE', #735, #187, #3025 ) ;
#243 = CARTESIAN_POINT ( 'NONE',  ( 1364.941638232111018, -24.04390144167820864, -64.65931874366233956 ) ) ;
#244 = PRESENTATION_STYLE_ASSIGNMENT (( #489 ) ) ;
#245 = COLOUR_RGB ( '',0.5882352941176470784, 0.5882352941176470784, 0.6313725490196078205 ) ;
#246 = FACE_BOUND ( 'NONE', #3317, .T. ) ;
#247 = EDGE_CURVE ( 'NONE', #800, #1078, #2926, .T. ) ;
#248 = PLANE ( 'NONE',  #98 ) ;
#249 = FACE_OUTER_BOUND ( 'NONE', #2939, .T. ) ;
#250 = EDGE_CURVE ( 'NONE', #800, #1972, #610, .T. ) ;
#251 = EDGE_CURVE ( 'NONE', #384, #2364, #396, .T. ) ;
#252 = COLOUR_RGB ( '',0.5882352941176470784, 0.5882352941176470784, 0.6313725490196078205 ) ;
#253 = CARTESIAN_POINT ( 'NONE',  ( -0.0009999999999732445133, -130.0000000000000568, -131.9999999999999432 ) ) ;
#254 = VERTEX_POINT ( 'NONE', #2422 ) ;
#255 = ORIENTED_EDGE ( 'NONE', *, *, #1905, .F. ) ;
#256 = DIRECTION ( 'NONE',  ( 0.000000000000000000, -0.8875738279011283760, -0.4606654968900297242 ) ) ;
#257 = CARTESIAN_POINT ( 'NONE',  ( -762.6378929968610692, 17.11792945156425105, 7.686249599770135887 ) ) ;
#258 = SURFACE_STYLE_FILL_AREA ( #1583 ) ;
#259 = ORIENTED_EDGE ( 'NONE', *, *, #1440, .F. ) ;
#260 = DIRECTION ( 'NONE',  ( 0.03385702433903032410, -0.9994266866073300282, -0.000000000000000000 ) ) ;
#261 = CARTESIAN_POINT ( 'NONE',  ( 1395.396815225207320, -15.95784810105340590, 0.000000000000000000 ) ) ;
#262 = STYLED_ITEM ( 'NONE', ( #3413 ), #2708 ) ;
#263 = PRESENTATION_LAYER_ASSIGNMENT (  '', '', ( #2844 ) ) ;
#264 = DIRECTION ( 'NONE',  ( 0.000000000000000000, 0.000000000000000000, -1.000000000000000000 ) ) ;
#265 = UNCERTAINTY_MEASURE_WITH_UNIT (LENGTH_MEASURE( 1.000000000000000082E-05 ), #2242, 'distance_accuracy_value', 'NONE');
#266 = COLOUR_RGB ( '',0.5882352941176470784, 0.5882352941176470784, 0.6313725490196078205 ) ;
#267 = LINE ( 'NONE', #3107, #3355 ) ;
#268 = CARTESIAN_POINT ( 'NONE',  ( 250.0000000000000000, -200.0000000000000568, -62.00000000000000000 ) ) ;
#269 = CIRCLE ( 'NONE', #2847, 2.000000000000043521 ) ;
#270 = ORIENTED_EDGE ( 'NONE', *, *, #2404, .F. ) ;
#271 = ADVANCED_FACE ( 'NONE', ( #45 ), #625, .T. ) ;
#272 = ADVANCED_FACE ( 'NONE', ( #361, #2703 ), #2604, .T. ) ;
#273 = STYLED_ITEM ( 'NONE', ( #1650 ), #880 ) ;
#274 =( NAMED_UNIT ( * ) SI_UNIT ( $, .STERADIAN. ) SOLID_ANGLE_UNIT ( ) );
#275 = EDGE_LOOP ( 'NONE', ( #2348, #1822, #1804, #1862 ) ) ;
#276 = SURFACE_STYLE_FILL_AREA ( #1844 ) ;
#277 = CARTESIAN_POINT ( 'NONE',  ( -1366.278257726293077, 71.36209391664360169, -121.2922234629156861 ) ) ;
#278 = CARTESIAN_POINT ( 'NONE',  ( 1333.605930245424133, 42.00227540097162660, -300.0000000000005116 ) ) ;
#279 = ORIENTED_EDGE ( 'NONE', *, *, #2894, .F. ) ;
#280 = CARTESIAN_POINT ( 'NONE',  ( -762.6702852943338939, 49.32469006723408711, -300.0000000000005116 ) ) ;
#281 =( GEOMETRIC_REPRESENTATION_CONTEXT ( 3 ) GLOBAL_UNCERTAINTY_ASSIGNED_CONTEXT ( ( #3271 ) ) GLOBAL_UNIT_ASSIGNED_CONTEXT ( ( #2376, #1677, #2430 ) ) REPRESENTATION_CONTEXT ( 'NONE', 'WORKASPACE' ) );
#282 = CARTESIAN_POINT ( 'NONE',  ( -0.0009999999999732445133, -130.0000000000000568, -111.9999999999999716 ) ) ;
#283 = CARTESIAN_POINT ( 'NONE',  ( 0.000000000000000000, 0.000000000000000000, 0.000000000000000000 ) ) ;
#284 = CARTESIAN_POINT ( 'NONE',  ( -250.0000000000000000, -200.0000000000000568, -62.00000000000000000 ) ) ;
#285 =( LENGTH_UNIT ( ) NAMED_UNIT ( * ) SI_UNIT ( .MILLI., .METRE. ) );
#286 =( GEOMETRIC_REPRESENTATION_CONTEXT ( 3 ) GLOBAL_UNCERTAINTY_ASSIGNED_CONTEXT ( ( #1593 ) ) GLOBAL_UNIT_ASSIGNED_CONTEXT ( ( #3102, #468, #1556 ) ) REPRESENTATION_CONTEXT ( 'NONE', 'WORKASPACE' ) );
#287 = CARTESIAN_POINT ( 'NONE',  ( 250.0000000000000000, -200.0000000000000568, -62.00000000000000000 ) ) ;
#288 = ORIENTED_EDGE ( 'NONE', *, *, #2612, .F. ) ;
#289 = FILL_AREA_STYLE ('',( #3402 ) ) ;
#290 = EDGE_CURVE ( 'NONE', #1466, #2313, #1510, .T. ) ;
#291 = CARTESIAN_POINT ( 'NONE',  ( -1306.264016081572208, 72.54667896440690811, -121.2922234629156861 ) ) ;
#292 =( LENGTH_UNIT ( ) NAMED_UNIT ( * ) SI_UNIT ( .MILLI., .METRE. ) );
#293 = ADVANCED_FACE ( 'NONE', ( #2550 ), #3261, .T. ) ;
#294 = SURFACE_STYLE_FILL_AREA ( #327 ) ;
#295 = FILL_AREA_STYLE ('',( #1066 ) ) ;
#296 = DIRECTION ( 'NONE',  ( -0.9994266866073302502, 0.03385702433902830488, 0.000000000000000000 ) ) ;
#297 = STYLED_ITEM ( 'NONE', ( #2027 ), #975 ) ;
#298 =( NAMED_UNIT ( * ) SI_UNIT ( $, .STERADIAN. ) SOLID_ANGLE_UNIT ( ) );
#299 = AXIS2_PLACEMENT_3D ( 'NONE', #1766, #2007, #2784 ) ;
#300 = DIRECTION ( 'NONE',  ( -0.9994266866073300282, -0.03385702433903032410, -0.000000000000000000 ) ) ;
#301 = UNCERTAINTY_MEASURE_WITH_UNIT (LENGTH_MEASURE( 1.000000000000000082E-05 ), #1032, 'distance_accuracy_value', 'NONE');
#302 = SURFACE_STYLE_FILL_AREA ( #2661 ) ;
#303 = DIRECTION ( 'NONE',  ( 0.03385702433902946368, 0.9994266866073301392, -0.000000000000000000 ) ) ;
#304 = AXIS2_PLACEMENT_3D ( 'NONE', #1708, #68, #1430 ) ;
#305 = DIRECTION ( 'NONE',  ( -2.936628747379126722E-17, -8.668644678877276328E-16, 1.000000000000000000 ) ) ;
#306 = COLOUR_RGB ( '',0.5882352941176470784, 0.5882352941176470784, 0.6313725490196078205 ) ;
#307 = CYLINDRICAL_SURFACE ( 'NONE', #2109, 1.999999999999996891 ) ;
#308 = PRESENTATION_LAYER_ASSIGNMENT (  '', '', ( #2513 ) ) ;
#309 = CARTESIAN_POINT ( 'NONE',  ( 1400.946338159977131, 14.84865745667748094, -7.160110383080455776 ) ) ;
#310 = ORIENTED_EDGE ( 'NONE', *, *, #1156, .F. ) ;
#311 = COLOUR_RGB ( '',0.5882352941176470784, 0.5882352941176470784, 0.6313725490196078205 ) ;
#312 =( NAMED_UNIT ( * ) PLANE_ANGLE_UNIT ( ) SI_UNIT ( $, .RADIAN. ) );
#313 = CARTESIAN_POINT ( 'NONE',  ( 250.0000000000000000, -40.00000000000006395, -111.9999999999999858 ) ) ;
#314 = DIRECTION ( 'NONE',  ( -0.03385702433903089309, 0.9994266866073300282, 0.000000000000000000 ) ) ;
#315 = SURFACE_STYLE_USAGE ( .BOTH. , #1639 ) ;
#316 = CARTESIAN_POINT ( 'NONE',  ( -1420.384176864292385, 56.98746790776357329, 0.000000000000000000 ) ) ;
#317 = CARTESIAN_POINT ( 'NONE',  ( -250.0000000000000000, 38.50646644706220911, -242.0000000000000000 ) ) ;
#318 = PLANE ( 'NONE',  #1208 ) ;
#319 = CARTESIAN_POINT ( 'NONE',  ( 1399.479751977480191, -28.44355140138499394, 0.000000000000000000 ) ) ;
#320 = VERTEX_POINT ( 'NONE', #2244 ) ;
#321 = DIRECTION ( 'NONE',  ( 0.9994266866073311384, -0.03385702433900057706, 0.000000000000000000 ) ) ;
#322 = CIRCLE ( 'NONE', #1767, 2.000000000000043521 ) ;
#323 =( NAMED_UNIT ( * ) PLANE_ANGLE_UNIT ( ) SI_UNIT ( $, .RADIAN. ) );
#324 = VECTOR ( 'NONE', #391, 1000.000000000000227 ) ;
#325 = CIRCLE ( 'NONE', #430, 2.000000000000001776 ) ;
#326 = ORIENTED_EDGE ( 'NONE', *, *, #3184, .F. ) ;
#327 = FILL_AREA_STYLE ('',( #2461 ) ) ;
#328 = CARTESIAN_POINT ( 'NONE',  ( 0.000000000000000000, -200.0000000000000568, 0.000000000000000000 ) ) ;
#329 = CYLINDRICAL_SURFACE ( 'NONE', #2958, 1.999999999999996891 ) ;
#330 = AXIS2_PLACEMENT_3D ( 'NONE', #1039, #1545, #1870 ) ;
#331 = EDGE_CURVE ( 'NONE', #99, #2008, #3142, .T. ) ;
#332 = ORIENTED_EDGE ( 'NONE', *, *, #290, .T. ) ;
#333 = COLOUR_RGB ( '',0.5882352941176470784, 0.5882352941176470784, 0.6313725490196078205 ) ;
#334 = PRESENTATION_STYLE_ASSIGNMENT (( #2744 ) ) ;
#335 = UNCERTAINTY_MEASURE_WITH_UNIT (LENGTH_MEASURE( 1.000000000000000082E-05 ), #157, 'distance_accuracy_value', 'NONE');
#336 = DIRECTION ( 'NONE',  ( -0.03385702433903032410, -0.9994266866073300282, 0.000000000000000000 ) ) ;
#337 = DIRECTION ( 'NONE',  ( 0.9994266866073301392, 0.03385702433902990083, 0.000000000000000000 ) ) ;
#338 = ADVANCED_FACE ( 'NONE', ( #3024 ), #526, .T. ) ;
#339 = PRESENTATION_STYLE_ASSIGNMENT (( #127 ) ) ;
#340 = VECTOR ( 'NONE', #2857, 1000.000000000000000 ) ;
#341 = ORIENTED_EDGE ( 'NONE', *, *, #3377, .T. ) ;
#342 = SURFACE_SIDE_STYLE ('',( #294 ) ) ;
#343 = FILL_AREA_STYLE_COLOUR ( '', #2110 ) ;
#344 =( LENGTH_UNIT ( ) NAMED_UNIT ( * ) SI_UNIT ( .MILLI., .METRE. ) );
#345 = CARTESIAN_POINT ( 'NONE',  ( -1417.469432336412865, -29.05297783948755352, 0.000000000000000000 ) ) ;
#346 = ORIENTED_EDGE ( 'NONE', *, *, #2960, .T. ) ;
#347 = LINE ( 'NONE', #2452, #1907 ) ;
#348 = DIRECTION ( 'NONE',  ( 0.000000000000000000, 0.000000000000000000, 1.000000000000000000 ) ) ;
#349 = CARTESIAN_POINT ( 'NONE',  ( 250.0000000000000000, -200.0000000000000568, -62.00000000000000000 ) ) ;
#350 = CARTESIAN_POINT ( 'NONE',  ( 1422.383030237507228, 56.91975385908549612, -15.00000000000000000 ) ) ;
#351 = COLOUR_RGB ( '',1.000000000000000000, 1.000000000000000000, 1.000000000000000000 ) ;
#352 = MECHANICAL_DESIGN_GEOMETRIC_PRESENTATION_REPRESENTATION (  '', ( #530 ), #968 ) ;
#353 = EDGE_CURVE ( 'NONE', #969, #790, #50, .T. ) ;
#354 = ADVANCED_FACE ( 'NONE', ( #2043 ), #2316, .F. ) ;
#355 = ADVANCED_FACE ( 'NONE', ( #3154 ), #3117, .T. ) ;
#356 =( GEOMETRIC_REPRESENTATION_CONTEXT ( 3 ) GLOBAL_UNCERTAINTY_ASSIGNED_CONTEXT ( ( #121 ) ) GLOBAL_UNIT_ASSIGNED_CONTEXT ( ( #1984, #473, #1488 ) ) REPRESENTATION_CONTEXT ( 'NONE', 'WORKASPACE' ) );
#357 = LINE ( 'NONE', #2698, #3255 ) ;
#358 =( GEOMETRIC_REPRESENTATION_CONTEXT ( 3 ) GLOBAL_UNCERTAINTY_ASSIGNED_CONTEXT ( ( #2707 ) ) GLOBAL_UNIT_ASSIGNED_CONTEXT ( ( #221, #2866, #2603 ) ) REPRESENTATION_CONTEXT ( 'NONE', 'WORKASPACE' ) );
#359 = VERTEX_POINT ( 'NONE', #3015 ) ;
#360 = CARTESIAN_POINT ( 'NONE',  ( -1396.847528854142411, 40.45947280101260901, -300.0000000000005116 ) ) ;
#361 = FACE_OUTER_BOUND ( 'NONE', #379, .T. ) ;
#362 = CARTESIAN_POINT ( 'NONE',  ( -250.0000000000000000, -130.0000000000000568, -131.9999999999999432 ) ) ;
#363 = DIRECTION ( 'NONE',  ( -0.000000000000000000, 0.000000000000000000, 1.000000000000000000 ) ) ;
#364 = FILL_AREA_STYLE_COLOUR ( '', #2909 ) ;
#365 = ORIENTED_EDGE ( 'NONE', *, *, #3246, .F. ) ;
#366 = CARTESIAN_POINT ( 'NONE',  ( 1399.479751977480191, -28.44355140138499394, 0.000000000000000000 ) ) ;
#367 = FACE_BOUND ( 'NONE', #696, .T. ) ;
#368 = UNCERTAINTY_MEASURE_WITH_UNIT (LENGTH_MEASURE( 1.000000000000000082E-05 ), #2107, 'distance_accuracy_value', 'NONE');
#369 = CARTESIAN_POINT ( 'NONE',  ( 1204.959238776756138, 74.13609538662785781, -121.2922234629156861 ) ) ;
#370 = CARTESIAN_POINT ( 'NONE',  ( -274.0000000000000000, -40.00000000000006395, -131.9999999999999716 ) ) ;
#371 = CARTESIAN_POINT ( 'NONE',  ( -430.6677981570300062, 52.59171494700970584, -300.0000000000000000 ) ) ;
#372 = FACE_OUTER_BOUND ( 'NONE', #2276, .T. ) ;
#373 =( NAMED_UNIT ( * ) SI_UNIT ( $, .STERADIAN. ) SOLID_ANGLE_UNIT ( ) );
#374 = FILL_AREA_STYLE ('',( #868 ) ) ;
#375 = ORIENTED_EDGE ( 'NONE', *, *, #2772, .T. ) ;
#376 = EDGE_CURVE ( 'NONE', #698, #3097, #2166, .T. ) ;
#377 = AXIS2_PLACEMENT_3D ( 'NONE', #532, #228, #2555 ) ;
#378 =( GEOMETRIC_REPRESENTATION_CONTEXT ( 3 ) GLOBAL_UNCERTAINTY_ASSIGNED_CONTEXT ( ( #2917 ) ) GLOBAL_UNIT_ASSIGNED_CONTEXT ( ( #519, #1314, #1053 ) ) REPRESENTATION_CONTEXT ( 'NONE', 'WORKASPACE' ) );
#379 = EDGE_LOOP ( 'NONE', ( #669, #697, #443, #1875 ) ) ;
#380 = CARTESIAN_POINT ( 'NONE',  ( -0.0009999999999732445133, -40.00000000000006395, -111.9999999999999858 ) ) ;
#381 = CIRCLE ( 'NONE', #833, 2.000000000000043521 ) ;
#382 = CARTESIAN_POINT ( 'NONE',  ( -1389.161059184076066, -24.68349637802610630, -64.65931874366233956 ) ) ;
#383 = DIRECTION ( 'NONE',  ( 0.000000000000000000, -0.4610818211056540994, 0.8873576247747543277 ) ) ;
#384 = VERTEX_POINT ( 'NONE', #678 ) ;
#385 =( NAMED_UNIT ( * ) SI_UNIT ( $, .STERADIAN. ) SOLID_ANGLE_UNIT ( ) );
#386 = MECHANICAL_DESIGN_GEOMETRIC_PRESENTATION_REPRESENTATION (  '', ( #3204 ), #840 ) ;
#387 = CARTESIAN_POINT ( 'NONE',  ( 1333.891458036655649, 72.05273389069257917, -121.2922234629156861 ) ) ;
#388 = AXIS2_PLACEMENT_3D ( 'NONE', #2994, #3296, #943 ) ;
#389 = CARTESIAN_POINT ( 'NONE',  ( 1425.522044898981676, 208.6523742715396281, -279.0086427145310495 ) ) ;
#390 = PRESENTATION_LAYER_ASSIGNMENT (  '', '', ( #107 ) ) ;
#391 = DIRECTION ( 'NONE',  ( -0.03385702433903032410, -0.9994266866073300282, 0.000000000000000000 ) ) ;
#392 = ORIENTED_EDGE ( 'NONE', *, *, #1919, .F. ) ;
#394 = EDGE_CURVE ( 'NONE', #2601, #1336, #1283, .T. ) ;
#393 = EDGE_LOOP ( 'NONE', ( #2346, #3295, #1571, #747 ) ) ;
#395 = CARTESIAN_POINT ( 'NONE',  ( -1332.984896199085142, -23.35864020690935661, -64.65931874366233956 ) ) ;
#396 = CIRCLE ( 'NONE', #3150, 14.99999999999999822 ) ;
#397 = DIRECTION ( 'NONE',  ( 0.000000000000000000, 0.000000000000000000, -1.000000000000000000 ) ) ;
#398 = ORIENTED_EDGE ( 'NONE', *, *, #3111, .T. ) ;
#399 = LINE ( 'NONE', #1467, #1754 ) ;
#400 = UNCERTAINTY_MEASURE_WITH_UNIT (LENGTH_MEASURE( 1.000000000000000082E-05 ), #2988, 'distance_accuracy_value', 'NONE');
#401 = CARTESIAN_POINT ( 'NONE',  ( 1306.264016081572208, 72.54667896440690811, -121.2922234629156861 ) ) ;
#402 = SURFACE_STYLE_FILL_AREA ( #742 ) ;
#403 = CARTESIAN_POINT ( 'NONE',  ( 0.000000000000000000, 56.43421862917187326, -300.0000000000002842 ) ) ;
#404 = FACE_OUTER_BOUND ( 'NONE', #2118, .T. ) ;
#405 = CARTESIAN_POINT ( 'NONE',  ( 1427.580992172449442, 210.3585741680005015, -278.0868954398434880 ) ) ;
#406 = ORIENTED_EDGE ( 'NONE', *, *, #2589, .T. ) ;
#407 = VECTOR ( 'NONE', #1315, 1000.000000000000000 ) ;
#408 = STYLED_ITEM ( 'NONE', ( #578 ), #909 ) ;
#409 = EDGE_LOOP ( 'NONE', ( #2956, #1406, #140, #1281 ) ) ;
#410 = CARTESIAN_POINT ( 'NONE',  ( 1422.833734489409835, 70.22410844762741533, -8.086895439843193145 ) ) ;
#411 = CARTESIAN_POINT ( 'NONE',  ( -1305.500695114692007, -22.86558727930378510, -64.65931874366233956 ) ) ;
#412 = PRESENTATION_LAYER_ASSIGNMENT (  '', '', ( #2235 ) ) ;
#413 = DIRECTION ( 'NONE',  ( -1.000000000000000000, -0.000000000000000000, -0.000000000000000000 ) ) ;
#414 = ADVANCED_FACE ( 'NONE', ( #820 ), #637, .T. ) ;
#415 = DIRECTION ( 'NONE',  ( -1.000000000000000000, -0.000000000000000000, -0.000000000000000000 ) ) ;
#416 = CARTESIAN_POINT ( 'NONE',  ( 0.000000000000000000, -8.929352197982133532, -64.65931874366233956 ) ) ;
#417 = DIRECTION ( 'NONE',  ( -0.000000000000000000, 0.000000000000000000, 1.000000000000000000 ) ) ;
#418 = CARTESIAN_POINT ( 'NONE',  ( 1420.834881116195447, 70.29182249630545698, -8.086895439843193145 ) ) ;
#419 = EDGE_LOOP ( 'NONE', ( #3259, #2168, #2178, #1426 ) ) ;
#420 = VERTEX_POINT ( 'NONE', #1693 ) ;
#421 = ORIENTED_EDGE ( 'NONE', *, *, #2654, .T. ) ;
#422 = CARTESIAN_POINT ( 'NONE',  ( -0.0009999999999732445133, -40.00000000000006395, -201.9999999999999716 ) ) ;
#423 = AXIS2_PLACEMENT_3D ( 'NONE', #2175, #2145, #1117 ) ;
#424 = FILL_AREA_STYLE ('',( #700 ) ) ;
#425 = PRESENTATION_LAYER_ASSIGNMENT (  '', '', ( #2796 ) ) ;
#426 = FACE_OUTER_BOUND ( 'NONE', #851, .T. ) ;
#427 = DIRECTION ( 'NONE',  ( 0.9994266866073301392, -0.03385702433902990083, -0.000000000000000000 ) ) ;
#428 = AXIS2_PLACEMENT_3D ( 'NONE', #2874, #776, #1834 ) ;
#429 = PRESENTATION_STYLE_ASSIGNMENT (( #3009 ) ) ;
#430 = AXIS2_PLACEMENT_3D ( 'NONE', #3321, #363, #959 ) ;
#431 = SURFACE_STYLE_FILL_AREA ( #1760 ) ;
#432 = UNCERTAINTY_MEASURE_WITH_UNIT (LENGTH_MEASURE( 1.000000000000000082E-05 ), #3060, 'distance_accuracy_value', 'NONE');
#433 = CARTESIAN_POINT ( 'NONE',  ( 1204.686575426426316, 11.87809658505922172, 7.686249599770135887 ) ) ;
#434 = EDGE_CURVE ( 'NONE', #1336, #2451, #1901, .T. ) ;
#435 = EDGE_CURVE ( 'NONE', #698, #384, #1712, .T. ) ;
#436 = CARTESIAN_POINT ( 'NONE',  ( 250.0000000000001705, 23.54315149602840762, -182.4554365670659593 ) ) ;
#437 = STYLED_ITEM ( 'NONE', ( #3165 ), #1695 ) ;
#438 = CARTESIAN_POINT ( 'NONE',  ( -250.0000000000000000, -130.0000000000000568, -91.99999999999998579 ) ) ;
#439 = EDGE_CURVE ( 'NONE', #1192, #2290, #2416, .T. ) ;
#440 = SURFACE_STYLE_FILL_AREA ( #2529 ) ;
#441 = VERTEX_POINT ( 'NONE', #2167 ) ;
#442 = AXIS2_PLACEMENT_3D ( 'NONE', #1320, #2117, #2083 ) ;
#443 = ORIENTED_EDGE ( 'NONE', *, *, #1943, .F. ) ;
#444 = VERTEX_POINT ( 'NONE', #1456 ) ;
#445 = CYLINDRICAL_SURFACE ( 'NONE', #588, 19.99999999999998934 ) ;
#446 =( LENGTH_UNIT ( ) NAMED_UNIT ( * ) SI_UNIT ( .MILLI., .METRE. ) );
#447 = CARTESIAN_POINT ( 'NONE',  ( -1401.806892388573033, 40.25138785373222561, -300.0000000000002842 ) ) ;
#448 = MECHANICAL_DESIGN_GEOMETRIC_PRESENTATION_REPRESENTATION (  '', ( #1518 ), #3207 ) ;
#449 = FILL_AREA_STYLE ('',( #1522 ) ) ;
#450 = B_SPLINE_SURFACE_WITH_KNOTS ( 'NONE', 2, 3, ( 
 ( #1586, #1290, #2570, #1274, #2321, #739, #3372, #1324, #1081, #206, #512, #2335 ),
 ( #2137, #11, #3390, #1794, #1012, #1308, #3141, #243, #2386, #2366, #1065, #1030 ),
 ( #2069, #2121, #3158, #1868, #531, #756, #2889, #2871, #1048, #1574, #1816, #2607 ) ),
 .UNSPECIFIED., .F., .F., .F.,
 ( 3, 3 ),
 ( 4, 2, 2, 2, 2, 4 ),
 ( 0.000000000000000000, 1.000000000000000000 ),
 ( 0.000000000000000000, 0.5000000000000000000, 0.7500000000000000000, 0.8750000000000000000, 0.9375000000000000000, 1.000000000000000000 ),
 .UNSPECIFIED. ) ;
#451 = SURFACE_SIDE_STYLE ('',( #1778 ) ) ;
#452 = FILL_AREA_STYLE_COLOUR ( '', #3241 ) ;
#453 =( LENGTH_UNIT ( ) NAMED_UNIT ( * ) SI_UNIT ( .MILLI., .METRE. ) );
#454 = ORIENTED_EDGE ( 'NONE', *, *, #1670, .T. ) ;
#455 = EDGE_CURVE ( 'NONE', #1515, #1649, #3216, .T. ) ;
#456 = ADVANCED_FACE ( 'NONE', ( #372 ), #2253, .T. ) ;
#457 = VERTEX_POINT ( 'NONE', #1279 ) ;
#458 = ORIENTED_EDGE ( 'NONE', *, *, #1228, .F. ) ;
#459 =( LENGTH_UNIT ( ) NAMED_UNIT ( * ) SI_UNIT ( .MILLI., .METRE. ) );
#460 = VECTOR ( 'NONE', #1756, 1000.000000000000000 ) ;
#461 = CARTESIAN_POINT ( 'NONE',  ( 274.0000000000002274, 19.80449213959227350, -167.5144132573570062 ) ) ;
#462 = VECTOR ( 'NONE', #1263, 1000.000000000000114 ) ;
#463 = SURFACE_STYLE_USAGE ( .BOTH. , #1043 ) ;
#464 = STYLED_ITEM ( 'NONE', ( #3182 ), #872 ) ;
#465 = DIRECTION ( 'NONE',  ( 0.03385702433903003961, -0.9994266866073302502, 1.733728935775449546E-15 ) ) ;
#466 = MECHANICAL_DESIGN_GEOMETRIC_PRESENTATION_REPRESENTATION (  '', ( #1687 ), #2286 ) ;
#467 = PLANE ( 'NONE',  #1278 ) ;
#468 =( NAMED_UNIT ( * ) PLANE_ANGLE_UNIT ( ) SI_UNIT ( $, .RADIAN. ) );
#469 =( LENGTH_UNIT ( ) NAMED_UNIT ( * ) SI_UNIT ( .MILLI., .METRE. ) );
#470 = UNCERTAINTY_MEASURE_WITH_UNIT (LENGTH_MEASURE( 1.000000000000000082E-05 ), #2854, 'distance_accuracy_value', 'NONE');
#471 = VECTOR ( 'NONE', #2900, 1000.000000000000227 ) ;
#472 = SURFACE_SIDE_STYLE ('',( #1818 ) ) ;
#473 =( NAMED_UNIT ( * ) PLANE_ANGLE_UNIT ( ) SI_UNIT ( $, .RADIAN. ) );
#474 = AXIS2_PLACEMENT_3D ( 'NONE', #699, #1720, #1953 ) ;
#475 = VECTOR ( 'NONE', #207, 999.9999999999998863 ) ;
#476 = CARTESIAN_POINT ( 'NONE',  ( 1417.537146385090864, -27.05412446627286371, -300.0000000000002842 ) ) ;
#477 = PLANE ( 'NONE',  #299 ) ;
#478 = VERTEX_POINT ( 'NONE', #3362 ) ;
#479 = EDGE_LOOP ( 'NONE', ( #623, #1072, #270, #2037, #879 ) ) ;
#480 = SURFACE_STYLE_USAGE ( .BOTH. , #2600 ) ;
#481 = VERTEX_POINT ( 'NONE', #3379 ) ;
#482 = ADVANCED_FACE ( 'NONE', ( #404 ), #1525, .F. ) ;
#483 = SURFACE_SIDE_STYLE ('',( #989 ) ) ;
#484 = ORIENTED_EDGE ( 'NONE', *, *, #534, .F. ) ;
#485 = FILL_AREA_STYLE ('',( #1828 ) ) ;
#486 = CARTESIAN_POINT ( 'NONE',  ( -1333.605930245424133, 42.00227540097162660, -300.0000000000005116 ) ) ;
#487 = COLOUR_RGB ( '',0.5882352941176470784, 0.5882352941176470784, 0.6313725490196078205 ) ;
#488 = SURFACE_STYLE_USAGE ( .BOTH. , #3069 ) ;
#489 = SURFACE_STYLE_USAGE ( .BOTH. , #2840 ) ;
#490 = MECHANICAL_DESIGN_GEOMETRIC_PRESENTATION_REPRESENTATION (  '', ( #3064 ), #2739 ) ;
#491 = PLANE ( 'NONE',  #663 ) ;
#492 = MECHANICAL_DESIGN_GEOMETRIC_PRESENTATION_REPRESENTATION (  '', ( #2796 ), #2636 ) ;
#493 = SURFACE_STYLE_USAGE ( .BOTH. , #3123 ) ;
#494 = DIRECTION ( 'NONE',  ( 0.000000000000000000, 0.000000000000000000, 1.000000000000000000 ) ) ;
#495 = SURFACE_STYLE_FILL_AREA ( #1782 ) ;
#496 = DIRECTION ( 'NONE',  ( 0.000000000000000000, 0.000000000000000000, -1.000000000000000000 ) ) ;
#497 = EDGE_LOOP ( 'NONE', ( #661, #745, #3348, #458 ) ) ;
#498 = VECTOR ( 'NONE', #1879, 999.9999999999998863 ) ;
#499 = EDGE_LOOP ( 'NONE', ( #3110, #8, #2038, #1458 ) ) ;
#500 = DIRECTION ( 'NONE',  ( -0.03385702433902830488, -0.9994266866073302502, 3.467457871550901854E-15 ) ) ;
#501 = STYLED_ITEM ( 'NONE', ( #1705 ), #1830 ) ;
#502 = VERTEX_POINT ( 'NONE', #964 ) ;
#503 = SURFACE_STYLE_USAGE ( .BOTH. , #1825 ) ;
#504 = PRESENTATION_LAYER_ASSIGNMENT (  '', '', ( #3080 ) ) ;
#505 = CARTESIAN_POINT ( 'NONE',  ( 274.0000000000000000, 13.19903856814621967, -137.5315187946662263 ) ) ;
#506 = COLOUR_RGB ( '',1.000000000000000000, 1.000000000000000000, 1.000000000000000000 ) ;
#507 = SURFACE_STYLE_FILL_AREA ( #485 ) ;
#508 = EDGE_CURVE ( 'NONE', #785, #1318, #3066, .T. ) ;
#509 = VERTEX_POINT ( 'NONE', #438 ) ;
#510 = COLOUR_RGB ( '',0.5882352941176470784, 0.5882352941176470784, 0.6313725490196078205 ) ;
#511 = FILL_AREA_STYLE ('',( #2855 ) ) ;
#512 = CARTESIAN_POINT ( 'NONE',  ( 1395.396815225207320, -15.95784810105340590, 0.000000000000000000 ) ) ;
#513 = ADVANCED_FACE ( 'NONE', ( #1511 ), #1383, .T. ) ;
#514 =( NAMED_UNIT ( * ) SI_UNIT ( $, .STERADIAN. ) SOLID_ANGLE_UNIT ( ) );
#515 = EDGE_CURVE ( 'NONE', #99, #785, #2542, .T. ) ;
#516 = DIRECTION ( 'NONE',  ( -0.03385702433900134034, -0.9994266866073310274, 0.000000000000000000 ) ) ;
#517 = DIRECTION ( 'NONE',  ( 0.9994266866073302502, -0.03385702433902830488, 0.000000000000000000 ) ) ;
#518 = CIRCLE ( 'NONE', #1233, 19.99999999999997513 ) ;
#519 =( LENGTH_UNIT ( ) NAMED_UNIT ( * ) SI_UNIT ( .MILLI., .METRE. ) );
#520 = SURFACE_STYLE_FILL_AREA ( #2558 ) ;
#521 = SURFACE_STYLE_USAGE ( .BOTH. , #2895 ) ;
#522 = VERTEX_POINT ( 'NONE', #2647 ) ;
#523 = VERTEX_POINT ( 'NONE', #34 ) ;
#524 = SURFACE_STYLE_USAGE ( .BOTH. , #1337 ) ;
#525 = FILL_AREA_STYLE ('',( #1809 ) ) ;
#526 = CYLINDRICAL_SURFACE ( 'NONE', #2915, 2.000000000000043521 ) ;
#527 = ORIENTED_EDGE ( 'NONE', *, *, #1921, .F. ) ;
#528 =( LENGTH_UNIT ( ) NAMED_UNIT ( * ) SI_UNIT ( .MILLI., .METRE. ) );
#529 = CARTESIAN_POINT ( 'NONE',  ( -274.0000000000002274, 8.593326836691931092, -114.9801558122327521 ) ) ;
#530 = STYLED_ITEM ( 'NONE', ( #2012 ), #976 ) ;
#531 = CARTESIAN_POINT ( 'NONE',  ( 1204.827626177543607, 44.08461679158262569, -300.0000000000005116 ) ) ;
#532 = CARTESIAN_POINT ( 'NONE',  ( -0.0009999999999732445133, -40.00000000000006395, -201.9999999999999716 ) ) ;
#533 = SURFACE_SIDE_STYLE ('',( #1277 ) ) ;
#534 = EDGE_CURVE ( 'NONE', #2971, #2059, #2094, .T. ) ;
#535 = PLANE ( 'NONE',  #2310 ) ;
#536 = LINE ( 'NONE', #3395, #2896 ) ;
#537 = AXIS2_PLACEMENT_3D ( 'NONE', #422, #2771, #1519 ) ;
#538 = CARTESIAN_POINT ( 'NONE',  ( 258.0418137868523445, 38.43216721054459839, -242.0000000000000000 ) ) ;
#539 = ORIENTED_EDGE ( 'NONE', *, *, #2894, .T. ) ;
#540 = VECTOR ( 'NONE', #1742, 1000.000000000000000 ) ;
#541 = PLANE ( 'NONE',  #2594 ) ;
#542 = VERTEX_POINT ( 'NONE', #1836 ) ;
#543 = CARTESIAN_POINT ( 'NONE',  ( 250.0000000000000000, -200.0000000000000568, -62.00000000000000000 ) ) ;
#544 = SURFACE_STYLE_USAGE ( .BOTH. , #1254 ) ;
#545 = EDGE_LOOP ( 'NONE', ( #346, #332 ) ) ;
#546 = SURFACE_STYLE_USAGE ( .BOTH. , #575 ) ;
#547 = CARTESIAN_POINT ( 'NONE',  ( -274.0000000000000000, -0.1978943452366488387, -62.00000000000000000 ) ) ;
#548 = LINE ( 'NONE', #793, #1848 ) ;
#549 = CIRCLE ( 'NONE', #2464, 2.000000000000001776 ) ;
#550 = CARTESIAN_POINT ( 'NONE',  ( 1333.069735989853143, -14.42965073980515633, 0.000000000000000000 ) ) ;
#551 = UNCERTAINTY_MEASURE_WITH_UNIT (LENGTH_MEASURE( 1.000000000000000082E-05 ), #238, 'distance_accuracy_value', 'NONE');
#552 = ADVANCED_FACE ( 'NONE', ( #1856 ), #535, .T. ) ;
#553 = CARTESIAN_POINT ( 'NONE',  ( 1419.468285709626798, -29.12069188816559517, -300.0000000000002842 ) ) ;
#554 = AXIS2_PLACEMENT_3D ( 'NONE', #3016, #126, #1491 ) ;
#555 = AXIS2_PLACEMENT_3D ( 'NONE', #2393, #2987, #1648 ) ;
#556 = VERTEX_POINT ( 'NONE', #1329 ) ;
#557 = EDGE_CURVE ( 'NONE', #2327, #751, #829, .T. ) ;
#558 = FACE_OUTER_BOUND ( 'NONE', #2128, .T. ) ;
#559 = ORIENTED_EDGE ( 'NONE', *, *, #202, .F. ) ;
#560 = MECHANICAL_DESIGN_GEOMETRIC_PRESENTATION_REPRESENTATION (  '', ( #437 ), #1105 ) ;
#561 = DIRECTION ( 'NONE',  ( 0.9994266866073300282, 0.03385702433903032410, 0.000000000000000000 ) ) ;
#562 = FILL_AREA_STYLE_COLOUR ( '', #510 ) ;
#563 = MECHANICAL_DESIGN_GEOMETRIC_PRESENTATION_REPRESENTATION (  '', ( #501 ), #2048 ) ;
#564 = ORIENTED_EDGE ( 'NONE', *, *, #2565, .T. ) ;
#565 = DIRECTION ( 'NONE',  ( 0.000000000000000000, 0.000000000000000000, 1.000000000000000000 ) ) ;
#566 = SURFACE_SIDE_STYLE ('',( #3143 ) ) ;
#567 = DIRECTION ( 'NONE',  ( 0.9994266866073300282, 0.03385702433903032410, 0.000000000000000000 ) ) ;
#568 = FILL_AREA_STYLE ('',( #364 ) ) ;
#569 = FILL_AREA_STYLE_COLOUR ( '', #1323 ) ;
#570 = CARTESIAN_POINT ( 'NONE',  ( 1427.572575863739758, -130.0000000000000568, -182.0000000000000000 ) ) ;
#571 = VECTOR ( 'NONE', #1374, 1000.000000000000000 ) ;
#572 = DIRECTION ( 'NONE',  ( 1.000000000000000000, -0.000000000000000000, -0.000000000000000000 ) ) ;
#573 = EDGE_CURVE ( 'NONE', #680, #1264, #815, .T. ) ;
#574 = ORIENTED_EDGE ( 'NONE', *, *, #515, .T. ) ;
#575 = SURFACE_SIDE_STYLE ('',( #1079 ) ) ;
#576 = CARTESIAN_POINT ( 'NONE',  ( -1425.967424554725994, 221.7995519196868486, -298.0000000000002842 ) ) ;
#577 = CARTESIAN_POINT ( 'NONE',  ( -1417.537146385090864, -27.05412446627290279, -300.0000000000002842 ) ) ;
#578 = PRESENTATION_STYLE_ASSIGNMENT (( #1144 ) ) ;
#579 = DIRECTION ( 'NONE',  ( 1.000000000000000000, 0.000000000000000000, 0.000000000000000000 ) ) ;
#580 =( NAMED_UNIT ( * ) PLANE_ANGLE_UNIT ( ) SI_UNIT ( $, .RADIAN. ) );
#581 = COLOUR_RGB ( '',0.5882352941176470784, 0.5882352941176470784, 0.6313725490196078205 ) ;
#582 = CARTESIAN_POINT ( 'NONE',  ( 1407.977744195793321, 222.4089783577894082, -300.0000000000002842 ) ) ;
#583 = CARTESIAN_POINT ( 'NONE',  ( -250.0000000000000000, 5.977687391248273308, -99.90299366432331851 ) ) ;
#584 = UNCERTAINTY_MEASURE_WITH_UNIT (LENGTH_MEASURE( 1.000000000000000082E-05 ), #147, 'distance_accuracy_value', 'NONE');
#585 = PRESENTATION_LAYER_ASSIGNMENT (  '', '', ( #464 ) ) ;
#586 = LINE ( 'NONE', #830, #2793 ) ;
#587 = CARTESIAN_POINT ( 'NONE',  ( 1427.572575863739758, -130.0000000000000568, -131.9999999999999432 ) ) ;
#588 = AXIS2_PLACEMENT_3D ( 'NONE', #380, #940, #924 ) ;
#589 =( NAMED_UNIT ( * ) SI_UNIT ( $, .STERADIAN. ) SOLID_ANGLE_UNIT ( ) );
#590 = CIRCLE ( 'NONE', #2238, 19.99999999999998934 ) ;
#592 = ORIENTED_EDGE ( 'NONE', *, *, #3268, .F. ) ;
#591 = EDGE_CURVE ( 'NONE', #2478, #2883, #1820, .T. ) ;
#593 = DIRECTION ( 'NONE',  ( 0.03385702433903032410, -0.9994266866073300282, 0.000000000000000000 ) ) ;
#594 = DIRECTION ( 'NONE',  ( 0.000000000000000000, 0.000000000000000000, 1.000000000000000000 ) ) ;
#595 = LINE ( 'NONE', #1958, #1001 ) ;
#596 = ORIENTED_EDGE ( 'NONE', *, *, #1489, .T. ) ;
#597 = DIRECTION ( 'NONE',  ( -1.000000000000000000, 0.000000000000000000, -0.000000000000000000 ) ) ;
#598 =( LENGTH_UNIT ( ) NAMED_UNIT ( * ) SI_UNIT ( .MILLI., .METRE. ) );
#599 = PRESENTATION_STYLE_ASSIGNMENT (( #2649 ) ) ;
#600 = MECHANICAL_DESIGN_GEOMETRIC_PRESENTATION_REPRESENTATION (  '', ( #710 ), #1148 ) ;
#601 = CARTESIAN_POINT ( 'NONE',  ( -1399.479751977480191, -28.44355140138499394, -2.000000000000001776 ) ) ;
#602 = MECHANICAL_DESIGN_GEOMETRIC_PRESENTATION_REPRESENTATION (  '', ( #2252 ), #2526 ) ;
#603 = ORIENTED_EDGE ( 'NONE', *, *, #2191, .F. ) ;
#604 = SURFACE_SIDE_STYLE ('',( #1662 ) ) ;
#605 = COLOUR_RGB ( '',0.5882352941176470784, 0.5882352941176470784, 0.6313725490196078205 ) ;
#606 = ORIENTED_EDGE ( 'NONE', *, *, #2255, .F. ) ;
#607 = LINE ( 'NONE', #1876, #2139 ) ;
#608 = MECHANICAL_DESIGN_GEOMETRIC_PRESENTATION_REPRESENTATION (  '', ( #2805 ), #2475 ) ;
#609 = EDGE_CURVE ( 'NONE', #42, #180, #2694, .T. ) ;
#610 = LINE ( 'NONE', #844, #1896 ) ;
#611 = DIRECTION ( 'NONE',  ( -0.000000000000000000, 0.000000000000000000, -1.000000000000000000 ) ) ;
#612 = CARTESIAN_POINT ( 'NONE',  ( 1399.547466026158190, -26.44469802817028636, -300.0000000000002842 ) ) ;
#613 = SURFACE_SIDE_STYLE ('',( #1655 ) ) ;
#614 = ORIENTED_EDGE ( 'NONE', *, *, #1373, .F. ) ;
#615 = ADVANCED_FACE ( 'NONE', ( #2230 ), #882, .T. ) ;
#616 =( LENGTH_UNIT ( ) NAMED_UNIT ( * ) SI_UNIT ( .MILLI., .METRE. ) );
#617 =( NAMED_UNIT ( * ) SI_UNIT ( $, .STERADIAN. ) SOLID_ANGLE_UNIT ( ) );
#618 = UNCERTAINTY_MEASURE_WITH_UNIT (LENGTH_MEASURE( 1.000000000000000082E-05 ), #643, 'distance_accuracy_value', 'NONE');
#619 = DIRECTION ( 'NONE',  ( 0.000000000000000000, 0.000000000000000000, -1.000000000000000000 ) ) ;
#620 = CARTESIAN_POINT ( 'NONE',  ( -1389.884411451001824, 8.465594352096985631, 7.686249599770135887 ) ) ;
#621 = SURFACE_SIDE_STYLE ('',( #1387 ) ) ;
#622 = CARTESIAN_POINT ( 'NONE',  ( -1399.896197674890800, -16.15047628209462971, 0.000000000000000000 ) ) ;
#623 = ORIENTED_EDGE ( 'NONE', *, *, #2057, .F. ) ;
#624 = FACE_OUTER_BOUND ( 'NONE', #2741, .T. ) ;
#625 = PLANE ( 'NONE',  #2264 ) ;
#626 = SURFACE_SIDE_STYLE ('',( #1680 ) ) ;
#627 = PRESENTATION_STYLE_ASSIGNMENT (( #2976 ) ) ;
#628 = DIRECTION ( 'NONE',  ( 0.9994266866073301392, 0.03385702433902990083, -0.000000000000000000 ) ) ;
#629 = ORIENTED_EDGE ( 'NONE', *, *, #3002, .T. ) ;
#630 = DIRECTION ( 'NONE',  ( -0.03385702433903032410, -0.9994266866073300282, -0.000000000000000000 ) ) ;
#631 = CARTESIAN_POINT ( 'NONE',  ( 1204.580470136613940, -12.34922501057926247, 0.000000000000000000 ) ) ;
#632 = MECHANICAL_DESIGN_GEOMETRIC_PRESENTATION_REPRESENTATION (  '', ( #804 ), #2553 ) ;
#633 =( NAMED_UNIT ( * ) PLANE_ANGLE_UNIT ( ) SI_UNIT ( $, .RADIAN. ) );
#634 = CARTESIAN_POINT ( 'NONE',  ( -1333.299926779227235, 9.796848453087271480, 7.686249599770135887 ) ) ;
#635 = AXIS2_PLACEMENT_3D ( 'NONE', #727, #2125, #2843 ) ;
#636 = MECHANICAL_DESIGN_GEOMETRIC_PRESENTATION_REPRESENTATION (  '', ( #408 ), #2937 ) ;
#637 = CYLINDRICAL_SURFACE ( 'NONE', #1551, 2.000000000000001776 ) ;
#638 = MECHANICAL_DESIGN_GEOMETRIC_PRESENTATION_REPRESENTATION (  '', ( #190 ), #3075 ) ;
#639 = ORIENTED_EDGE ( 'NONE', *, *, #2729, .T. ) ;
#640 = AXIS2_PLACEMENT_3D ( 'NONE', #350, #1413, #2189 ) ;
#641 = ORIENTED_EDGE ( 'NONE', *, *, #2441, .T. ) ;
#642 = STYLED_ITEM ( 'NONE', ( #2716 ), #2026 ) ;
#643 =( LENGTH_UNIT ( ) NAMED_UNIT ( * ) SI_UNIT ( .MILLI., .METRE. ) );
#644 = CARTESIAN_POINT ( 'NONE',  ( -1389.355862670537363, -15.75622991521554184, 0.000000000000000000 ) ) ;
#645 = CARTESIAN_POINT ( 'NONE',  ( 273.9999999999999432, -0.1978943452366518363, -61.99999999999998579 ) ) ;
#646 = AXIS2_PLACEMENT_3D ( 'NONE', #3103, #3121, #2088 ) ;
#647 = DIRECTION ( 'NONE',  ( 0.000000000000000000, 0.000000000000000000, 1.000000000000000000 ) ) ;
#648 = DIRECTION ( 'NONE',  ( 0.9994266866073295841, -0.03385702433904563130, 0.000000000000000000 ) ) ;
#649 = ORIENTED_EDGE ( 'NONE', *, *, #2028, .T. ) ;
#650 = FILL_AREA_STYLE_COLOUR ( '', #1129 ) ;
#651 = PRESENTATION_STYLE_ASSIGNMENT (( #2999 ) ) ;
#652 = UNCERTAINTY_MEASURE_WITH_UNIT (LENGTH_MEASURE( 1.000000000000000082E-05 ), #598, 'distance_accuracy_value', 'NONE');
#653 = CARTESIAN_POINT ( 'NONE',  ( 1391.242646168423335, 70.70946643053831338, -121.2922234629156861 ) ) ;
#654 = DIRECTION ( 'NONE',  ( -0.9994266866073301392, -0.03385702433902990083, -0.000000000000000000 ) ) ;
#655 = CARTESIAN_POINT ( 'NONE',  ( -1396.019613567745409, 8.262377878862945835, 7.686249599770135887 ) ) ;
#656 = ADVANCED_FACE ( 'NONE', ( #367, #1451, #1930, #1147, #1167 ), #1428, .F. ) ;
#657 = CARTESIAN_POINT ( 'NONE',  ( 1402.766429970974741, 68.57601133665744442, -131.4658518645257459 ) ) ;
#658 = CARTESIAN_POINT ( 'NONE',  ( -1420.384176864292385, 56.98746790776357329, -15.00000000000000000 ) ) ;
#659 = DIRECTION ( 'NONE',  ( 0.000000000000000000, 0.000000000000000000, 1.000000000000000000 ) ) ;
#660 = MECHANICAL_DESIGN_GEOMETRIC_PRESENTATION_REPRESENTATION (  '', ( #152 ), #886 ) ;
#661 = ORIENTED_EDGE ( 'NONE', *, *, #3377, .F. ) ;
#662 = EDGE_CURVE ( 'NONE', #3097, #2364, #399, .T. ) ;
#663 = AXIS2_PLACEMENT_3D ( 'NONE', #1557, #2593, #1311 ) ;
#664 = AXIS2_PLACEMENT_3D ( 'NONE', #2306, #417, #3051 ) ;
#665 = ORIENTED_EDGE ( 'NONE', *, *, #1015, .F. ) ;
#666 = CARTESIAN_POINT ( 'NONE',  ( -274.0000000000000000, -130.0000000000000568, -131.9999999999999432 ) ) ;
#667 = VECTOR ( 'NONE', #155, 1000.000000000000000 ) ;
#668 = FILL_AREA_STYLE ('',( #169 ) ) ;
#669 = ORIENTED_EDGE ( 'NONE', *, *, #2055, .T. ) ;
#670 = CARTESIAN_POINT ( 'NONE',  ( 250.0000000000000000, -40.00000000000006395, -221.9999999999999716 ) ) ;
#671 = VECTOR ( 'NONE', #260, 1000.000000000000227 ) ;
#672 = CARTESIAN_POINT ( 'NONE',  ( 0.000000000000000000, 86.48589788730561168, -121.2922234629156861 ) ) ;
#673 = STYLED_ITEM ( 'NONE', ( #1807 ), #2592 ) ;
#674 = CARTESIAN_POINT ( 'NONE',  ( -1419.468285709626798, -29.12069188816559517, -2.000000000000001776 ) ) ;
#675 =( GEOMETRIC_REPRESENTATION_CONTEXT ( 3 ) GLOBAL_UNCERTAINTY_ASSIGNED_CONTEXT ( ( #551 ) ) GLOBAL_UNIT_ASSIGNED_CONTEXT ( ( #238, #2332, #1790 ) ) REPRESENTATION_CONTEXT ( 'NONE', 'WORKASPACE' ) );
#676 = FILL_AREA_STYLE ('',( #2004 ) ) ;
#677 =( GEOMETRIC_REPRESENTATION_CONTEXT ( 3 ) GLOBAL_UNCERTAINTY_ASSIGNED_CONTEXT ( ( #2108 ) ) GLOBAL_UNIT_ASSIGNED_CONTEXT ( ( #2922, #902, #1630 ) ) REPRESENTATION_CONTEXT ( 'NONE', 'WORKASPACE' ) );
#678 = CARTESIAN_POINT ( 'NONE',  ( -1407.141754188399545, 197.7313600662392048, -300.0000000000002842 ) ) ;
#679 = SURFACE_SIDE_STYLE ('',( #440 ) ) ;
#680 = VERTEX_POINT ( 'NONE', #2813 ) ;
#681 = ORIENTED_EDGE ( 'NONE', *, *, #1160, .T. ) ;
#682 = EDGE_CURVE ( 'NONE', #3022, #790, #159, .T. ) ;
#683 = EDGE_CURVE ( 'NONE', #1078, #680, #1141, .T. ) ;
#684 = FILL_AREA_STYLE_COLOUR ( '', #77 ) ;
#685 = B_SPLINE_CURVE_WITH_KNOTS ( 'NONE', 3,
 ( #1839, #538, #2862, #2615 ),
 .UNSPECIFIED., .F., .F.,
 ( 4, 4 ),
 ( 0.000000000000000000, 0.02400102826491386926 ),
 .UNSPECIFIED. ) ;
#686 = CARTESIAN_POINT ( 'NONE',  ( -1365.857280363919017, 41.31332949753017658, -300.0000000000005116 ) ) ;
#687 = PRESENTATION_STYLE_ASSIGNMENT (( #3297 ) ) ;
#688 = CARTESIAN_POINT ( 'NONE',  ( -274.0000000000000000, -200.0000000000000568, -62.00000000000000000 ) ) ;
#689 = UNCERTAINTY_MEASURE_WITH_UNIT (LENGTH_MEASURE( 1.000000000000000082E-05 ), #2783, 'distance_accuracy_value', 'NONE');
#690 = CARTESIAN_POINT ( 'NONE',  ( 1400.716468168996471, 8.063117146462586149, 7.686249599770135887 ) ) ;
#691 = CARTESIAN_POINT ( 'NONE',  ( 250.0000000000000000, 5.977687391248274196, -99.90299366432330430 ) ) ;
#692 = FILL_AREA_STYLE ('',( #1474 ) ) ;
#693 = FACE_OUTER_BOUND ( 'NONE', #3312, .T. ) ;
#694 = ORIENTED_EDGE ( 'NONE', *, *, #2093, .F. ) ;
#695 = PRESENTATION_LAYER_ASSIGNMENT (  '', '', ( #3391 ) ) ;
#696 = EDGE_LOOP ( 'NONE', ( #2787, #341 ) ) ;
#697 = ORIENTED_EDGE ( 'NONE', *, *, #2545, .F. ) ;
#698 = VERTEX_POINT ( 'NONE', #2540 ) ;
#699 = CARTESIAN_POINT ( 'NONE',  ( 274.0000000000000000, -40.00000000000006395, -111.9999999999999858 ) ) ;
#700 = FILL_AREA_STYLE_COLOUR ( '', #222 ) ;
#701 =( LENGTH_UNIT ( ) NAMED_UNIT ( * ) SI_UNIT ( .MILLI., .METRE. ) );
#702 = MECHANICAL_DESIGN_GEOMETRIC_PRESENTATION_REPRESENTATION (  '', ( #3345 ), #358 ) ;
#703 = PRESENTATION_LAYER_ASSIGNMENT (  '', '', ( #2886 ) ) ;
#704 = EDGE_CURVE ( 'NONE', #985, #3191, #1237, .T. ) ;
#705 = FILL_AREA_STYLE_COLOUR ( '', #2676 ) ;
#706 =( NAMED_UNIT ( * ) SI_UNIT ( $, .STERADIAN. ) SOLID_ANGLE_UNIT ( ) );
#707 = CARTESIAN_POINT ( 'NONE',  ( 1427.966277927939927, 221.7318378710088211, -300.0000000000002842 ) ) ;
#708 = VERTEX_POINT ( 'NONE', #1259 ) ;
#709 = ORIENTED_EDGE ( 'NONE', *, *, #1885, .T. ) ;
#710 = STYLED_ITEM ( 'NONE', ( #1983 ), #2941 ) ;
#711 = ORIENTED_EDGE ( 'NONE', *, *, #1120, .F. ) ;
#712 =( NAMED_UNIT ( * ) SI_UNIT ( $, .STERADIAN. ) SOLID_ANGLE_UNIT ( ) );
#713 = COLOUR_RGB ( '',0.5882352941176470784, 0.5882352941176470784, 0.6313725490196078205 ) ;
#714 = CARTESIAN_POINT ( 'NONE',  ( -1305.572129838398723, -13.93651432149984437, 0.000000000000000000 ) ) ;
#715 = AXIS2_PLACEMENT_3D ( 'NONE', #2159, #229, #1592 ) ;
#716 = CARTESIAN_POINT ( 'NONE',  ( -250.0000000000000000, -40.00000000000006395, -111.9999999999999858 ) ) ;
#717 = PRESENTATION_LAYER_ASSIGNMENT (  '', '', ( #273 ) ) ;
#718 = FACE_BOUND ( 'NONE', #1230, .T. ) ;
#719 = PRESENTATION_LAYER_ASSIGNMENT (  '', '', ( #2907 ) ) ;
#720 = B_SPLINE_CURVE_WITH_KNOTS ( 'NONE', 3,
 ( #2494, #3289, #86, #1985 ),
 .UNSPECIFIED., .F., .F.,
 ( 4, 4 ),
 ( 0.9430711488959804267, 1.000000000000000000 ),
 .UNSPECIFIED. ) ;
#721 = VECTOR ( 'NONE', #2197, 1000.000000000000227 ) ;
#722 = EDGE_CURVE ( 'NONE', #2008, #1265, #2302, .T. ) ;
#723 = ADVANCED_FACE ( 'NONE', ( #3087 ), #2248, .T. ) ;
#724 = DIRECTION ( 'NONE',  ( 0.000000000000000000, 0.000000000000000000, 1.000000000000000000 ) ) ;
#725 = AXIS2_PLACEMENT_3D ( 'NONE', #117, #413, #1757 ) ;
#726 = CARTESIAN_POINT ( 'NONE',  ( 1419.535999758304797, -27.12183851495086984, -300.0000000000002842 ) ) ;
#727 = CARTESIAN_POINT ( 'NONE',  ( 1427.130287920547062, 197.0542195794585609, -285.0000000000002274 ) ) ;
#728 = VERTEX_POINT ( 'NONE', #740 ) ;
#729 = VECTOR ( 'NONE', #1950, 1000.000000000000000 ) ;
#730 = ORIENTED_EDGE ( 'NONE', *, *, #2010, .T. ) ;
#731 = EDGE_LOOP ( 'NONE', ( #2885, #150, #1787, #3004 ) ) ;
#732 = FILL_AREA_STYLE_COLOUR ( '', #738 ) ;
#733 = CARTESIAN_POINT ( 'NONE',  ( 274.0000000000002274, 14.81408266297830956, -145.0339345961399999 ) ) ;
#734 = CARTESIAN_POINT ( 'NONE',  ( -274.0000000000000000, -40.00000000000006395, -201.9999999999999716 ) ) ;
#735 = CARTESIAN_POINT ( 'NONE',  ( -250.0000000000000000, -200.0000000000000568, -242.0000000000000000 ) ) ;
#736 = DIRECTION ( 'NONE',  ( 0.000000000000000000, 0.000000000000000000, 1.000000000000000000 ) ) ;
#737 = DIRECTION ( 'NONE',  ( -1.000000000000000000, 0.000000000000000000, 0.000000000000000000 ) ) ;
#738 = COLOUR_RGB ( '',0.5882352941176470784, 0.5882352941176470784, 0.6313725490196078205 ) ;
#739 = CARTESIAN_POINT ( 'NONE',  ( 1305.572129838398723, -13.93651432149984437, 0.000000000000000000 ) ) ;
#740 = CARTESIAN_POINT ( 'NONE',  ( 274.0000000000000000, -40.00000000000006395, -182.0000000000000000 ) ) ;
#741 = CARTESIAN_POINT ( 'NONE',  ( 0.000000000000000000, 0.000000000000000000, 0.000000000000000000 ) ) ;
#742 = FILL_AREA_STYLE ('',( #2003 ) ) ;
#743 = DIRECTION ( 'NONE',  ( 0.000000000000000000, 0.000000000000000000, -1.000000000000000000 ) ) ;
#744 = ORIENTED_EDGE ( 'NONE', *, *, #247, .T. ) ;
#745 = ORIENTED_EDGE ( 'NONE', *, *, #765, .T. ) ;
#746 = FACE_OUTER_BOUND ( 'NONE', #2905, .T. ) ;
#747 = ORIENTED_EDGE ( 'NONE', *, *, #894, .T. ) ;
#748 = CARTESIAN_POINT ( 'NONE',  ( -0.0009999999999732445133, -40.00000000000006395, -131.9999999999999716 ) ) ;
#749 = VECTOR ( 'NONE', #1098, 1000.000000000000000 ) ;
#750 = CARTESIAN_POINT ( 'NONE',  ( -1305.572129838398723, -13.93651432149984437, 0.000000000000000000 ) ) ;
#751 = VERTEX_POINT ( 'NONE', #3303 ) ;
#752 = CIRCLE ( 'NONE', #1909, 19.99999999999998934 ) ;
#753 =( LENGTH_UNIT ( ) NAMED_UNIT ( * ) SI_UNIT ( .MILLI., .METRE. ) );
#754 = MECHANICAL_DESIGN_GEOMETRIC_PRESENTATION_REPRESENTATION (  '', ( #2881 ), #356 ) ;
#755 = DIRECTION ( 'NONE',  ( -0.03385702433903089309, -0.9994266866073300282, 0.000000000000000000 ) ) ;
#756 = CARTESIAN_POINT ( 'NONE',  ( 1306.023602974856658, 42.49593948750537464, -300.0000000000005116 ) ) ;
#757 = SURFACE_SIDE_STYLE ('',( #2122 ) ) ;
#758 = UNCERTAINTY_MEASURE_WITH_UNIT (LENGTH_MEASURE( 1.000000000000000082E-05 ), #701, 'distance_accuracy_value', 'NONE');
#759 = MECHANICAL_DESIGN_GEOMETRIC_PRESENTATION_REPRESENTATION (  '', ( #2235 ), #104 ) ;
#760 = CARTESIAN_POINT ( 'NONE',  ( 1399.896197674890800, -16.15047628209462971, 0.000000000000000000 ) ) ;
#761 = VECTOR ( 'NONE', #2169, 1000.000000000000000 ) ;
#762 =( NAMED_UNIT ( * ) SI_UNIT ( $, .STERADIAN. ) SOLID_ANGLE_UNIT ( ) );
#763 = LINE ( 'NONE', #1369, #16 ) ;
#764 = EDGE_LOOP ( 'NONE', ( #1824, #1395, #1548, #310, #2078, #2022 ) ) ;
#765 = EDGE_CURVE ( 'NONE', #2329, #1466, #931, .T. ) ;
#766 = VERTEX_POINT ( 'NONE', #670 ) ;
#767 = DIRECTION ( 'NONE',  ( -1.000000000000000000, 0.000000000000000000, 0.000000000000000000 ) ) ;
#768 = EDGE_CURVE ( 'NONE', #232, #698, #2763, .T. ) ;
#769 = EDGE_CURVE ( 'NONE', #3400, #2102, #2001, .T. ) ;
#770 = ORIENTED_EDGE ( 'NONE', *, *, #609, .T. ) ;
#771 = SURFACE_STYLE_USAGE ( .BOTH. , #2605 ) ;
#772 = DIRECTION ( 'NONE',  ( -0.03385702433903033104, -0.9994266866073301392, 0.000000000000000000 ) ) ;
#773 = CARTESIAN_POINT ( 'NONE',  ( 1419.535999758305479, -27.12183851495095865, -298.0000000000002842 ) ) ;
#774 =( NAMED_UNIT ( * ) PLANE_ANGLE_UNIT ( ) SI_UNIT ( $, .RADIAN. ) );
#775 = PRESENTATION_LAYER_ASSIGNMENT (  '', '', ( #2898 ) ) ;
#776 = DIRECTION ( 'NONE',  ( 1.000000000000000000, -0.000000000000000000, -0.000000000000000000 ) ) ;
#777 = DIRECTION ( 'NONE',  ( 0.9994266866073301392, 0.03385702433903033104, 0.000000000000000000 ) ) ;
#778 = VECTOR ( 'NONE', #1234, 1000.000000000000000 ) ;
#779 = CARTESIAN_POINT ( 'NONE',  ( 1305.572129838398723, -13.93651432149984437, 0.000000000000000000 ) ) ;
#780 = DIRECTION ( 'NONE',  ( 0.03385702433903032410, 0.9994266866073300282, -0.000000000000000000 ) ) ;
#781 = FILL_AREA_STYLE_COLOUR ( '', #245 ) ;
#782 = EDGE_LOOP ( 'NONE', ( #1620, #951, #1130, #421 ) ) ;
#783 =( GEOMETRIC_REPRESENTATION_CONTEXT ( 3 ) GLOBAL_UNCERTAINTY_ASSIGNED_CONTEXT ( ( #1689 ) ) GLOBAL_UNIT_ASSIGNED_CONTEXT ( ( #1669, #1405, #2552 ) ) REPRESENTATION_CONTEXT ( 'NONE', 'WORKASPACE' ) );
#784 = FILL_AREA_STYLE ('',( #2096 ) ) ;
#785 = VERTEX_POINT ( 'NONE', #2776 ) ;
#786 = CARTESIAN_POINT ( 'NONE',  ( 250.0000000000000000, -40.00000000000006395, -201.9999999999999716 ) ) ;
#787 = AXIS2_PLACEMENT_3D ( 'NONE', #1715, #2751, #3258 ) ;
#788 = CARTESIAN_POINT ( 'NONE',  ( 274.0000000000001137, 4.412739070565500299, -92.35045958221904527 ) ) ;
#790 = VERTEX_POINT ( 'NONE', #3326 ) ;
#789 = EDGE_CURVE ( 'NONE', #2971, #2601, #1478, .T. ) ;
#791 = DIRECTION ( 'NONE',  ( -1.000000000000000000, -0.000000000000000000, -0.000000000000000000 ) ) ;
#792 = CARTESIAN_POINT ( 'NONE',  ( -273.9999999999997726, 10.08875541836793310, -122.5046119416359574 ) ) ;
#793 = CARTESIAN_POINT ( 'NONE',  ( 250.0000000000000000, -200.0000000000000568, -62.00000000000000000 ) ) ;
#794 = SURFACE_SIDE_STYLE ('',( #1260 ) ) ;
#795 = PRESENTATION_STYLE_ASSIGNMENT (( #493 ) ) ;
#796 = COLOUR_RGB ( '',1.000000000000000000, 1.000000000000000000, 1.000000000000000000 ) ;
#797 = UNCERTAINTY_MEASURE_WITH_UNIT (LENGTH_MEASURE( 1.000000000000000082E-05 ), #3031, 'distance_accuracy_value', 'NONE');
#798 = CARTESIAN_POINT ( 'NONE',  ( 250.0000000000000000, -40.00000000000006395, -182.0000000000000000 ) ) ;
#799 = SURFACE_STYLE_FILL_AREA ( #3148 ) ;
#800 = VERTEX_POINT ( 'NONE', #962 ) ;
#801 =( NAMED_UNIT ( * ) PLANE_ANGLE_UNIT ( ) SI_UNIT ( $, .RADIAN. ) );
#802 = ORIENTED_EDGE ( 'NONE', *, *, #2629, .F. ) ;
#803 = DIRECTION ( 'NONE',  ( 1.000000000000000000, -0.000000000000000000, -0.000000000000000000 ) ) ;
#804 = STYLED_ITEM ( 'NONE', ( #1407 ), #1119 ) ;
#805 = EDGE_LOOP ( 'NONE', ( #1284, #2021, #2112, #2818 ) ) ;
#806 = DIRECTION ( 'NONE',  ( 0.000000000000000000, 0.000000000000000000, 1.000000000000000000 ) ) ;
#807 = PRESENTATION_LAYER_ASSIGNMENT (  '', '', ( #1746 ) ) ;
#808 = AXIS2_PLACEMENT_3D ( 'NONE', #1686, #881, #2426 ) ;
#809 = ADVANCED_FACE ( 'NONE', ( #2013 ), #1817, .T. ) ;
#810 = VECTOR ( 'NONE', #2427, 1000.000000000000227 ) ;
#811 = APPLICATION_CONTEXT ( 'automotive_design' ) ;
#812 = AXIS2_PLACEMENT_3D ( 'NONE', #389, #1339, #1455 ) ;
#813 =( NAMED_UNIT ( * ) SI_UNIT ( $, .STERADIAN. ) SOLID_ANGLE_UNIT ( ) );
#814 = FACE_BOUND ( 'NONE', #841, .T. ) ;
#815 = CIRCLE ( 'NONE', #1815, 13.00000000000000355 ) ;
#816 = SURFACE_STYLE_FILL_AREA ( #784 ) ;
#817 = VERTEX_POINT ( 'NONE', #3045 ) ;
#818 = DIRECTION ( 'NONE',  ( 0.000000000000000000, 0.000000000000000000, -1.000000000000000000 ) ) ;
#819 = CARTESIAN_POINT ( 'NONE',  ( -1204.959238776756138, 74.13609538662785781, -121.2922234629156861 ) ) ;
#820 = FACE_OUTER_BOUND ( 'NONE', #2383, .T. ) ;
#821 = EDGE_LOOP ( 'NONE', ( #1752, #1871, #2239, #897 ) ) ;
#822 = FILL_AREA_STYLE_COLOUR ( '', #1772 ) ;
#823 =( NAMED_UNIT ( * ) SI_UNIT ( $, .STERADIAN. ) SOLID_ANGLE_UNIT ( ) );
#824 = CYLINDRICAL_SURFACE ( 'NONE', #3104, 19.99999999999997513 ) ;
#825 = B_SPLINE_CURVE_WITH_KNOTS ( 'NONE', 3,
 ( #2385, #2888, #280, #2823, #1273, #1814, #486, #1555, #2334, #1679, #360, #2671 ),
 .UNSPECIFIED., .F., .F.,
 ( 4, 2, 2, 2, 2, 4 ),
 ( 0.000000000000000000, 0.5000000000000000000, 0.7500000000000000000, 0.8750000000000000000, 0.9375000000000000000, 1.000000000000000000 ),
 .UNSPECIFIED. ) ;
#826 =( GEOMETRIC_REPRESENTATION_CONTEXT ( 3 ) GLOBAL_UNCERTAINTY_ASSIGNED_CONTEXT ( ( #1486 ) ) GLOBAL_UNIT_ASSIGNED_CONTEXT ( ( #3170, #196, #2573 ) ) REPRESENTATION_CONTEXT ( 'NONE', 'WORKASPACE' ) );
#827 = CARTESIAN_POINT ( 'NONE',  ( 1399.896197674891255, -16.15047628209464392, 0.000000000000000000 ) ) ;
#828 = UNCERTAINTY_MEASURE_WITH_UNIT (LENGTH_MEASURE( 1.000000000000000082E-05 ), #453, 'distance_accuracy_value', 'NONE');
#829 = CIRCLE ( 'NONE', #926, 13.00000000000001066 ) ;
#830 = CARTESIAN_POINT ( 'NONE',  ( 1425.967424554725994, 221.7995519196868486, -300.0000000000002842 ) ) ;
#831 = ADVANCED_FACE ( 'NONE', ( #2387 ), #824, .F. ) ;
#832 = EDGE_CURVE ( 'NONE', #359, #1532, #1637, .T. ) ;
#833 = AXIS2_PLACEMENT_3D ( 'NONE', #2476, #3198, #3156 ) ;
#834 = FILL_AREA_STYLE ('',( #2164 ) ) ;
#835 = ORIENTED_EDGE ( 'NONE', *, *, #3214, .T. ) ;
#836 =( NAMED_UNIT ( * ) PLANE_ANGLE_UNIT ( ) SI_UNIT ( $, .RADIAN. ) );
#837 = COLOUR_RGB ( '',0.5882352941176470784, 0.5882352941176470784, 0.6313725490196078205 ) ;
#838 = CARTESIAN_POINT ( 'NONE',  ( 274.0000000000000000, -40.00000000000006395, -201.9999999999999716 ) ) ;
#839 = CARTESIAN_POINT ( 'NONE',  ( 1204.827626177543607, 44.08461679158262569, -300.0000000000005116 ) ) ;
#840 =( GEOMETRIC_REPRESENTATION_CONTEXT ( 3 ) GLOBAL_UNCERTAINTY_ASSIGNED_CONTEXT ( ( #2231 ) ) GLOBAL_UNIT_ASSIGNED_CONTEXT ( ( #3139, #241, #2606 ) ) REPRESENTATION_CONTEXT ( 'NONE', 'WORKASPACE' ) );
#841 = EDGE_LOOP ( 'NONE', ( #1514, #3152 ) ) ;
#842 = COLOUR_RGB ( '',0.5882352941176470784, 0.5882352941176470784, 0.6313725490196078205 ) ;
#843 = FACE_OUTER_BOUND ( 'NONE', #2241, .T. ) ;
#844 = CARTESIAN_POINT ( 'NONE',  ( -1422.833734489409835, 70.22410844762741533, -8.086895439843202027 ) ) ;
#845 =( NAMED_UNIT ( * ) SI_UNIT ( $, .STERADIAN. ) SOLID_ANGLE_UNIT ( ) );
#846 = PRESENTATION_STYLE_ASSIGNMENT (( #3203 ) ) ;
#847 = B_SPLINE_CURVE_WITH_KNOTS ( 'NONE', 3,
 ( #1431, #2728, #2203, #2653 ),
 .UNSPECIFIED., .F., .F.,
 ( 4, 4 ),
 ( 0.05692885116212990232, 1.000000000000000000 ),
 .UNSPECIFIED. ) ;
#848 = CARTESIAN_POINT ( 'NONE',  ( 1420.692693795792820, 66.09459000816121943, -3.504141421472207149E-16 ) ) ;
#849 = LINE ( 'NONE', #1918, #3043 ) ;
#850 =( NAMED_UNIT ( * ) PLANE_ANGLE_UNIT ( ) SI_UNIT ( $, .RADIAN. ) );
#851 = EDGE_LOOP ( 'NONE', ( #1074, #574, #2019, #2260, #596, #681 ) ) ;
#852 =( LENGTH_UNIT ( ) NAMED_UNIT ( * ) SI_UNIT ( .MILLI., .METRE. ) );
#853 = CARTESIAN_POINT ( 'NONE',  ( 1401.806892388572805, 40.25138785373228956, -300.0000000000002842 ) ) ;
#854 = ORIENTED_EDGE ( 'NONE', *, *, #2210, .F. ) ;
#855 = DIRECTION ( 'NONE',  ( 1.000000000000000000, 0.000000000000000000, 0.000000000000000000 ) ) ;
#856 = SURFACE_STYLE_USAGE ( .BOTH. , #342 ) ;
#857 = DIRECTION ( 'NONE',  ( 0.000000000000000000, 0.000000000000000000, 1.000000000000000000 ) ) ;
#858 = SURFACE_STYLE_FILL_AREA ( #2961 ) ;
#859 = CARTESIAN_POINT ( 'NONE',  ( 1419.811652104694531, 40.08708948833395169, 45.76960978391083756 ) ) ;
#860 = VERTEX_POINT ( 'NONE', #1083 ) ;
#861 = SURFACE_STYLE_USAGE ( .BOTH. , #2173 ) ;
#862 = COLOUR_RGB ( '',0.5882352941176470784, 0.5882352941176470784, 0.6313725490196078205 ) ;
#863 = FILL_AREA_STYLE_COLOUR ( '', #311 ) ;
#864 = UNCERTAINTY_MEASURE_WITH_UNIT (LENGTH_MEASURE( 1.000000000000000082E-05 ), #3070, 'distance_accuracy_value', 'NONE');
#865 = PRESENTATION_STYLE_ASSIGNMENT (( #3225 ) ) ;
#866 =( NAMED_UNIT ( * ) SI_UNIT ( $, .STERADIAN. ) SOLID_ANGLE_UNIT ( ) );
#867 = VECTOR ( 'NONE', #2517, 999.9999999999998863 ) ;
#868 = FILL_AREA_STYLE_COLOUR ( '', #1158 ) ;
#869 = EDGE_CURVE ( 'NONE', #3309, #457, #1684, .T. ) ;
#870 = PRESENTATION_LAYER_ASSIGNMENT (  '', '', ( #2835 ) ) ;
#871 = ORIENTED_EDGE ( 'NONE', *, *, #3138, .T. ) ;
#872 = ADVANCED_FACE ( 'NONE', ( #3428 ), #227, .T. ) ;
#873 = EDGE_CURVE ( 'NONE', #2059, #1336, #1940, .T. ) ;
#874 = CYLINDRICAL_SURFACE ( 'NONE', #2723, 2.000000000000001776 ) ;
#875 = PRESENTATION_STYLE_ASSIGNMENT (( #2973 ) ) ;
#876 = CARTESIAN_POINT ( 'NONE',  ( -0.0009999999999732445133, -40.00000000000006395, -111.9999999999999858 ) ) ;
#877 = FILL_AREA_STYLE ('',( #2438 ) ) ;
#878 =( NAMED_UNIT ( * ) SI_UNIT ( $, .STERADIAN. ) SOLID_ANGLE_UNIT ( ) );
#879 = ORIENTED_EDGE ( 'NONE', *, *, #2297, .F. ) ;
#880 = ADVANCED_BREP_SHAPE_REPRESENTATION ( 'sp S', ( #2571, #1272 ), #2801 ) ;
#881 = DIRECTION ( 'NONE',  ( 1.000000000000000000, -0.000000000000000000, -0.000000000000000000 ) ) ;
#882 = PLANE ( 'NONE',  #2187 ) ;
#883 =( NAMED_UNIT ( * ) SI_UNIT ( $, .STERADIAN. ) SOLID_ANGLE_UNIT ( ) );
#884 = CYLINDRICAL_SURFACE ( 'NONE', #2557, 19.99999999999998934 ) ;
#885 = LINE ( 'NONE', #2130, #1253 ) ;
#886 =( GEOMETRIC_REPRESENTATION_CONTEXT ( 3 ) GLOBAL_UNCERTAINTY_ASSIGNED_CONTEXT ( ( #2367 ) ) GLOBAL_UNIT_ASSIGNED_CONTEXT ( ( #1932, #2966, #813 ) ) REPRESENTATION_CONTEXT ( 'NONE', 'WORKASPACE' ) );
#887 = STYLED_ITEM ( 'NONE', ( #3346 ), #513 ) ;
#888 = MECHANICAL_DESIGN_GEOMETRIC_PRESENTATION_REPRESENTATION (  '', ( #2898 ), #208 ) ;
#889 =( GEOMETRIC_REPRESENTATION_CONTEXT ( 3 ) GLOBAL_UNCERTAINTY_ASSIGNED_CONTEXT ( ( #470 ) ) GLOBAL_UNIT_ASSIGNED_CONTEXT ( ( #2854, #2585, #1572 ) ) REPRESENTATION_CONTEXT ( 'NONE', 'WORKASPACE' ) );
#890 = ORIENTED_EDGE ( 'NONE', *, *, #2255, .T. ) ;
#891 = CARTESIAN_POINT ( 'NONE',  ( -1112.587575330613618, -11.14719206179313460, 0.000000000000000000 ) ) ;
#892 = VECTOR ( 'NONE', #3232, 1000.000000000000227 ) ;
#893 =( NAMED_UNIT ( * ) PLANE_ANGLE_UNIT ( ) SI_UNIT ( $, .RADIAN. ) );
#894 = EDGE_CURVE ( 'NONE', #2102, #2478, #1394, .T. ) ;
#895 = CARTESIAN_POINT ( 'NONE',  ( -1425.131434547332219, 197.1219336281366168, -298.0000000000002842 ) ) ;
#896 = FILL_AREA_STYLE ('',( #3205 ) ) ;
#897 = ORIENTED_EDGE ( 'NONE', *, *, #1270, .T. ) ;
#898 = CARTESIAN_POINT ( 'NONE',  ( 1399.479751977480191, -28.44355140138499394, 0.000000000000000000 ) ) ;
#899 = CARTESIAN_POINT ( 'NONE',  ( -249.9999999999998863, 30.84104345976373551, -212.2724982097075497 ) ) ;
#900 = UNCERTAINTY_MEASURE_WITH_UNIT (LENGTH_MEASURE( 1.000000000000000082E-05 ), #1140, 'distance_accuracy_value', 'NONE');
#901 = CARTESIAN_POINT ( 'NONE',  ( -1391.242646168423335, 70.70946643053831338, -121.2922234629156861 ) ) ;
#902 =( NAMED_UNIT ( * ) PLANE_ANGLE_UNIT ( ) SI_UNIT ( $, .RADIAN. ) );
#903 = FILL_AREA_STYLE_COLOUR ( '', #3426 ) ;
#904 = CIRCLE ( 'NONE', #3381, 19.99999999999998934 ) ;
#905 = ORIENTED_EDGE ( 'NONE', *, *, #2631, .T. ) ;
#906 = CARTESIAN_POINT ( 'NONE',  ( -1399.993764809766390, -13.27038861242657397, 0.4322228262982305558 ) ) ;
#907 = CARTESIAN_POINT ( 'NONE',  ( -1398.837992904122530, -47.38765995221309879, 0.000000000000000000 ) ) ;
#908 = DIRECTION ( 'NONE',  ( -1.000000000000000000, 0.000000000000000000, 0.000000000000000000 ) ) ;
#909 = ADVANCED_FACE ( 'NONE', ( #80 ), #2738, .F. ) ;
#910 = VERTEX_POINT ( 'NONE', #362 ) ;
#911 = CYLINDRICAL_SURFACE ( 'NONE', #1863, 14.99999999999999822 ) ;
#912 = CARTESIAN_POINT ( 'NONE',  ( 0.000000000000000000, 24.22748336924349033, 7.686249599770135887 ) ) ;
#913 = PRESENTATION_LAYER_ASSIGNMENT (  '', '', ( #530 ) ) ;
#914 = SURFACE_STYLE_FILL_AREA ( #2456 ) ;
#915 = CARTESIAN_POINT ( 'NONE',  ( -1112.883179013974541, 75.33822860229200558, -121.2922234629156861 ) ) ;
#916 = EDGE_CURVE ( 'NONE', #2489, #800, #1423, .T. ) ;
#917 = VECTOR ( 'NONE', #2718, 1000.000000000000000 ) ;
#918 = PRESENTATION_STYLE_ASSIGNMENT (( #3274 ) ) ;
#919 = COLOUR_RGB ( '',0.5882352941176470784, 0.5882352941176470784, 0.6313725490196078205 ) ;
#920 = VERTEX_POINT ( 'NONE', #3262 ) ;
#921 = CIRCLE ( 'NONE', #1364, 19.99999999999997513 ) ;
#922 = VERTEX_POINT ( 'NONE', #1956 ) ;
#923 = AXIS2_PLACEMENT_3D ( 'NONE', #3035, #1737, #3260 ) ;
#924 = DIRECTION ( 'NONE',  ( 0.000000000000000000, 0.000000000000000000, -1.000000000000000000 ) ) ;
#925 = CARTESIAN_POINT ( 'NONE',  ( -1204.580470136613940, -12.34922501057926247, 0.000000000000000000 ) ) ;
#926 = AXIS2_PLACEMENT_3D ( 'NONE', #2124, #300, #3167 ) ;
#927 = CARTESIAN_POINT ( 'NONE',  ( -250.0000000000000000, -130.0000000000000568, -201.9999999999999716 ) ) ;
#928 = CARTESIAN_POINT ( 'NONE',  ( 258.0418217857225613, -0.05001907689752320418, -62.00000000000000000 ) ) ;
#929 = VERTEX_POINT ( 'NONE', #645 ) ;
#930 = FACE_OUTER_BOUND ( 'NONE', #497, .T. ) ;
#931 = LINE ( 'NONE', #3063, #1591 ) ;
#932 = UNCERTAINTY_MEASURE_WITH_UNIT (LENGTH_MEASURE( 1.000000000000000082E-05 ), #1325, 'distance_accuracy_value', 'NONE');
#933 =( NAMED_UNIT ( * ) PLANE_ANGLE_UNIT ( ) SI_UNIT ( $, .RADIAN. ) );
#934 = DIRECTION ( 'NONE',  ( -0.9994266866073300282, -0.03385702433902990083, 0.000000000000000000 ) ) ;
#935 = SURFACE_STYLE_FILL_AREA ( #2767 ) ;
#936 = MECHANICAL_DESIGN_GEOMETRIC_PRESENTATION_REPRESENTATION (  '', ( #1321 ), #2249 ) ;
#937 = EDGE_LOOP ( 'NONE', ( #219, #1209, #1890, #2544 ) ) ;
#938 = MECHANICAL_DESIGN_GEOMETRIC_PRESENTATION_REPRESENTATION (  '', ( #887 ), #2846 ) ;
#939 = ORIENTED_EDGE ( 'NONE', *, *, #557, .T. ) ;
#940 = DIRECTION ( 'NONE',  ( 1.000000000000000000, -0.000000000000000000, -0.000000000000000000 ) ) ;
#941 =( GEOMETRIC_REPRESENTATION_CONTEXT ( 3 ) GLOBAL_UNCERTAINTY_ASSIGNED_CONTEXT ( ( #432 ) ) GLOBAL_UNIT_ASSIGNED_CONTEXT ( ( #3060, #3406, #1502 ) ) REPRESENTATION_CONTEXT ( 'NONE', 'WORKASPACE' ) );
#942 = EDGE_LOOP ( 'NONE', ( #65, #1887, #484, #1181 ) ) ;
#943 = DIRECTION ( 'NONE',  ( 0.03385702433900128483, 0.9994266866073311384, 0.000000000000000000 ) ) ;
#944 = DIRECTION ( 'NONE',  ( 0.03385702433903032410, -0.9994266866073300282, 0.000000000000000000 ) ) ;
#945 = DIRECTION ( 'NONE',  ( -0.03385702433904562436, -0.9994266866073295841, -0.000000000000000000 ) ) ;
#946 = AXIS2_PLACEMENT_3D ( 'NONE', #2233, #2054, #1470 ) ;
#947 = B_SPLINE_CURVE_WITH_KNOTS ( 'NONE', 3,
 ( #2569, #2354, #3407, #2103, #1604, #2068, #2365, #792, #529, #1793, #3425, #3101, #1064, #547 ),
 .UNSPECIFIED., .F., .F.,
 ( 4, 2, 2, 2, 2, 2, 4 ),
 ( 0.000000000000000000, 0.04604583459319665228, 0.09209166918639330457, 0.1151145864829915960, 0.1381375037795899152, 0.1611604210761882483, 0.1841833383727865814 ),
 .UNSPECIFIED. ) ;
#948 = AXIS2_PLACEMENT_3D ( 'NONE', #1725, #2281, #2488 ) ;
#949 = CARTESIAN_POINT ( 'NONE',  ( 1389.884411451001824, 8.465594352096985631, 7.686249599770135887 ) ) ;
#950 = CARTESIAN_POINT ( 'NONE',  ( 0.000000000000000000, 24.22748336924349033, 7.686249599770135887 ) ) ;
#951 = ORIENTED_EDGE ( 'NONE', *, *, #1992, .F. ) ;
#952 = CARTESIAN_POINT ( 'NONE',  ( 1427.130287920546152, 197.0542195794585894, -300.0000000000002842 ) ) ;
#953 = EDGE_LOOP ( 'NONE', ( #802, #1300, #3094, #606 ) ) ;
#954 = EDGE_LOOP ( 'NONE', ( #2092, #1727, #2547, #326 ) ) ;
#955 = AXIS2_PLACEMENT_3D ( 'NONE', #1285, #2330, #1022 ) ;
#956 = ADVANCED_FACE ( 'NONE', ( #1703 ), #2929, .T. ) ;
#957 = CARTESIAN_POINT ( 'NONE',  ( -1374.190817354238106, -15.33501353430897396, 0.000000000000000000 ) ) ;
#958 = FACE_OUTER_BOUND ( 'NONE', #409, .T. ) ;
#959 = DIRECTION ( 'NONE',  ( -1.000000000000000000, -1.734723475976805517E-15, 0.000000000000000000 ) ) ;
#960 = SURFACE_STYLE_FILL_AREA ( #1180 ) ;
#961 = FACE_OUTER_BOUND ( 'NONE', #2505, .T. ) ;
#962 = CARTESIAN_POINT ( 'NONE',  ( -1420.834881116195675, 70.29182249630545698, -8.086895439843202027 ) ) ;
#963 = CARTESIAN_POINT ( 'NONE',  ( 250.0000000000001137, 20.02671123105292494, -167.5146167913997601 ) ) ;
#964 = CARTESIAN_POINT ( 'NONE',  ( 274.0000000000000000, -40.00000000000006395, -131.9999999999999716 ) ) ;
#965 = FILL_AREA_STYLE_COLOUR ( '', #1610 ) ;
#966 = PRESENTATION_STYLE_ASSIGNMENT (( #2308 ) ) ;
#967 = PRESENTATION_LAYER_ASSIGNMENT (  '', '', ( #1080 ) ) ;
#968 =( GEOMETRIC_REPRESENTATION_CONTEXT ( 3 ) GLOBAL_UNCERTAINTY_ASSIGNED_CONTEXT ( ( #1382 ) ) GLOBAL_UNIT_ASSIGNED_CONTEXT ( ( #2223, #2536, #3320 ) ) REPRESENTATION_CONTEXT ( 'NONE', 'WORKASPACE' ) );
#969 = VERTEX_POINT ( 'NONE', #3007 ) ;
#970 = STYLED_ITEM ( 'NONE', ( #865 ), #1552 ) ;
#971 = EDGE_LOOP ( 'NONE', ( #1316, #1991, #2309, #1937 ) ) ;
#972 = ORIENTED_EDGE ( 'NONE', *, *, #1992, .T. ) ;
#973 = CARTESIAN_POINT ( 'NONE',  ( -1395.167274865347053, -24.88452416617809604, -64.65931874366233956 ) ) ;
#974 =( LENGTH_UNIT ( ) NAMED_UNIT ( * ) SI_UNIT ( .MILLI., .METRE. ) );
#975 = ADVANCED_FACE ( 'NONE', ( #958 ), #1501, .F. ) ;
#976 = ADVANCED_FACE ( 'NONE', ( #114 ), #1976, .F. ) ;
#977 = CARTESIAN_POINT ( 'NONE',  ( 1427.520898272196291, 208.5846602228615723, -279.0086427145310495 ) ) ;
#978 = AXIS2_PLACEMENT_3D ( 'NONE', #2836, #767, #2315 ) ;
#979 = COLOUR_RGB ( '',0.5882352941176470784, 0.5882352941176470784, 0.6313725490196078205 ) ;
#980 = SURFACE_STYLE_USAGE ( .BOTH. , #142 ) ;
#981 = DIRECTION ( 'NONE',  ( -0.000000000000000000, -0.000000000000000000, 1.000000000000000000 ) ) ;
#982 =( LENGTH_UNIT ( ) NAMED_UNIT ( * ) SI_UNIT ( .MILLI., .METRE. ) );
#983 = SURFACE_SIDE_STYLE ('',( #402 ) ) ;
#984 = FILL_AREA_STYLE_COLOUR ( '', #351 ) ;
#985 = VERTEX_POINT ( 'NONE', #1481 ) ;
#986 = ORIENTED_EDGE ( 'NONE', *, *, #2338, .F. ) ;
#987 = EDGE_LOOP ( 'NONE', ( #2732, #2689, #2650, #1771, #711, #2351 ) ) ;
#988 = VERTEX_POINT ( 'NONE', #136 ) ;
#989 = SURFACE_STYLE_FILL_AREA ( #525 ) ;
#990 = COLOUR_RGB ( '',0.5882352941176470784, 0.5882352941176470784, 0.6313725490196078205 ) ;
#991 = CARTESIAN_POINT ( 'NONE',  ( 1416.827673263054521, -47.99708639031563706, -298.0000000000002842 ) ) ;
#992 = MECHANICAL_DESIGN_GEOMETRIC_PRESENTATION_REPRESENTATION (  '', ( #1606 ), #378 ) ;
#993 = SURFACE_STYLE_FILL_AREA ( #668 ) ;
#994 = DIRECTION ( 'NONE',  ( 0.000000000000000000, 0.000000000000000000, 1.000000000000000000 ) ) ;
#995 =( LENGTH_UNIT ( ) NAMED_UNIT ( * ) SI_UNIT ( .MILLI., .METRE. ) );
#996 = CYLINDRICAL_SURFACE ( 'NONE', #3336, 2.000000000000001776 ) ;
#997 = AXIS2_PLACEMENT_3D ( 'NONE', #2731, #1434, #2750 ) ;
#998 = MECHANICAL_DESIGN_GEOMETRIC_PRESENTATION_REPRESENTATION (  '', ( #1164 ), #677 ) ;
#999 = CARTESIAN_POINT ( 'NONE',  ( 250.0000000000000000, -200.0000000000000568, -242.0000000000000000 ) ) ;
#1000 = FILL_AREA_STYLE ('',( #452 ) ) ;
#1001 = VECTOR ( 'NONE', #628, 999.9999999999998863 ) ;
#1002 = CARTESIAN_POINT ( 'NONE',  ( -0.0009999999999732445133, -130.0000000000000568, -201.9999999999999716 ) ) ;
#1003 = DIRECTION ( 'NONE',  ( -0.9994266866073300282, 0.03385702433903032410, 0.000000000000000000 ) ) ;
#1004 = SURFACE_STYLE_FILL_AREA ( #692 ) ;
#1005 = DIRECTION ( 'NONE',  ( -0.03385702433903541725, 0.9994266866073299171, -4.270088556250598741E-15 ) ) ;
#1006 = ORIENTED_EDGE ( 'NONE', *, *, #1489, .F. ) ;
#1007 = VECTOR ( 'NONE', #3311, 1000.000000000000000 ) ;
#1008 = ORIENTED_EDGE ( 'NONE', *, *, #3133, .T. ) ;
#1009 = ORIENTED_EDGE ( 'NONE', *, *, #1717, .F. ) ;
#1010 = SURFACE_STYLE_FILL_AREA ( #3370 ) ;
#1011 = LINE ( 'NONE', #3100, #778 ) ;
#1012 = CARTESIAN_POINT ( 'NONE',  ( 1204.541363668111217, -21.27851758480280964, -64.65931874366233956 ) ) ;
#1013 = CARTESIAN_POINT ( 'NONE',  ( 249.9999999999999716, 38.50646644706223753, -242.0000000000000000 ) ) ;
#1014 = DIRECTION ( 'NONE',  ( -1.000000000000000000, -0.000000000000000000, -0.000000000000000000 ) ) ;
#1015 = EDGE_CURVE ( 'NONE', #2883, #42, #1215, .T. ) ;
#1016 =( NAMED_UNIT ( * ) PLANE_ANGLE_UNIT ( ) SI_UNIT ( $, .RADIAN. ) );
#1017 = LINE ( 'NONE', #3147, #1707 ) ;
#1018 = DIRECTION ( 'NONE',  ( 1.000000000000000000, 0.000000000000000000, 0.000000000000000000 ) ) ;
#1019 = EDGE_LOOP ( 'NONE', ( #2864, #709 ) ) ;
#1020 = ORIENTED_EDGE ( 'NONE', *, *, #2254, .F. ) ;
#1021 = ORIENTED_EDGE ( 'NONE', *, *, #353, .F. ) ;
#1022 = DIRECTION ( 'NONE',  ( 0.03385702433900128483, 0.9994266866073311384, 0.000000000000000000 ) ) ;
#1023 =( GEOMETRIC_REPRESENTATION_CONTEXT ( 3 ) GLOBAL_UNCERTAINTY_ASSIGNED_CONTEXT ( ( #3168 ) ) GLOBAL_UNIT_ASSIGNED_CONTEXT ( ( #1112, #3219, #2945 ) ) REPRESENTATION_CONTEXT ( 'NONE', 'WORKASPACE' ) );
#1024 = CARTESIAN_POINT ( 'NONE',  ( 273.9999999999999432, -0.1978943452366518363, -61.99999999999998579 ) ) ;
#1025 =( GEOMETRIC_REPRESENTATION_CONTEXT ( 3 ) GLOBAL_UNCERTAINTY_ASSIGNED_CONTEXT ( ( #2745 ) ) GLOBAL_UNIT_ASSIGNED_CONTEXT ( ( #1183, #3086, #385 ) ) REPRESENTATION_CONTEXT ( 'NONE', 'WORKASPACE' ) );
#1026 =( NAMED_UNIT ( * ) SI_UNIT ( $, .STERADIAN. ) SOLID_ANGLE_UNIT ( ) );
#1027 = ORIENTED_EDGE ( 'NONE', *, *, #2299, .T. ) ;
#1028 = DIRECTION ( 'NONE',  ( -0.000000000000000000, -0.000000000000000000, -1.000000000000000000 ) ) ;
#1029 = SURFACE_SIDE_STYLE ('',( #1537 ) ) ;
#1030 = CARTESIAN_POINT ( 'NONE',  ( 1399.593876380191887, -25.07470916287379481, -64.65931874366233956 ) ) ;
#1031 =( NAMED_UNIT ( * ) PLANE_ANGLE_UNIT ( ) SI_UNIT ( $, .RADIAN. ) );
#1032 =( LENGTH_UNIT ( ) NAMED_UNIT ( * ) SI_UNIT ( .MILLI., .METRE. ) );
#1033 = MECHANICAL_DESIGN_GEOMETRIC_PRESENTATION_REPRESENTATION (  '', ( #2513 ), #2946 ) ;
#1034 = DIRECTION ( 'NONE',  ( -0.03385702433900134034, 0.9994266866073310274, 0.000000000000000000 ) ) ;
#1035 =( NAMED_UNIT ( * ) SI_UNIT ( $, .STERADIAN. ) SOLID_ANGLE_UNIT ( ) );
#1036 = ORIENTED_EDGE ( 'NONE', *, *, #1904, .T. ) ;
#1037 = ADVANCED_FACE ( 'NONE', ( #426 ), #2279, .F. ) ;
#1038 = ORIENTED_EDGE ( 'NONE', *, *, #769, .F. ) ;
#1039 = CARTESIAN_POINT ( 'NONE',  ( -1427.130287920546152, 197.0542195794585894, -285.0000000000002274 ) ) ;
#1040 = ORIENTED_EDGE ( 'NONE', *, *, #2343, .F. ) ;
#1041 = SURFACE_SIDE_STYLE ('',( #1903 ) ) ;
#1042 = DIRECTION ( 'NONE',  ( -0.000000000000000000, 0.000000000000000000, 1.000000000000000000 ) ) ;
#1043 = SURFACE_SIDE_STYLE ('',( #258 ) ) ;
#1044 = ORIENTED_EDGE ( 'NONE', *, *, #3133, .F. ) ;
#1045 = PRESENTATION_STYLE_ASSIGNMENT (( #771 ) ) ;
#1046 = CARTESIAN_POINT ( 'NONE',  ( -1399.479751977480191, -28.44355140138499394, 0.000000000000000000 ) ) ;
#1047 = MECHANICAL_DESIGN_GEOMETRIC_PRESENTATION_REPRESENTATION (  '', ( #1546 ), #826 ) ;
#1048 = CARTESIAN_POINT ( 'NONE',  ( 1375.086616633645463, 41.09234423577990469, -300.0000000000005116 ) ) ;
#1049 = CARTESIAN_POINT ( 'NONE',  ( -250.0000000000000000, -130.0000000000000568, -201.9999999999999716 ) ) ;
#1050 =( NAMED_UNIT ( * ) PLANE_ANGLE_UNIT ( ) SI_UNIT ( $, .RADIAN. ) );
#1051 = SURFACE_SIDE_STYLE ('',( #2875 ) ) ;
#1052 = AXIS2_PLACEMENT_3D ( 'NONE', #716, #1774, #736 ) ;
#1053 =( NAMED_UNIT ( * ) SI_UNIT ( $, .STERADIAN. ) SOLID_ANGLE_UNIT ( ) );
#1054 = FILL_AREA_STYLE_COLOUR ( '', #2955 ) ;
#1055 = CYLINDRICAL_SURFACE ( 'NONE', #20, 19.99999999999998934 ) ;
#1056 = ORIENTED_EDGE ( 'NONE', *, *, #55, .T. ) ;
#1057 =( GEOMETRIC_REPRESENTATION_CONTEXT ( 3 ) GLOBAL_UNCERTAINTY_ASSIGNED_CONTEXT ( ( #2410 ) ) GLOBAL_UNIT_ASSIGNED_CONTEXT ( ( #1541, #1559, #1855 ) ) REPRESENTATION_CONTEXT ( 'NONE', 'WORKASPACE' ) );
#1058 = FILL_AREA_STYLE_COLOUR ( '', #1221 ) ;
#1059 = ORIENTED_EDGE ( 'NONE', *, *, #2830, .F. ) ;
#1060 = CARTESIAN_POINT ( 'NONE',  ( -1417.537146385090864, -27.05412446627289924, -298.0000000000002842 ) ) ;
#1061 =( NAMED_UNIT ( * ) PLANE_ANGLE_UNIT ( ) SI_UNIT ( $, .RADIAN. ) );
#1062 = ORIENTED_EDGE ( 'NONE', *, *, #146, .F. ) ;
#1063 =( NAMED_UNIT ( * ) SI_UNIT ( $, .STERADIAN. ) SOLID_ANGLE_UNIT ( ) );
#1064 = CARTESIAN_POINT ( 'NONE',  ( -274.0000000000000000, 0.7934825165746119957, -69.61733258753223197 ) ) ;
#1065 = CARTESIAN_POINT ( 'NONE',  ( 1395.167274865347053, -24.88452416617809604, -64.65931874366233956 ) ) ;
#1066 = FILL_AREA_STYLE_COLOUR ( '', #2566 ) ;
#1067 = FILL_AREA_STYLE_COLOUR ( '', #837 ) ;
#1068 = CARTESIAN_POINT ( 'NONE',  ( 1389.355862670537363, -15.75622991521554184, 0.000000000000000000 ) ) ;
#1069 = UNCERTAINTY_MEASURE_WITH_UNIT (LENGTH_MEASURE( 1.000000000000000082E-05 ), #3421, 'distance_accuracy_value', 'NONE');
#1070 = PRESENTATION_STYLE_ASSIGNMENT (( #2861 ) ) ;
#1071 = DIRECTION ( 'NONE',  ( 1.000000000000000000, -0.000000000000000000, -0.000000000000000000 ) ) ;
#1072 = ORIENTED_EDGE ( 'NONE', *, *, #2055, .F. ) ;
#1073 = CYLINDRICAL_SURFACE ( 'NONE', #330, 14.99999999999999822 ) ;
#1074 = ORIENTED_EDGE ( 'NONE', *, *, #3316, .T. ) ;
#1075 = CARTESIAN_POINT ( 'NONE',  ( -1390.587036249947914, 40.66480670116645513, -300.0000000000000000 ) ) ;
#1076 = DIRECTION ( 'NONE',  ( 0.9994266866073300282, 0.03385702433903032410, 0.000000000000000000 ) ) ;
#1077 = VECTOR ( 'NONE', #630, 1000.000000000000227 ) ;
#1078 = VERTEX_POINT ( 'NONE', #316 ) ;
#1079 = SURFACE_STYLE_FILL_AREA ( #2906 ) ;
#1080 = STYLED_ITEM ( 'NONE', ( #148 ), #1229 ) ;
#1081 = CARTESIAN_POINT ( 'NONE',  ( 1374.190817354238106, -15.33501353430897396, 0.000000000000000000 ) ) ;
#1082 = EDGE_CURVE ( 'NONE', #2618, #1736, #2706, .T. ) ;
#1083 = CARTESIAN_POINT ( 'NONE',  ( 250.0000000000000000, -130.0000000000000568, -221.9999999999999716 ) ) ;
#1084 = EDGE_CURVE ( 'NONE', #478, #1439, #1643, .T. ) ;
#1085 =( LENGTH_UNIT ( ) NAMED_UNIT ( * ) SI_UNIT ( .MILLI., .METRE. ) );
#1086 = CARTESIAN_POINT ( 'NONE',  ( -1425.131434547332219, 197.1219336281366168, -285.0000000000002274 ) ) ;
#1087 = DIRECTION ( 'NONE',  ( 0.03385702433903032410, 0.9994266866073300282, -0.000000000000000000 ) ) ;
#1088 = CARTESIAN_POINT ( 'NONE',  ( -274.0000000000000000, -0.1978943452366488387, -62.00000000000000000 ) ) ;
#1089 = AXIS2_PLACEMENT_3D ( 'NONE', #3027, #172, #1275 ) ;
#1090 = ORIENTED_EDGE ( 'NONE', *, *, #722, .F. ) ;
#1091 = DIRECTION ( 'NONE',  ( -0.000000000000000000, -0.000000000000000000, 1.000000000000000000 ) ) ;
#1092 = VERTEX_POINT ( 'NONE', #1657 ) ;
#1093 = CARTESIAN_POINT ( 'NONE',  ( -1417.537146385090864, -27.05412446627289924, -300.0000000000002842 ) ) ;
#1094 = CARTESIAN_POINT ( 'NONE',  ( -1395.396815225207320, -15.95784810105340590, 0.000000000000000000 ) ) ;
#1095 =( NAMED_UNIT ( * ) PLANE_ANGLE_UNIT ( ) SI_UNIT ( $, .RADIAN. ) );
#1096 = SPHERICAL_SURFACE ( 'NONE', #3298, 2.000000000000000000 ) ;
#1097 = LINE ( 'NONE', #2157, #721 ) ;
#1098 = DIRECTION ( 'NONE',  ( 0.000000000000000000, -0.000000000000000000, -1.000000000000000000 ) ) ;
#1099 = AXIS2_PLACEMENT_3D ( 'NONE', #2406, #2181, #64 ) ;
#1100 = UNCERTAINTY_MEASURE_WITH_UNIT (LENGTH_MEASURE( 1.000000000000000082E-05 ), #995, 'distance_accuracy_value', 'NONE');
#1101 = VECTOR ( 'NONE', #1087, 1000.000000000000227 ) ;
#1102 = CARTESIAN_POINT ( 'NONE',  ( -250.0000000000000000, -130.0000000000000568, -221.9999999999999716 ) ) ;
#1103 = DIRECTION ( 'NONE',  ( -0.01560380995676602205, -0.4606094123151689979, 0.8874657685801227158 ) ) ;
#1104 = FACE_OUTER_BOUND ( 'NONE', #1973, .T. ) ;
#1105 =( GEOMETRIC_REPRESENTATION_CONTEXT ( 3 ) GLOBAL_UNCERTAINTY_ASSIGNED_CONTEXT ( ( #2440 ) ) GLOBAL_UNIT_ASSIGNED_CONTEXT ( ( #1641, #2182, #1145 ) ) REPRESENTATION_CONTEXT ( 'NONE', 'WORKASPACE' ) );
#1106 = CARTESIAN_POINT ( 'NONE',  ( 1418.826526636269136, -48.06480043899369292, -2.000000000000000000 ) ) ;
#1107 = STYLED_ITEM ( 'NONE', ( #429 ), #1851 ) ;
#1108 = MECHANICAL_DESIGN_GEOMETRIC_PRESENTATION_REPRESENTATION (  '', ( #673 ), #1996 ) ;
#1109 = ORIENTED_EDGE ( 'NONE', *, *, #2691, .T. ) ;
#1110 = CARTESIAN_POINT ( 'NONE',  ( 1417.469432336412865, -29.05297783948755708, -2.000000000000001776 ) ) ;
#1111 = FILL_AREA_STYLE ('',( #2944 ) ) ;
#1112 =( LENGTH_UNIT ( ) NAMED_UNIT ( * ) SI_UNIT ( .MILLI., .METRE. ) );
#1113 = CARTESIAN_POINT ( 'NONE',  ( -1417.537146385090864, -27.05412446627289924, -298.0000000000002842 ) ) ;
#1114 = FILL_AREA_STYLE ('',( #2409 ) ) ;
#1115 = SURFACE_STYLE_FILL_AREA ( #2933 ) ;
#1116 = EDGE_CURVE ( 'NONE', #785, #3285, #347, .T. ) ;
#1117 = DIRECTION ( 'NONE',  ( 0.000000000000000000, 0.000000000000000000, 1.000000000000000000 ) ) ;
#1118 = FILL_AREA_STYLE ('',( #1136 ) ) ;
#1119 = ADVANCED_FACE ( 'NONE', ( #1915 ), #2199, .F. ) ;
#1120 = EDGE_CURVE ( 'NONE', #3285, #2451, #1897, .T. ) ;
#1121 = PRESENTATION_STYLE_ASSIGNMENT (( #2664 ) ) ;
#1122 = CARTESIAN_POINT ( 'NONE',  ( -1401.806892388573033, 40.25138785373222561, -300.0000000000002842 ) ) ;
#1123 = ORIENTED_EDGE ( 'NONE', *, *, #2404, .T. ) ;
#1124 = CARTESIAN_POINT ( 'NONE',  ( -1399.896197674890800, -16.15047628209462971, 0.000000000000000000 ) ) ;
#1125 = CARTESIAN_POINT ( 'NONE',  ( 250.0000000000000000, -200.0000000000000568, -242.0000000000000000 ) ) ;
#1126 =( NAMED_UNIT ( * ) PLANE_ANGLE_UNIT ( ) SI_UNIT ( $, .RADIAN. ) );
#1127 = VECTOR ( 'NONE', #19, 1000.000000000000000 ) ;
#1128 = CYLINDRICAL_SURFACE ( 'NONE', #1560, 1.999999999999996891 ) ;
#1129 = COLOUR_RGB ( '',0.5882352941176470784, 0.5882352941176470784, 0.6313725490196078205 ) ;
#1130 = ORIENTED_EDGE ( 'NONE', *, *, #30, .T. ) ;
#1131 = CARTESIAN_POINT ( 'NONE',  ( 1419.468285709626798, -29.12069188816559517, 0.000000000000000000 ) ) ;
#1132 = AXIS2_PLACEMENT_3D ( 'NONE', #268, #1331, #2075 ) ;
#1133 = CARTESIAN_POINT ( 'NONE',  ( -250.0000000000000000, 0.02428439883142563538, -62.00000000000000000 ) ) ;
#1134 = UNCERTAINTY_MEASURE_WITH_UNIT (LENGTH_MEASURE( 1.000000000000000082E-05 ), #2977, 'distance_accuracy_value', 'NONE');
#1135 = SURFACE_SIDE_STYLE ('',( #3212 ) ) ;
#1136 = FILL_AREA_STYLE_COLOUR ( '', #1962 ) ;
#1137 = CARTESIAN_POINT ( 'NONE',  ( -1399.547466026158872, -26.44469802817036097, -298.0000000000002842 ) ) ;
#1138 = FILL_AREA_STYLE_COLOUR ( '', #1888 ) ;
#1139 = VECTOR ( 'NONE', #1967, 1000.000000000000000 ) ;
#1140 =( LENGTH_UNIT ( ) NAMED_UNIT ( * ) SI_UNIT ( .MILLI., .METRE. ) );
#1141 = CIRCLE ( 'NONE', #1089, 2.000000000000043965 ) ;
#1142 = ORIENTED_EDGE ( 'NONE', *, *, #247, .F. ) ;
#1143 = DIRECTION ( 'NONE',  ( 0.9994266866073300282, 0.03385702433903032410, 0.000000000000000000 ) ) ;
#1144 = SURFACE_STYLE_USAGE ( .BOTH. , #626 ) ;
#1145 =( NAMED_UNIT ( * ) SI_UNIT ( $, .STERADIAN. ) SOLID_ANGLE_UNIT ( ) );
#1146 = ORIENTED_EDGE ( 'NONE', *, *, #682, .T. ) ;
#1147 = FACE_BOUND ( 'NONE', #1599, .T. ) ;
#1148 =( GEOMETRIC_REPRESENTATION_CONTEXT ( 3 ) GLOBAL_UNCERTAINTY_ASSIGNED_CONTEXT ( ( #3046 ) ) GLOBAL_UNIT_ASSIGNED_CONTEXT ( ( #2471, #933, #706 ) ) REPRESENTATION_CONTEXT ( 'NONE', 'WORKASPACE' ) );
#1149 = CARTESIAN_POINT ( 'NONE',  ( -1407.592458440302607, 211.0357146547810601, -278.0868954398433175 ) ) ;
#1150 = AXIS2_PLACEMENT_3D ( 'NONE', #1276, #209, #2322 ) ;
#1151 = COLOUR_RGB ( '',0.5882352941176470784, 0.5882352941176470784, 0.6313725490196078205 ) ;
#1152 = VECTOR ( 'NONE', #1028, 1000.000000000000000 ) ;
#1153 = DIRECTION ( 'NONE',  ( -0.01560380995676538367, -0.4606094123151690534, 0.8874657685801226048 ) ) ;
#1154 = CIRCLE ( 'NONE', #997, 2.000000000000001776 ) ;
#1156 = EDGE_CURVE ( 'NONE', #1092, #2980, #2998, .T. ) ;
#1155 = ORIENTED_EDGE ( 'NONE', *, *, #869, .F. ) ;
#1157 = CARTESIAN_POINT ( 'NONE',  ( -1417.537146385090864, -27.05412446627290279, 0.000000000000000000 ) ) ;
#1158 = COLOUR_RGB ( '',0.5882352941176470784, 0.5882352941176470784, 0.6313725490196078205 ) ;
#1159 =( NAMED_UNIT ( * ) SI_UNIT ( $, .STERADIAN. ) SOLID_ANGLE_UNIT ( ) );
#1160 = EDGE_CURVE ( 'NONE', #2059, #988, #2932, .T. ) ;
#1161 = DIRECTION ( 'NONE',  ( 0.9994266866073301392, 0.03385702433902990777, -0.000000000000000000 ) ) ;
#1162 = EDGE_CURVE ( 'NONE', #320, #3332, #2468, .T. ) ;
#1163 = CARTESIAN_POINT ( 'NONE',  ( -250.0000000000000000, -200.0000000000000568, -62.00000000000000000 ) ) ;
#1164 = STYLED_ITEM ( 'NONE', ( #73 ), #2628 ) ;
#1165 = ORIENTED_EDGE ( 'NONE', *, *, #2921, .T. ) ;
#1166 = DIRECTION ( 'NONE',  ( -0.03385702433902946368, 0.9994266866073301392, 0.000000000000000000 ) ) ;
#1167 = FACE_OUTER_BOUND ( 'NONE', #1952, .T. ) ;
#1168 = UNCERTAINTY_MEASURE_WITH_UNIT (LENGTH_MEASURE( 1.000000000000000082E-05 ), #2897, 'distance_accuracy_value', 'NONE');
#1169 = CARTESIAN_POINT ( 'NONE',  ( 762.6702852943338939, 49.32469006642442366, -300.0000000000000000 ) ) ;
#1170 = SURFACE_SIDE_STYLE ('',( #914 ) ) ;
#1171 = CARTESIAN_POINT ( 'NONE',  ( 1417.537146385090864, -27.05412446627290279, 0.000000000000000000 ) ) ;
#1172 = CARTESIAN_POINT ( 'NONE',  ( 250.0000000000000000, -200.0000000000000568, -242.0000000000000000 ) ) ;
#1173 = B_SPLINE_CURVE_WITH_KNOTS ( 'NONE', 3,
 ( #151, #2261, #3318, #2116, #461, #733, #505, #3134, #3081, #2100, #788, #1286, #2041, #1024 ),
 .UNSPECIFIED., .F., .F.,
 ( 4, 2, 2, 2, 2, 2, 4 ),
 ( 0.000000000000000000, 0.04604583459319658983, 0.09209166918639317967, 0.1151145864829914989, 0.1381375037795898875, 0.1611604210761882761, 0.1841833383727866369 ),
 .UNSPECIFIED. ) ;
#1174 = FACE_OUTER_BOUND ( 'NONE', #1344, .T. ) ;
#1175 = SURFACE_STYLE_FILL_AREA ( #374 ) ;
#1176 = ORIENTED_EDGE ( 'NONE', *, *, #2192, .T. ) ;
#1177 = VECTOR ( 'NONE', #1850, 999.9999999999998863 ) ;
#1178 = EDGE_LOOP ( 'NONE', ( #2599, #149, #3056, #559 ) ) ;
#1179 =( NAMED_UNIT ( * ) SI_UNIT ( $, .STERADIAN. ) SOLID_ANGLE_UNIT ( ) );
#1180 = FILL_AREA_STYLE ('',( #1978 ) ) ;
#1181 = ORIENTED_EDGE ( 'NONE', *, *, #789, .T. ) ;
#1182 = EDGE_CURVE ( 'NONE', #1336, #3383, #1381, .T. ) ;
#1183 =( LENGTH_UNIT ( ) NAMED_UNIT ( * ) SI_UNIT ( .MILLI., .METRE. ) );
#1184 = DIRECTION ( 'NONE',  ( 0.03385702433902990777, 0.9994266866073301392, -0.000000000000000000 ) ) ;
#1185 = MECHANICAL_DESIGN_GEOMETRIC_PRESENTATION_REPRESENTATION (  '', ( #1189 ), #1023 ) ;
#1186 = LINE ( 'NONE', #674, #498 ) ;
#1187 = CARTESIAN_POINT ( 'NONE',  ( -1333.605930245424133, 42.00227540111954738, -300.0000000000000000 ) ) ;
#1188 = COLOUR_RGB ( '',0.5882352941176470784, 0.5882352941176470784, 0.6313725490196078205 ) ;
#1189 = STYLED_ITEM ( 'NONE', ( #1375 ), #956 ) ;
#1190 = CARTESIAN_POINT ( 'NONE',  ( 1306.023602974856658, 42.49593948750537464, -300.0000000000005116 ) ) ;
#1191 = CYLINDRICAL_SURFACE ( 'NONE', #3189, 14.99999999999999822 ) ;
#1192 = VERTEX_POINT ( 'NONE', #51 ) ;
#1193 = ORIENTED_EDGE ( 'NONE', *, *, #916, .F. ) ;
#1194 = AXIS2_PLACEMENT_3D ( 'NONE', #43, #3199, #1939 ) ;
#1195 = SURFACE_STYLE_USAGE ( .BOTH. , #2533 ) ;
#1196 = CARTESIAN_POINT ( 'NONE',  ( -250.0000000000000000, -200.0000000000000568, -62.00000000000000000 ) ) ;
#1197 = DIRECTION ( 'NONE',  ( -1.000000000000000000, -0.000000000000000000, -0.000000000000000000 ) ) ;
#1198 =( NAMED_UNIT ( * ) SI_UNIT ( $, .STERADIAN. ) SOLID_ANGLE_UNIT ( ) );
#1199 = DIRECTION ( 'NONE',  ( -0.03385702433903032410, 0.9994266866073300282, 0.000000000000000000 ) ) ;
#1200 = UNCERTAINTY_MEASURE_WITH_UNIT (LENGTH_MEASURE( 1.000000000000000082E-05 ), #2666, 'distance_accuracy_value', 'NONE');
#1201 = CARTESIAN_POINT ( 'NONE',  ( 1401.806892388572805, 40.25138785373222561, -300.0000000000000000 ) ) ;
#1202 = ADVANCED_FACE ( 'NONE', ( #3269 ), #911, .T. ) ;
#1203 = CARTESIAN_POINT ( 'NONE',  ( 250.0000000000000568, 2.154387780484967152, -77.20746022191353575 ) ) ;
#1204 = SURFACE_STYLE_USAGE ( .BOTH. , #145 ) ;
#1205 = SURFACE_SIDE_STYLE ('',( #3310 ) ) ;
#1206 = ADVANCED_FACE ( 'NONE', ( #961 ), #996, .T. ) ;
#1207 = CARTESIAN_POINT ( 'NONE',  ( -274.0000000000000000, -200.0000000000000568, -62.00000000000000000 ) ) ;
#1208 = AXIS2_PLACEMENT_3D ( 'NONE', #553, #1184, #1429 ) ;
#1209 = ORIENTED_EDGE ( 'NONE', *, *, #201, .F. ) ;
#1210 = CIRCLE ( 'NONE', #1432, 14.99999999999999822 ) ;
#1211 = ORIENTED_EDGE ( 'NONE', *, *, #832, .T. ) ;
#1212 = AXIS2_PLACEMENT_3D ( 'NONE', #2119, #28, #1436 ) ;
#1213 = B_SPLINE_CURVE_WITH_KNOTS ( 'NONE', 2,
 ( #1122, #2970, #622 ),
 .UNSPECIFIED., .F., .F.,
 ( 3, 3 ),
 ( 0.000000000000000000, 1.000000000000000000 ),
 .UNSPECIFIED. ) ;
#1214 = CARTESIAN_POINT ( 'NONE',  ( -430.6321342299369235, -12.77181298262081732, -64.65931874366233956 ) ) ;
#1215 = LINE ( 'NONE', #1196, #460 ) ;
#1216 =( NAMED_UNIT ( * ) SI_UNIT ( $, .STERADIAN. ) SOLID_ANGLE_UNIT ( ) );
#1217 = SURFACE_STYLE_USAGE ( .BOTH. , #3299 ) ;
#1218 = STYLED_ITEM ( 'NONE', ( #795 ), #1694 ) ;
#1219 =( NAMED_UNIT ( * ) PLANE_ANGLE_UNIT ( ) SI_UNIT ( $, .RADIAN. ) );
#1220 = CARTESIAN_POINT ( 'NONE',  ( 762.6135259109853450, -7.109572991377057782, 0.000000000000000000 ) ) ;
#1221 = COLOUR_RGB ( '',1.000000000000000000, 1.000000000000000000, 1.000000000000000000 ) ;
#1222 = DIRECTION ( 'NONE',  ( -0.03385702433900134034, -0.9994266866073310274, 0.000000000000000000 ) ) ;
#1223 = STYLED_ITEM ( 'NONE', ( #1445 ), #293 ) ;
#1224 = ADVANCED_FACE ( 'NONE', ( #930 ), #2490, .F. ) ;
#1225 = LINE ( 'NONE', #726, #2918 ) ;
#1226 =( NAMED_UNIT ( * ) SI_UNIT ( $, .STERADIAN. ) SOLID_ANGLE_UNIT ( ) );
#1227 = VERTEX_POINT ( 'NONE', #2265 ) ;
#1228 = EDGE_CURVE ( 'NONE', #2114, #2313, #2301, .T. ) ;
#1229 = ADVANCED_FACE ( 'NONE', ( #1236, #718, #2704, #2040, #3382 ), #1734, .F. ) ;
#1230 = EDGE_LOOP ( 'NONE', ( #2499, #1543 ) ) ;
#1231 = VERTEX_POINT ( 'NONE', #1526 ) ;
#1232 = FILL_AREA_STYLE ('',( #732 ) ) ;
#1233 = AXIS2_PLACEMENT_3D ( 'NONE', #1393, #2435, #62 ) ;
#1234 = DIRECTION ( 'NONE',  ( -1.000000000000000000, -0.000000000000000000, -0.000000000000000000 ) ) ;
#1235 =( NAMED_UNIT ( * ) PLANE_ANGLE_UNIT ( ) SI_UNIT ( $, .RADIAN. ) );
#1236 = FACE_BOUND ( 'NONE', #545, .T. ) ;
#1237 = LINE ( 'NONE', #2283, #2352 ) ;
#1238 = UNCERTAINTY_MEASURE_WITH_UNIT (LENGTH_MEASURE( 1.000000000000000082E-05 ), #982, 'distance_accuracy_value', 'NONE');
#1239 = CARTESIAN_POINT ( 'NONE',  ( 0.000000000000000000, 56.43421862917181642, -300.0000000000000000 ) ) ;
#1240 =( NAMED_UNIT ( * ) PLANE_ANGLE_UNIT ( ) SI_UNIT ( $, .RADIAN. ) );
#1241 = SURFACE_STYLE_USAGE ( .BOTH. , #2827 ) ;
#1242 = PRESENTATION_LAYER_ASSIGNMENT (  '', '', ( #297 ) ) ;
#1243 = DIRECTION ( 'NONE',  ( 1.000000000000000000, 0.000000000000000000, -0.000000000000000000 ) ) ;
#1244 = FILL_AREA_STYLE ('',( #984 ) ) ;
#1245 = CIRCLE ( 'NONE', #635, 13.00000000000001066 ) ;
#1246 = PRESENTATION_LAYER_ASSIGNMENT (  '', '', ( #1189 ) ) ;
#1247 = ORIENTED_EDGE ( 'NONE', *, *, #331, .F. ) ;
#1248 = COLOUR_RGB ( '',0.5882352941176470784, 0.5882352941176470784, 0.6313725490196078205 ) ;
#1249 = EDGE_LOOP ( 'NONE', ( #255, #4, #1038, #2515 ) ) ;
#1250 = ORIENTED_EDGE ( 'NONE', *, *, #2545, .T. ) ;
#1251 = CARTESIAN_POINT ( 'NONE',  ( -1374.190817354238106, -15.33501353430897396, 0.000000000000000000 ) ) ;
#1252 = ORIENTED_EDGE ( 'NONE', *, *, #2254, .T. ) ;
#1253 = VECTOR ( 'NONE', #934, 1000.000000000000114 ) ;
#1254 = SURFACE_SIDE_STYLE ('',( #1010 ) ) ;
#1255 = FILL_AREA_STYLE_COLOUR ( '', #2714 ) ;
#1256 = AXIS2_PLACEMENT_3D ( 'NONE', #2319, #1849, #755 ) ;
#1257 = FILL_AREA_STYLE ('',( #2247 ) ) ;
#1258 = AXIS2_PLACEMENT_3D ( 'NONE', #999, #1795, #2051 ) ;
#1259 = CARTESIAN_POINT ( 'NONE',  ( 1399.479751977480191, -28.44355140138499394, -298.0000000000002842 ) ) ;
#1260 = SURFACE_STYLE_FILL_AREA ( #1000 ) ;
#1261 = CARTESIAN_POINT ( 'NONE',  ( 274.0000000000000000, -130.0000000000000568, -201.9999999999999716 ) ) ;
#1262 = CARTESIAN_POINT ( 'NONE',  ( 1399.547466026158872, -26.44469802817036097, -2.000000000000001776 ) ) ;
#1263 = DIRECTION ( 'NONE',  ( 0.9994266866073300282, -0.03385702433902990083, -0.000000000000000000 ) ) ;
#1264 = VERTEX_POINT ( 'NONE', #2768 ) ;
#1265 = VERTEX_POINT ( 'NONE', #2036 ) ;
#1266 = FACE_OUTER_BOUND ( 'NONE', #83, .T. ) ;
#1267 = AXIS2_PLACEMENT_3D ( 'NONE', #2307, #2816, #1005 ) ;
#1268 = ORIENTED_EDGE ( 'NONE', *, *, #3353, .T. ) ;
#1269 = CARTESIAN_POINT ( 'NONE',  ( -250.0000000000000000, -130.0000000000000568, -111.9999999999999716 ) ) ;
#1270 = EDGE_CURVE ( 'NONE', #1227, #481, #1304, .T. ) ;
#1271 = SURFACE_SIDE_STYLE ('',( #203 ) ) ;
#1272 = AXIS2_PLACEMENT_3D ( 'NONE', #9, #565, #855 ) ;
#1273 = CARTESIAN_POINT ( 'NONE',  ( -1204.827626177543607, 44.08461679158262569, -300.0000000000005116 ) ) ;
#1274 = CARTESIAN_POINT ( 'NONE',  ( 1112.587575330613618, -11.14719206179313460, 0.000000000000000000 ) ) ;
#1275 = DIRECTION ( 'NONE',  ( 0.9994266866073300282, 0.03385702433903176739, 0.000000000000000000 ) ) ;
#1276 = CARTESIAN_POINT ( 'NONE',  ( -1407.141754188400455, 197.7313600662391764, -285.0000000000002274 ) ) ;
#1277 = SURFACE_STYLE_FILL_AREA ( #2913 ) ;
#1278 = AXIS2_PLACEMENT_3D ( 'NONE', #10, #1307, #772 ) ;
#1279 = CARTESIAN_POINT ( 'NONE',  ( 1425.131434547332219, 197.1219336281366168, -300.0000000000002842 ) ) ;
#1280 = DIRECTION ( 'NONE',  ( -1.000000000000000000, 0.000000000000000000, 0.000000000000000000 ) ) ;
#1281 = ORIENTED_EDGE ( 'NONE', *, *, #894, .F. ) ;
#1282 = ORIENTED_EDGE ( 'NONE', *, *, #455, .T. ) ;
#1283 = B_SPLINE_CURVE_WITH_KNOTS ( 'NONE', 3,
 ( #2218, #1732, #7, #41, #839, #1190, #278, #1343, #1889, #2381, #3179, #853 ),
 .UNSPECIFIED., .F., .F.,
 ( 4, 2, 2, 2, 2, 4 ),
 ( 0.000000000000000000, 0.5000000000000000000, 0.7500000000000000000, 0.8750000000000000000, 0.9375000000000000000, 1.000000000000000000 ),
 .UNSPECIFIED. ) ;
#1284 = ORIENTED_EDGE ( 'NONE', *, *, #3378, .T. ) ;
#1285 = CARTESIAN_POINT ( 'NONE',  ( 1417.537146385090864, -27.05412446627289924, -298.0000000000002842 ) ) ;
#1286 = CARTESIAN_POINT ( 'NONE',  ( 274.0000000000001137, 1.932217845643541709, -77.20751293656427094 ) ) ;
#1287 = FILL_AREA_STYLE_COLOUR ( '', #333 ) ;
#1288 = STYLED_ITEM ( 'NONE', ( #918 ), #414 ) ;
#1289 = FILL_AREA_STYLE_COLOUR ( '', #605 ) ;
#1290 = CARTESIAN_POINT ( 'NONE',  ( 430.6370062929070173, -3.842466645202340381, 0.000000000000000000 ) ) ;
#1291 = SURFACE_STYLE_USAGE ( .BOTH. , #566 ) ;
#1292 = CARTESIAN_POINT ( 'NONE',  ( 1399.547466026158872, -26.44469802817032189, -298.0000000000002842 ) ) ;
#1293 = CARTESIAN_POINT ( 'NONE',  ( 1416.827673263054521, -47.99708639031563706, -2.000000000000000000 ) ) ;
#1294 = EDGE_CURVE ( 'NONE', #3383, #457, #1801, .T. ) ;
#1295 = EDGE_CURVE ( 'NONE', #3309, #523, #3331, .T. ) ;
#1296 = CARTESIAN_POINT ( 'NONE',  ( 1365.066724591465118, -15.11541533918255453, 0.000000000000000000 ) ) ;
#1297 = CARTESIAN_POINT ( 'NONE',  ( -1399.547466026158872, -26.44469802817036452, -2.000000000000000000 ) ) ;
#1298 = FACE_OUTER_BOUND ( 'NONE', #2079, .T. ) ;
#1299 = ORIENTED_EDGE ( 'NONE', *, *, #2938, .T. ) ;
#1300 = ORIENTED_EDGE ( 'NONE', *, *, #2010, .F. ) ;
#1301 = ORIENTED_EDGE ( 'NONE', *, *, #1530, .T. ) ;
#1302 = CARTESIAN_POINT ( 'NONE',  ( -1425.522044898981676, 208.6523742715396281, -279.0086427145310495 ) ) ;
#1303 = CARTESIAN_POINT ( 'NONE',  ( -1365.066724591465118, -15.11541533918255453, 0.000000000000000000 ) ) ;
#1304 = CIRCLE ( 'NONE', #1358, 19.99999999999997513 ) ;
#1305 = ORIENTED_EDGE ( 'NONE', *, *, #75, .T. ) ;
#1306 = CARTESIAN_POINT ( 'NONE',  ( 1425.582138799235281, 210.4262882166785289, -278.0868954398434880 ) ) ;
#1307 = DIRECTION ( 'NONE',  ( -0.9994266866073301392, 0.03385702433903033104, 0.000000000000000000 ) ) ;
#1308 = CARTESIAN_POINT ( 'NONE',  ( 1305.500695114692007, -22.86558727930378510, -64.65931874366233956 ) ) ;
#1309 = UNCERTAINTY_MEASURE_WITH_UNIT (LENGTH_MEASURE( 1.000000000000000082E-05 ), #46, 'distance_accuracy_value', 'NONE');
#1310 = CIRCLE ( 'NONE', #2288, 2.000000000000001776 ) ;
#1311 = DIRECTION ( 'NONE',  ( 0.000000000000000000, 0.000000000000000000, -1.000000000000000000 ) ) ;
#1312 = CARTESIAN_POINT ( 'NONE',  ( 274.0000000000000000, -200.0000000000000568, -62.00000000000000000 ) ) ;
#1313 = MECHANICAL_DESIGN_GEOMETRIC_PRESENTATION_REPRESENTATION (  '', ( #2835 ), #3231 ) ;
#1314 =( NAMED_UNIT ( * ) PLANE_ANGLE_UNIT ( ) SI_UNIT ( $, .RADIAN. ) );
#1315 = DIRECTION ( 'NONE',  ( 1.000000000000000000, -0.000000000000000000, -0.000000000000000000 ) ) ;
#1316 = ORIENTED_EDGE ( 'NONE', *, *, #3002, .F. ) ;
#1317 = ADVANCED_FACE ( 'NONE', ( #2574 ), #477, .F. ) ;
#1318 = VERTEX_POINT ( 'NONE', #418 ) ;
#1319 = DIRECTION ( 'NONE',  ( 0.01560380995676510438, -0.4606094123151694975, 0.8874657685801226048 ) ) ;
#1320 = CARTESIAN_POINT ( 'NONE',  ( -1400.222710705961617, -6.512126688527465568, -107.3296593718312835 ) ) ;
#1321 = STYLED_ITEM ( 'NONE', ( #599 ), #2940 ) ;
#1322 = ORIENTED_EDGE ( 'NONE', *, *, #435, .F. ) ;
#1323 = COLOUR_RGB ( '',1.000000000000000000, 1.000000000000000000, 1.000000000000000000 ) ;
#1324 = CARTESIAN_POINT ( 'NONE',  ( 1365.066724591465118, -15.11541533918255453, 0.000000000000000000 ) ) ;
#1325 =( LENGTH_UNIT ( ) NAMED_UNIT ( * ) SI_UNIT ( .MILLI., .METRE. ) );
#1326 = VECTOR ( 'NONE', #116, 999.9999999999998863 ) ;
#1327 = DIRECTION ( 'NONE',  ( 0.000000000000000000, 1.000000000000000000, 0.000000000000000000 ) ) ;
#1328 = STYLED_ITEM ( 'NONE', ( #627 ), #3244 ) ;
#1329 = CARTESIAN_POINT ( 'NONE',  ( 250.0000000000000000, -130.0000000000000568, -131.9999999999999432 ) ) ;
#1330 = CARTESIAN_POINT ( 'NONE',  ( 1427.130287920546380, 197.0542195794585894, -285.0000000000002274 ) ) ;
#1331 = DIRECTION ( 'NONE',  ( -1.000000000000000000, 0.000000000000000000, 0.000000000000000000 ) ) ;
#1332 = ORIENTED_EDGE ( 'NONE', *, *, #2654, .F. ) ;
#1333 = AXIS2_PLACEMENT_3D ( 'NONE', #3248, #2659, #1363 ) ;
#1334 = STYLED_ITEM ( 'NONE', ( #339 ), #2571 ) ;
#1335 = SURFACE_STYLE_USAGE ( .BOTH. , #2113 ) ;
#1336 = VERTEX_POINT ( 'NONE', #3093 ) ;
#1337 = SURFACE_SIDE_STYLE ('',( #276 ) ) ;
#1338 = AXIS2_PLACEMENT_3D ( 'NONE', #1971, #3227, #659 ) ;
#1339 = DIRECTION ( 'NONE',  ( -0.01560380995676510438, -0.4606094123151694975, 0.8874657685801226048 ) ) ;
#1340 = EDGE_CURVE ( 'NONE', #441, #1318, #2613, .T. ) ;
#1341 = PRESENTATION_LAYER_ASSIGNMENT (  '', '', ( #2537 ) ) ;
#1342 = EDGE_CURVE ( 'NONE', #2563, #3364, #1245, .T. ) ;
#1343 = CARTESIAN_POINT ( 'NONE',  ( 1365.857280363919017, 41.31332949753017658, -300.0000000000005116 ) ) ;
#1344 = EDGE_LOOP ( 'NONE', ( #60, #3032, #2221, #854 ) ) ;
#1345 = DIRECTION ( 'NONE',  ( 1.000000000000000000, -0.000000000000000000, -0.000000000000000000 ) ) ;
#1346 = DIRECTION ( 'NONE',  ( 0.000000000000000000, 0.000000000000000000, -1.000000000000000000 ) ) ;
#1347 =( NAMED_UNIT ( * ) PLANE_ANGLE_UNIT ( ) SI_UNIT ( $, .RADIAN. ) );
#1348 = CIRCLE ( 'NONE', #2492, 1.999999999999996891 ) ;
#1349 = CARTESIAN_POINT ( 'NONE',  ( 430.6370062929070173, -3.842466645202340381, 0.000000000000000000 ) ) ;
#1350 = UNCERTAINTY_MEASURE_WITH_UNIT (LENGTH_MEASURE( 1.000000000000000082E-05 ), #292, 'distance_accuracy_value', 'NONE');
#1351 = FACE_OUTER_BOUND ( 'NONE', #198, .T. ) ;
#1352 = DIRECTION ( 'NONE',  ( 0.9994266866073301392, 0.03385702433902990777, 0.000000000000000000 ) ) ;
#1353 = DIRECTION ( 'NONE',  ( -0.03385702433900134034, 0.9994266866073310274, 0.000000000000000000 ) ) ;
#1354 = ORIENTED_EDGE ( 'NONE', *, *, #251, .F. ) ;
#1355 = ADVANCED_FACE ( 'NONE', ( #3109, #2146, #814, #1564, #1298 ), #1821, .T. ) ;
#1356 =( LENGTH_UNIT ( ) NAMED_UNIT ( * ) SI_UNIT ( .MILLI., .METRE. ) );
#1357 = CARTESIAN_POINT ( 'NONE',  ( -1305.572129838398723, -13.93651432149984437, 0.000000000000000000 ) ) ;
#1358 = AXIS2_PLACEMENT_3D ( 'NONE', #2273, #2258, #743 ) ;
#1359 = COLOUR_RGB ( '',0.5882352941176470784, 0.5882352941176470784, 0.6313725490196078205 ) ;
#1360 = CARTESIAN_POINT ( 'NONE',  ( -430.6677981570352927, 52.59171494700979110, -300.0000000000005116 ) ) ;
#1361 = PRESENTATION_LAYER_ASSIGNMENT (  '', '', ( #1687 ) ) ;
#1362 = DIRECTION ( 'NONE',  ( 1.000000000000000000, -0.000000000000000000, -0.000000000000000000 ) ) ;
#1363 = DIRECTION ( 'NONE',  ( 0.000000000000000000, 0.000000000000000000, -1.000000000000000000 ) ) ;
#1364 = AXIS2_PLACEMENT_3D ( 'NONE', #2115, #2349, #818 ) ;
#1365 = DIRECTION ( 'NONE',  ( 0.03385702433902946368, 0.9994266866073301392, -0.000000000000000000 ) ) ;
#1366 = DIRECTION ( 'NONE',  ( -0.9994266866073300282, -0.03385702433903032410, -0.000000000000000000 ) ) ;
#1367 = CARTESIAN_POINT ( 'NONE',  ( 274.0000000000000000, -200.0000000000000568, -62.00000000000000000 ) ) ;
#1368 = MECHANICAL_DESIGN_GEOMETRIC_PRESENTATION_REPRESENTATION (  '', ( #642 ), #1646 ) ;
#1369 = CARTESIAN_POINT ( 'NONE',  ( -0.0009999999999732445133, -40.00000000000006395, -92.00000000000000000 ) ) ;
#1370 = CARTESIAN_POINT ( 'NONE',  ( 1400.047993716088058, -11.66960362846256061, 1.949970187490462914E-08 ) ) ;
#1371 = EDGE_LOOP ( 'NONE', ( #2962, #1806 ) ) ;
#1372 = DIRECTION ( 'NONE',  ( 0.000000000000000000, 0.000000000000000000, 1.000000000000000000 ) ) ;
#1373 = EDGE_CURVE ( 'NONE', #359, #2095, #2391, .T. ) ;
#1374 = DIRECTION ( 'NONE',  ( -1.000000000000000000, -0.000000000000000000, -0.000000000000000000 ) ) ;
#1375 = PRESENTATION_STYLE_ASSIGNMENT (( #315 ) ) ;
#1376 = UNCERTAINTY_MEASURE_WITH_UNIT (LENGTH_MEASURE( 1.000000000000000082E-05 ), #528, 'distance_accuracy_value', 'NONE');
#1377 = CIRCLE ( 'NONE', #1267, 13.00000000000001066 ) ;
#1378 = DIRECTION ( 'NONE',  ( -0.01560380995676602031, -0.4606094123151689423, 0.8874657685801226048 ) ) ;
#1379 = EDGE_CURVE ( 'NONE', #1847, #42, #47, .T. ) ;
#1380 = EDGE_CURVE ( 'NONE', #2114, #2329, #130, .T. ) ;
#1381 = LINE ( 'NONE', #582, #2447 ) ;
#1382 = UNCERTAINTY_MEASURE_WITH_UNIT (LENGTH_MEASURE( 1.000000000000000082E-05 ), #2223, 'distance_accuracy_value', 'NONE');
#1383 = TOROIDAL_SURFACE ( 'NONE', #715, 13.00000000000000000, 2.000000000000000000 ) ;
#1384 = LINE ( 'NONE', #1367, #89 ) ;
#1385 = CARTESIAN_POINT ( 'NONE',  ( -266.0418136405626797, 38.35811184689509190, -241.9999999999999716 ) ) ;
#1386 = PRESENTATION_LAYER_ASSIGNMENT (  '', '', ( #3361 ) ) ;
#1387 = SURFACE_STYLE_FILL_AREA ( #3239 ) ;
#1388 =( GEOMETRIC_REPRESENTATION_CONTEXT ( 3 ) GLOBAL_UNCERTAINTY_ASSIGNED_CONTEXT ( ( #301 ) ) GLOBAL_UNIT_ASSIGNED_CONTEXT ( ( #1032, #1347, #3376 ) ) REPRESENTATION_CONTEXT ( 'NONE', 'WORKASPACE' ) );
#1389 = MECHANICAL_DESIGN_GEOMETRIC_PRESENTATION_REPRESENTATION (  '', ( #1288 ), #1711 ) ;
#1390 = CIRCLE ( 'NONE', #2645, 2.000000000000044853 ) ;
#1391 = ORIENTED_EDGE ( 'NONE', *, *, #1342, .F. ) ;
#1392 = CARTESIAN_POINT ( 'NONE',  ( 0.000000000000000000, 0.000000000000000000, 0.000000000000000000 ) ) ;
#1393 = CARTESIAN_POINT ( 'NONE',  ( -274.0000000000000000, -130.0000000000000568, -111.9999999999999716 ) ) ;
#1394 = LINE ( 'NONE', #2436, #917 ) ;
#1395 = ORIENTED_EDGE ( 'NONE', *, *, #3184, .T. ) ;
#1396 = CARTESIAN_POINT ( 'NONE',  ( 250.0000000000000000, -130.0000000000000568, -111.9999999999999716 ) ) ;
#1397 = EDGE_CURVE ( 'NONE', #3057, #1336, #3432, .T. ) ;
#1398 = CIRCLE ( 'NONE', #955, 2.000000000000000000 ) ;
#1399 = DIRECTION ( 'NONE',  ( 0.000000000000000000, 0.000000000000000000, -1.000000000000000000 ) ) ;
#1400 = ORIENTED_EDGE ( 'NONE', *, *, #3314, .F. ) ;
#1401 = DIRECTION ( 'NONE',  ( 0.000000000000000000, 0.000000000000000000, -1.000000000000000000 ) ) ;
#1402 = FILL_AREA_STYLE ('',( #343 ) ) ;
#1403 = DIRECTION ( 'NONE',  ( 1.000000000000000000, 0.000000000000000000, 0.000000000000000000 ) ) ;
#1404 = MECHANICAL_DESIGN_GEOMETRIC_PRESENTATION_REPRESENTATION (  '', ( #1080 ), #2076 ) ;
#1405 =( NAMED_UNIT ( * ) PLANE_ANGLE_UNIT ( ) SI_UNIT ( $, .RADIAN. ) );
#1406 = ORIENTED_EDGE ( 'NONE', *, *, #1484, .F. ) ;
#1407 = PRESENTATION_STYLE_ASSIGNMENT (( #2692 ) ) ;
#1408 =( GEOMETRIC_REPRESENTATION_CONTEXT ( 3 ) GLOBAL_UNCERTAINTY_ASSIGNED_CONTEXT ( ( #2144 ) ) GLOBAL_UNIT_ASSIGNED_CONTEXT ( ( #2709, #633, #2188 ) ) REPRESENTATION_CONTEXT ( 'NONE', 'WORKASPACE' ) );
#1409 = CARTESIAN_POINT ( 'NONE',  ( -250.0000000000000000, -200.0000000000000568, -62.00000000000000000 ) ) ;
#1410 = UNCERTAINTY_MEASURE_WITH_UNIT (LENGTH_MEASURE( 1.000000000000000082E-05 ), #5, 'distance_accuracy_value', 'NONE');
#1411 = CYLINDRICAL_SURFACE ( 'NONE', #423, 19.99999999999998934 ) ;
#1412 = FILL_AREA_STYLE_COLOUR ( '', #919 ) ;
#1413 = DIRECTION ( 'NONE',  ( 0.9994266866073300282, -0.03385702433903032410, -0.000000000000000000 ) ) ;
#1414 =( GEOMETRIC_REPRESENTATION_CONTEXT ( 3 ) GLOBAL_UNCERTAINTY_ASSIGNED_CONTEXT ( ( #265 ) ) GLOBAL_UNIT_ASSIGNED_CONTEXT ( ( #2242, #3058, #712 ) ) REPRESENTATION_CONTEXT ( 'NONE', 'WORKASPACE' ) );
#1415 = EDGE_CURVE ( 'NONE', #920, #2598, #763, .T. ) ;
#1416 = CARTESIAN_POINT ( 'NONE',  ( 1398.837992904122530, -47.38765995221309879, 0.000000000000000000 ) ) ;
#1417 = MECHANICAL_DESIGN_GEOMETRIC_PRESENTATION_REPRESENTATION (  '', ( #2942 ), #1414 ) ;
#1418 =( NAMED_UNIT ( * ) SI_UNIT ( $, .STERADIAN. ) SOLID_ANGLE_UNIT ( ) );
#1419 = PRESENTATION_LAYER_ASSIGNMENT (  '', '', ( #2023 ) ) ;
#1420 = ORIENTED_EDGE ( 'NONE', *, *, #1294, .T. ) ;
#1421 = CARTESIAN_POINT ( 'NONE',  ( 250.0000000000000000, -200.0000000000000568, -242.0000000000000000 ) ) ;
#1422 = CARTESIAN_POINT ( 'NONE',  ( 0.000000000000000000, 56.43421862917194431, -300.0000000000005116 ) ) ;
#1423 = LINE ( 'NONE', #2995, #1473 ) ;
#1424 = DIRECTION ( 'NONE',  ( -0.9994266866073302502, -0.03385702433902830488, 0.000000000000000000 ) ) ;
#1425 = CARTESIAN_POINT ( 'NONE',  ( -1419.468285709627480, -29.12069188816565912, -298.0000000000002842 ) ) ;
#1426 = ORIENTED_EDGE ( 'NONE', *, *, #1440, .T. ) ;
#1427 = DIRECTION ( 'NONE',  ( -0.03385702433903032410, -0.9994266866073300282, -0.000000000000000000 ) ) ;
#1428 = PLANE ( 'NONE',  #195 ) ;
#1429 = DIRECTION ( 'NONE',  ( -0.9994266866073300282, 0.03385702433902990083, 0.000000000000000000 ) ) ;
#1430 = DIRECTION ( 'NONE',  ( 0.03385702433903033104, -0.9994266866073301392, 0.000000000000000000 ) ) ;
#1431 = CARTESIAN_POINT ( 'NONE',  ( -1400.047993716088513, -11.66960362846258548, 0.000000000000000000 ) ) ;
#1432 = AXIS2_PLACEMENT_3D ( 'NONE', #3220, #567, #3164 ) ;
#1433 = CARTESIAN_POINT ( 'NONE',  ( 1401.806892388572805, 40.25138785373228956, -300.0000000000002842 ) ) ;
#1434 = DIRECTION ( 'NONE',  ( 0.000000000000000000, 0.000000000000000000, -1.000000000000000000 ) ) ;
#1435 =( GEOMETRIC_REPRESENTATION_CONTEXT ( 3 ) GLOBAL_UNCERTAINTY_ASSIGNED_CONTEXT ( ( #758 ) ) GLOBAL_UNIT_ASSIGNED_CONTEXT ( ( #701, #3026, #1216 ) ) REPRESENTATION_CONTEXT ( 'NONE', 'WORKASPACE' ) );
#1436 = DIRECTION ( 'NONE',  ( -0.03385702433903033104, -0.9994266866073301392, 0.000000000000000000 ) ) ;
#1437 = ORIENTED_EDGE ( 'NONE', *, *, #1397, .F. ) ;
#1438 = CIRCLE ( 'NONE', #1333, 19.99999999999998934 ) ;
#1439 = VERTEX_POINT ( 'NONE', #1577 ) ;
#1440 = EDGE_CURVE ( 'NONE', #1785, #1439, #752, .T. ) ;
#1441 = EDGE_CURVE ( 'NONE', #3033, #444, #685, .T. ) ;
#1442 = EDGE_CURVE ( 'NONE', #556, #1227, #3126, .T. ) ;
#1443 = LINE ( 'NONE', #410, #867 ) ;
#1444 = PRESENTATION_LAYER_ASSIGNMENT (  '', '', ( #501 ) ) ;
#1445 = PRESENTATION_STYLE_ASSIGNMENT (( #2534 ) ) ;
#1446 = AXIS2_PLACEMENT_3D ( 'NONE', #2431, #2459, #2177 ) ;
#1447 =( NAMED_UNIT ( * ) SI_UNIT ( $, .STERADIAN. ) SOLID_ANGLE_UNIT ( ) );
#1448 = MECHANICAL_DESIGN_GEOMETRIC_PRESENTATION_REPRESENTATION (  '', ( #2042 ), #3082 ) ;
#1449 = ORIENTED_EDGE ( 'NONE', *, *, #394, .F. ) ;
#1450 = SURFACE_SIDE_STYLE ('',( #2050 ) ) ;
#1451 = FACE_BOUND ( 'NONE', #1567, .T. ) ;
#1452 = UNCERTAINTY_MEASURE_WITH_UNIT (LENGTH_MEASURE( 1.000000000000000082E-05 ), #2984, 'distance_accuracy_value', 'NONE');
#1453 = CARTESIAN_POINT ( 'NONE',  ( 762.7005101292010067, 79.37639298474219629, -121.2922234629156861 ) ) ;
#1454 = CARTESIAN_POINT ( 'NONE',  ( -0.0009999999999732445133, -130.0000000000000568, -201.9999999999999716 ) ) ;
#1455 = DIRECTION ( 'NONE',  ( 0.000000000000000000, -0.8875738279011283760, -0.4606654968900297242 ) ) ;
#1456 = CARTESIAN_POINT ( 'NONE',  ( 274.0000000000000000, 38.28430035335733805, -242.0000000000000284 ) ) ;
#1457 =( NAMED_UNIT ( * ) PLANE_ANGLE_UNIT ( ) SI_UNIT ( $, .RADIAN. ) );
#1458 = ORIENTED_EDGE ( 'NONE', *, *, #3211, .F. ) ;
#1459 = PRESENTATION_LAYER_ASSIGNMENT (  '', '', ( #1626 ) ) ;
#1460 = ORIENTED_EDGE ( 'NONE', *, *, #1162, .T. ) ;
#1461 = CARTESIAN_POINT ( 'NONE',  ( -1112.587575330613618, -11.14719206179313460, 0.000000000000000000 ) ) ;
#1462 = ADVANCED_FACE ( 'NONE', ( #3414 ), #1055, .F. ) ;
#1463 = DIRECTION ( 'NONE',  ( 0.000000000000000000, 0.000000000000000000, 1.000000000000000000 ) ) ;
#1464 = LINE ( 'NONE', #1957, #1326 ) ;
#1465 = DIRECTION ( 'NONE',  ( -0.03385702433900134034, -0.9994266866073310274, 0.000000000000000000 ) ) ;
#1466 = VERTEX_POINT ( 'NONE', #370 ) ;
#1467 = CARTESIAN_POINT ( 'NONE',  ( -1427.638143285631486, 212.0456198785685444, -285.0000000000002274 ) ) ;
#1468 = CARTESIAN_POINT ( 'NONE',  ( 1397.620045755381170, 70.50216321214082882, -121.2922234629156861 ) ) ;
#1469 = PRESENTATION_LAYER_ASSIGNMENT (  '', '', ( #804 ) ) ;
#1470 = DIRECTION ( 'NONE',  ( -0.03385702433900134034, -0.9994266866073310274, 0.000000000000000000 ) ) ;
#1471 = CYLINDRICAL_SURFACE ( 'NONE', #22, 2.000000000000043965 ) ;
#1472 = COLOUR_RGB ( '',0.5882352941176470784, 0.5882352941176470784, 0.6313725490196078205 ) ;
#1473 = VECTOR ( 'NONE', #2211, 1000.000000000000114 ) ;
#1474 = FILL_AREA_STYLE_COLOUR ( '', #266 ) ;
#1475 = FILL_AREA_STYLE ('',( #2271 ) ) ;
#1476 = EDGE_LOOP ( 'NONE', ( #2243, #2756, #3242, #770 ) ) ;
#1477 = VERTEX_POINT ( 'NONE', #3213 ) ;
#1478 = B_SPLINE_CURVE_WITH_KNOTS ( 'NONE', 2,
 ( #1485, #416, #2266 ),
 .UNSPECIFIED., .F., .F.,
 ( 3, 3 ),
 ( 0.000000000000000000, 1.000000000000000000 ),
 .UNSPECIFIED. ) ;
#1479 = CARTESIAN_POINT ( 'NONE',  ( -250.0000000000000000, -40.00000000000006395, -92.00000000000000000 ) ) ;
#1480 = CARTESIAN_POINT ( 'NONE',  ( -1401.806892388572805, 40.25138785373235351, -300.0000000000005116 ) ) ;
#1481 = CARTESIAN_POINT ( 'NONE',  ( -1419.535999758305479, -27.12183851495095865, -298.0000000000002842 ) ) ;
#1482 = CARTESIAN_POINT ( 'NONE',  ( -1419.535999758305479, -27.12183851495095865, -2.000000000000000000 ) ) ;
#1483 = CARTESIAN_POINT ( 'NONE',  ( 1417.537146385090864, -27.05412446627286727, -298.0000000000002842 ) ) ;
#1484 = EDGE_CURVE ( 'NONE', #180, #1477, #2407, .T. ) ;
#1485 = CARTESIAN_POINT ( 'NONE',  ( 0.000000000000000000, 0.000000000000000000, 0.000000000000000000 ) ) ;
#1486 = UNCERTAINTY_MEASURE_WITH_UNIT (LENGTH_MEASURE( 1.000000000000000082E-05 ), #3170, 'distance_accuracy_value', 'NONE');
#1487 = CARTESIAN_POINT ( 'NONE',  ( 1112.883179013974541, 75.33822860229200558, -121.2922234629156861 ) ) ;
#1488 =( NAMED_UNIT ( * ) SI_UNIT ( $, .STERADIAN. ) SOLID_ANGLE_UNIT ( ) );
#1489 = EDGE_CURVE ( 'NONE', #2451, #2059, #2161, .T. ) ;
#1490 =( NAMED_UNIT ( * ) SI_UNIT ( $, .STERADIAN. ) SOLID_ANGLE_UNIT ( ) );
#1491 = DIRECTION ( 'NONE',  ( -0.03385702433903089309, 0.9994266866073300282, 0.000000000000000000 ) ) ;
#1492 = CARTESIAN_POINT ( 'NONE',  ( 1420.774787215941842, 68.51790855116652779, -9.008642714530772366 ) ) ;
#1493 = ORIENTED_EDGE ( 'NONE', *, *, #1182, .T. ) ;
#1494 = COLOUR_RGB ( '',0.5882352941176470784, 0.5882352941176470784, 0.6313725490196078205 ) ;
#1495 = CIRCLE ( 'NONE', #2152, 2.000000000000043965 ) ;
#1496 = ORIENTED_EDGE ( 'NONE', *, *, #873, .T. ) ;
#1497 = ORIENTED_EDGE ( 'NONE', *, *, #1553, .T. ) ;
#1498 = PRESENTATION_STYLE_ASSIGNMENT (( #1195 ) ) ;
#1499 = PRESENTATION_LAYER_ASSIGNMENT (  '', '', ( #2743 ) ) ;
#1500 = SURFACE_STYLE_FILL_AREA ( #424 ) ;
#1501 = PLANE ( 'NONE',  #242 ) ;
#1502 =( NAMED_UNIT ( * ) SI_UNIT ( $, .STERADIAN. ) SOLID_ANGLE_UNIT ( ) );
#1503 = SURFACE_STYLE_FILL_AREA ( #1257 ) ;
#1504 = AXIS2_PLACEMENT_3D ( 'NONE', #2826, #1730, #2269 ) ;
#1505 =( NAMED_UNIT ( * ) PLANE_ANGLE_UNIT ( ) SI_UNIT ( $, .RADIAN. ) );
#1506 = PRESENTATION_STYLE_ASSIGNMENT (( #1523 ) ) ;
#1507 = CARTESIAN_POINT ( 'NONE',  ( 1375.086616633645463, 41.09234423575345829, -300.0000000000000000 ) ) ;
#1508 = MECHANICAL_DESIGN_GEOMETRIC_PRESENTATION_REPRESENTATION (  '', ( #3206 ), #2372 ) ;
#1509 = DIRECTION ( 'NONE',  ( 1.000000000000000000, 0.000000000000000000, 0.000000000000000000 ) ) ;
#1510 = CIRCLE ( 'NONE', #2810, 19.99999999999998934 ) ;
#1511 = FACE_OUTER_BOUND ( 'NONE', #3369, .T. ) ;
#1512 = CARTESIAN_POINT ( 'NONE',  ( 1417.469432336412865, -29.05297783948755708, -300.0000000000002842 ) ) ;
#1513 = DIRECTION ( 'NONE',  ( 0.000000000000000000, -0.8875738279011244902, -0.4606654968900372737 ) ) ;
#1514 = ORIENTED_EDGE ( 'NONE', *, *, #178, .T. ) ;
#1515 = VERTEX_POINT ( 'NONE', #57 ) ;
#1516 = EDGE_LOOP ( 'NONE', ( #1332, #2562 ) ) ;
#1517 = DIRECTION ( 'NONE',  ( 1.000000000000000000, -0.000000000000000000, -0.000000000000000000 ) ) ;
#1518 = STYLED_ITEM ( 'NONE', ( #875 ), #271 ) ;
#1519 = DIRECTION ( 'NONE',  ( 0.000000000000000000, 0.000000000000000000, -1.000000000000000000 ) ) ;
#1520 = CARTESIAN_POINT ( 'NONE',  ( -1374.049078752702144, -24.26328016702485257, -64.65931874366233956 ) ) ;
#1521 = CARTESIAN_POINT ( 'NONE',  ( 274.0000000000000000, -40.00000000000006395, -221.9999999999999716 ) ) ;
#1522 = FILL_AREA_STYLE_COLOUR ( '', #2340 ) ;
#1523 = SURFACE_STYLE_USAGE ( .BOTH. , #451 ) ;
#1524 = SURFACE_STYLE_USAGE ( .BOTH. , #472 ) ;
#1525 = PLANE ( 'NONE',  #2466 ) ;
#1526 = CARTESIAN_POINT ( 'NONE',  ( 274.0000000000000000, -200.0000000000000568, -62.00000000000000000 ) ) ;
#1527 = PRESENTATION_LAYER_ASSIGNMENT (  '', '', ( #2990 ) ) ;
#1528 = PRESENTATION_LAYER_ASSIGNMENT (  '', '', ( #408 ) ) ;
#1529 = ORIENTED_EDGE ( 'NONE', *, *, #1740, .F. ) ;
#1530 = EDGE_CURVE ( 'NONE', #1649, #1736, #849, .T. ) ;
#1531 = ORIENTED_EDGE ( 'NONE', *, *, #1160, .F. ) ;
#1532 = VERTEX_POINT ( 'NONE', #1102 ) ;
#1533 = DIRECTION ( 'NONE',  ( 1.000000000000000000, 0.000000000000000000, 0.000000000000000000 ) ) ;
#1534 = DIRECTION ( 'NONE',  ( 0.000000000000000000, 0.000000000000000000, -1.000000000000000000 ) ) ;
#1535 =( NAMED_UNIT ( * ) PLANE_ANGLE_UNIT ( ) SI_UNIT ( $, .RADIAN. ) );
#1536 = CIRCLE ( 'NONE', #474, 19.99999999999998934 ) ;
#1537 = SURFACE_STYLE_FILL_AREA ( #511 ) ;
#1538 =( GEOMETRIC_REPRESENTATION_CONTEXT ( 3 ) GLOBAL_UNCERTAINTY_ASSIGNED_CONTEXT ( ( #652 ) ) GLOBAL_UNIT_ASSIGNED_CONTEXT ( ( #598, #2964, #617 ) ) REPRESENTATION_CONTEXT ( 'NONE', 'WORKASPACE' ) );
#1539 = CARTESIAN_POINT ( 'NONE',  ( 1419.468285709626798, -29.12069188816559517, -2.000000000000001776 ) ) ;
#1540 = CARTESIAN_POINT ( 'NONE',  ( -274.0000000000000000, -40.00000000000006395, -111.9999999999999858 ) ) ;
#1541 =( LENGTH_UNIT ( ) NAMED_UNIT ( * ) SI_UNIT ( .MILLI., .METRE. ) );
#1542 = SURFACE_STYLE_USAGE ( .BOTH. , #1205 ) ;
#1543 = ORIENTED_EDGE ( 'NONE', *, *, #1740, .T. ) ;
#1544 = ORIENTED_EDGE ( 'NONE', *, *, #3089, .T. ) ;
#1545 = DIRECTION ( 'NONE',  ( 0.9994266866073301392, 0.03385702433902990777, 0.000000000000000000 ) ) ;
#1546 = STYLED_ITEM ( 'NONE', ( #1070 ), #2798 ) ;
#1547 = ORIENTED_EDGE ( 'NONE', *, *, #376, .F. ) ;
#1548 = ORIENTED_EDGE ( 'NONE', *, *, #1783, .T. ) ;
#1549 = CIRCLE ( 'NONE', #1150, 14.99999999999999822 ) ;
#1550 = SURFACE_STYLE_USAGE ( .BOTH. , #223 ) ;
#1551 = AXIS2_PLACEMENT_3D ( 'NONE', #1093, #2904, #2149 ) ;
#1552 = ADVANCED_FACE ( 'NONE', ( #36 ), #3237, .F. ) ;
#1553 = EDGE_CURVE ( 'NONE', #320, #232, #2472, .T. ) ;
#1554 = CARTESIAN_POINT ( 'NONE',  ( 1419.535999758304797, -27.12183851495094089, 0.000000000000000000 ) ) ;
#1555 = CARTESIAN_POINT ( 'NONE',  ( -1365.857280363919017, 41.31332949753017658, -300.0000000000005116 ) ) ;
#1556 =( NAMED_UNIT ( * ) SI_UNIT ( $, .STERADIAN. ) SOLID_ANGLE_UNIT ( ) );
#1557 = CARTESIAN_POINT ( 'NONE',  ( 274.0000000000000000, -200.0000000000000568, -62.00000000000000000 ) ) ;
#1558 = COLOUR_RGB ( '',0.5882352941176470784, 0.5882352941176470784, 0.6313725490196078205 ) ;
#1559 =( NAMED_UNIT ( * ) PLANE_ANGLE_UNIT ( ) SI_UNIT ( $, .RADIAN. ) );
#1560 = AXIS2_PLACEMENT_3D ( 'NONE', #3354, #3061, #1465 ) ;
#1561 = PRESENTATION_LAYER_ASSIGNMENT (  '', '', ( #3019 ) ) ;
#1562 = SURFACE_SIDE_STYLE ('',( #520 ) ) ;
#1563 = MECHANICAL_DESIGN_GEOMETRIC_PRESENTATION_REPRESENTATION (  '', ( #1223 ), #2697 ) ;
#1564 = FACE_BOUND ( 'NONE', #2576, .T. ) ;
#1565 = ORIENTED_EDGE ( 'NONE', *, *, #2729, .F. ) ;
#1566 = MECHANICAL_DESIGN_GEOMETRIC_PRESENTATION_REPRESENTATION (  '', ( #2596 ), #56 ) ;
#1567 = EDGE_LOOP ( 'NONE', ( #1211, #835 ) ) ;
#1568 = VERTEX_POINT ( 'NONE', #349 ) ;
#1569 = SURFACE_STYLE_FILL_AREA ( #3047 ) ;
#1570 = DIRECTION ( 'NONE',  ( -0.9994266866073300282, 0.03385702433903032410, 0.000000000000000000 ) ) ;
#1571 = ORIENTED_EDGE ( 'NONE', *, *, #769, .T. ) ;
#1572 =( NAMED_UNIT ( * ) SI_UNIT ( $, .STERADIAN. ) SOLID_ANGLE_UNIT ( ) );
#1573 = ADVANCED_FACE ( 'NONE', ( #2967 ), #884, .F. ) ;
#1574 = CARTESIAN_POINT ( 'NONE',  ( 1390.587036249947914, 40.66480670114027873, -300.0000000000005116 ) ) ;
#1575 = CARTESIAN_POINT ( 'NONE',  ( -1399.547466026158190, -26.44469802817034676, 0.000000000000000000 ) ) ;
#1576 = FACE_OUTER_BOUND ( 'NONE', #937, .T. ) ;
#1577 = CARTESIAN_POINT ( 'NONE',  ( 274.0000000000000000, -130.0000000000000568, -182.0000000000000000 ) ) ;
#1578 = ORIENTED_EDGE ( 'NONE', *, *, #146, .T. ) ;
#1579 = ORIENTED_EDGE ( 'NONE', *, *, #179, .F. ) ;
#1580 = PRESENTATION_STYLE_ASSIGNMENT (( #524 ) ) ;
#1581 = VECTOR ( 'NONE', #1166, 1000.000000000000114 ) ;
#1582 = CARTESIAN_POINT ( 'NONE',  ( -1395.396815225207320, -15.95784810105340590, 0.000000000000000000 ) ) ;
#1583 = FILL_AREA_STYLE ('',( #3387 ) ) ;
#1584 = EDGE_LOOP ( 'NONE', ( #3128, #2868, #1908, #1753, #639, #939, #76 ) ) ;
#1585 = DIRECTION ( 'NONE',  ( 0.000000000000000000, 0.000000000000000000, 1.000000000000000000 ) ) ;
#1586 = CARTESIAN_POINT ( 'NONE',  ( 0.000000000000000000, 0.000000000000000000, 0.000000000000000000 ) ) ;
#1587 =( NAMED_UNIT ( * ) SI_UNIT ( $, .STERADIAN. ) SOLID_ANGLE_UNIT ( ) );
#1588 = AXIS2_PLACEMENT_3D ( 'NONE', #3177, #1873, #2902 ) ;
#1589 = FACE_BOUND ( 'NONE', #2531, .T. ) ;
#1590 = FACE_OUTER_BOUND ( 'NONE', #2722, .T. ) ;
#1591 = VECTOR ( 'NONE', #1981, 1000.000000000000000 ) ;
#1592 = DIRECTION ( 'NONE',  ( -0.03385702433903033104, -0.9994266866073300282, 0.000000000000000000 ) ) ;
#1593 = UNCERTAINTY_MEASURE_WITH_UNIT (LENGTH_MEASURE( 1.000000000000000082E-05 ), #3102, 'distance_accuracy_value', 'NONE');
#1594 = CARTESIAN_POINT ( 'NONE',  ( 1418.826526636269136, -48.06480043899369292, -298.0000000000002842 ) ) ;
#1595 = ADVANCED_FACE ( 'NONE', ( #2765 ), #1762, .T. ) ;
#1596 = EDGE_CURVE ( 'NONE', #3097, #2489, #3422, .T. ) ;
#1597 = EDGE_CURVE ( 'NONE', #1664, #3033, #2702, .T. ) ;
#1598 = SURFACE_STYLE_USAGE ( .BOTH. , #1858 ) ;
#1599 = EDGE_LOOP ( 'NONE', ( #539, #1786 ) ) ;
#1600 = ORIENTED_EDGE ( 'NONE', *, *, #1653, .F. ) ;
#1601 = CARTESIAN_POINT ( 'NONE',  ( -1112.780464152719105, 45.28671516776690709, -300.0000000000000000 ) ) ;
#1602 = AXIS2_PLACEMENT_3D ( 'NONE', #1297, #2341, #1034 ) ;
#1603 = ORIENTED_EDGE ( 'NONE', *, *, #225, .T. ) ;
#1604 = CARTESIAN_POINT ( 'NONE',  ( -273.9999999999998863, 19.80449213959226995, -167.5144132573570062 ) ) ;
#1605 = MECHANICAL_DESIGN_GEOMETRIC_PRESENTATION_REPRESENTATION (  '', ( #2844 ), #3357 ) ;
#1606 = STYLED_ITEM ( 'NONE', ( #2614 ), #552 ) ;
#1607 = LINE ( 'NONE', #3120, #1177 ) ;
#1608 = AXIS2_PLACEMENT_3D ( 'NONE', #2503, #1197, #2246 ) ;
#1609 = PRESENTATION_STYLE_ASSIGNMENT (( #3145 ) ) ;
#1610 = COLOUR_RGB ( '',0.5882352941176470784, 0.5882352941176470784, 0.6313725490196078205 ) ;
#1611 = VECTOR ( 'NONE', #1091, 1000.000000000000000 ) ;
#1612 = PRESENTATION_LAYER_ASSIGNMENT (  '', '', ( #2805 ) ) ;
#1613 = DIRECTION ( 'NONE',  ( 1.000000000000000000, -0.000000000000000000, -0.000000000000000000 ) ) ;
#1614 = PRESENTATION_STYLE_ASSIGNMENT (( #521 ) ) ;
#1615 =( GEOMETRIC_REPRESENTATION_CONTEXT ( 3 ) GLOBAL_UNCERTAINTY_ASSIGNED_CONTEXT ( ( #1100 ) ) GLOBAL_UNIT_ASSIGNED_CONTEXT ( ( #995, #3044, #2760 ) ) REPRESENTATION_CONTEXT ( 'NONE', 'WORKASPACE' ) );
#1616 =( GEOMETRIC_REPRESENTATION_CONTEXT ( 3 ) GLOBAL_UNCERTAINTY_ASSIGNED_CONTEXT ( ( #1200 ) ) GLOBAL_UNIT_ASSIGNED_CONTEXT ( ( #2666, #88, #1418 ) ) REPRESENTATION_CONTEXT ( 'NONE', 'WORKASPACE' ) );
#1617 = EDGE_CURVE ( 'NONE', #1439, #1785, #1773, .T. ) ;
#1618 = EDGE_CURVE ( 'NONE', #2418, #2489, #2304, .T. ) ;
#1619 =( NAMED_UNIT ( * ) PLANE_ANGLE_UNIT ( ) SI_UNIT ( $, .RADIAN. ) );
#1620 = ORIENTED_EDGE ( 'NONE', *, *, #1415, .F. ) ;
#1621 = CARTESIAN_POINT ( 'NONE',  ( -250.0000000000000000, -200.0000000000000568, -242.0000000000000000 ) ) ;
#1622 = COLOUR_RGB ( '',0.5882352941176470784, 0.5882352941176470784, 0.6313725490196078205 ) ;
#1623 = CARTESIAN_POINT ( 'NONE',  ( -1400.716468168996471, 8.063117146462586149, 7.686249599770135887 ) ) ;
#1624 = SHAPE_DEFINITION_REPRESENTATION ( #2031, #880 ) ;
#1625 = LINE ( 'NONE', #1425, #892 ) ;
#1626 = STYLED_ITEM ( 'NONE', ( #2063 ), #72 ) ;
#1627 = UNCERTAINTY_MEASURE_WITH_UNIT (LENGTH_MEASURE( 1.000000000000000082E-05 ), #753, 'distance_accuracy_value', 'NONE');
#1628 = FACE_OUTER_BOUND ( 'NONE', #805, .T. ) ;
#1629 = DIRECTION ( 'NONE',  ( 0.000000000000000000, 0.000000000000000000, 1.000000000000000000 ) ) ;
#1630 =( NAMED_UNIT ( * ) SI_UNIT ( $, .STERADIAN. ) SOLID_ANGLE_UNIT ( ) );
#1631 = FILL_AREA_STYLE_COLOUR ( '', #2696 ) ;
#1632 =( NAMED_UNIT ( * ) SI_UNIT ( $, .STERADIAN. ) SOLID_ANGLE_UNIT ( ) );
#1633 = VECTOR ( 'NONE', #1427, 1000.000000000000227 ) ;
#1634 = ORIENTED_EDGE ( 'NONE', *, *, #3316, .F. ) ;
#1635 = SURFACE_STYLE_USAGE ( .BOTH. , #2701 ) ;
#1636 =( GEOMETRIC_REPRESENTATION_CONTEXT ( 3 ) GLOBAL_UNCERTAINTY_ASSIGNED_CONTEXT ( ( #3236 ) ) GLOBAL_UNIT_ASSIGNED_CONTEXT ( ( #2018, #2817, #3054 ) ) REPRESENTATION_CONTEXT ( 'NONE', 'WORKASPACE' ) );
#1637 = CIRCLE ( 'NONE', #131, 19.99999999999998934 ) ;
#1638 = SURFACE_SIDE_STYLE ('',( #2449 ) ) ;
#1639 = SURFACE_SIDE_STYLE ('',( #2154 ) ) ;
#1640 = FACE_OUTER_BOUND ( 'NONE', #2992, .T. ) ;
#1641 =( LENGTH_UNIT ( ) NAMED_UNIT ( * ) SI_UNIT ( .MILLI., .METRE. ) );
#1642 = CIRCLE ( 'NONE', #640, 13.00000000000000355 ) ;
#1643 = LINE ( 'NONE', #1961, #2663 ) ;
#1644 = DIRECTION ( 'NONE',  ( 0.000000000000000000, 0.000000000000000000, 1.000000000000000000 ) ) ;
#1645 = CARTESIAN_POINT ( 'NONE',  ( -0.0009999999999732445133, -40.00000000000006395, -182.0000000000000000 ) ) ;
#1646 =( GEOMETRIC_REPRESENTATION_CONTEXT ( 3 ) GLOBAL_UNCERTAINTY_ASSIGNED_CONTEXT ( ( #3210 ) ) GLOBAL_UNIT_ASSIGNED_CONTEXT ( ( #1666, #2943, #823 ) ) REPRESENTATION_CONTEXT ( 'NONE', 'WORKASPACE' ) );
#1647 = CARTESIAN_POINT ( 'NONE',  ( -274.0000000000000000, 38.28430035335733095, -242.0000000000000000 ) ) ;
#1648 = DIRECTION ( 'NONE',  ( 0.000000000000000000, 0.000000000000000000, -1.000000000000000000 ) ) ;
#1649 = VERTEX_POINT ( 'NONE', #2493 ) ;
#1650 = PRESENTATION_STYLE_ASSIGNMENT (( #546 ) ) ;
#1651 = CARTESIAN_POINT ( 'NONE',  ( -430.6370062929070173, -3.842466645202340381, 0.000000000000000000 ) ) ;
#1652 =( LENGTH_UNIT ( ) NAMED_UNIT ( * ) SI_UNIT ( .MILLI., .METRE. ) );
#1653 = EDGE_CURVE ( 'NONE', #2618, #1515, #1186, .T. ) ;
#1654 = VECTOR ( 'NONE', #780, 1000.000000000000227 ) ;
#1655 = SURFACE_STYLE_FILL_AREA ( #568 ) ;
#1656 = ORIENTED_EDGE ( 'NONE', *, *, #2546, .T. ) ;
#1657 = CARTESIAN_POINT ( 'NONE',  ( -1399.896197674890800, -16.15047628209462971, 0.000000000000000000 ) ) ;
#1658 = SURFACE_SIDE_STYLE ('',( #2725 ) ) ;
#1659 = UNCERTAINTY_MEASURE_WITH_UNIT (LENGTH_MEASURE( 1.000000000000000082E-05 ), #214, 'distance_accuracy_value', 'NONE');
#1660 =( NAMED_UNIT ( * ) PLANE_ANGLE_UNIT ( ) SI_UNIT ( $, .RADIAN. ) );
#1661 = COLOUR_RGB ( '',0.5882352941176470784, 0.5882352941176470784, 0.6313725490196078205 ) ;
#1662 = SURFACE_STYLE_FILL_AREA ( #2497 ) ;
#1663 = PRESENTATION_LAYER_ASSIGNMENT (  '', '', ( #3365 ) ) ;
#1664 = VERTEX_POINT ( 'NONE', #2123 ) ;
#1665 = PRESENTATION_LAYER_ASSIGNMENT (  '', '', ( #1938 ) ) ;
#1666 =( LENGTH_UNIT ( ) NAMED_UNIT ( * ) SI_UNIT ( .MILLI., .METRE. ) );
#1667 = CARTESIAN_POINT ( 'NONE',  ( 1401.806892388572805, 40.25138785373228956, -300.0000000000002842 ) ) ;
#1668 = FILL_AREA_STYLE_COLOUR ( '', #1710 ) ;
#1669 =( LENGTH_UNIT ( ) NAMED_UNIT ( * ) SI_UNIT ( .MILLI., .METRE. ) );
#1670 = EDGE_CURVE ( 'NONE', #1231, #929, #2610, .T. ) ;
#1671 = ADVANCED_FACE ( 'NONE', ( #211 ), #3249, .T. ) ;
#1672 = EDGE_LOOP ( 'NONE', ( #3401, #1565, #2039, #132 ) ) ;
#1673 = FACE_OUTER_BOUND ( 'NONE', #3078, .T. ) ;
#1674 = CIRCLE ( 'NONE', #1948, 19.99999999999998934 ) ;
#1675 = EDGE_CURVE ( 'NONE', #2290, #197, #3183, .T. ) ;
#1676 = CARTESIAN_POINT ( 'NONE',  ( -1396.847528854140364, 40.45947280096583398, -300.0000000000000000 ) ) ;
#1677 =( NAMED_UNIT ( * ) PLANE_ANGLE_UNIT ( ) SI_UNIT ( $, .RADIAN. ) );
#1678 = EDGE_LOOP ( 'NONE', ( #564, #2882 ) ) ;
#1679 = CARTESIAN_POINT ( 'NONE',  ( -1390.587036249947914, 40.66480670114027873, -300.0000000000005116 ) ) ;
#1680 = SURFACE_STYLE_FILL_AREA ( #63 ) ;
#1681 = DIRECTION ( 'NONE',  ( -0.03385702433900134034, 0.9994266866073310274, 0.000000000000000000 ) ) ;
#1682 =( GEOMETRIC_REPRESENTATION_CONTEXT ( 3 ) GLOBAL_UNCERTAINTY_ASSIGNED_CONTEXT ( ( #1931 ) ) GLOBAL_UNIT_ASSIGNED_CONTEXT ( ( #285, #3171, #1035 ) ) REPRESENTATION_CONTEXT ( 'NONE', 'WORKASPACE' ) );
#1683 = PRESENTATION_STYLE_ASSIGNMENT (( #2688 ) ) ;
#1684 = CIRCLE ( 'NONE', #2077, 14.99999999999999822 ) ;
#1685 = ORIENTED_EDGE ( 'NONE', *, *, #1342, .T. ) ;
#1686 = CARTESIAN_POINT ( 'NONE',  ( -0.0009999999999732445133, -130.0000000000000568, -111.9999999999999716 ) ) ;
#1687 = STYLED_ITEM ( 'NONE', ( #2880 ), #1462 ) ;
#1688 = DIRECTION ( 'NONE',  ( 0.000000000000000000, 0.000000000000000000, 1.000000000000000000 ) ) ;
#1689 = UNCERTAINTY_MEASURE_WITH_UNIT (LENGTH_MEASURE( 1.000000000000000082E-05 ), #1669, 'distance_accuracy_value', 'NONE');
#1690 = CARTESIAN_POINT ( 'NONE',  ( 1333.605930245424133, 42.00227540111954738, -300.0000000000000000 ) ) ;
#1691 = CARTESIAN_POINT ( 'NONE',  ( -1204.827626177543607, 44.08461679158249069, -300.0000000000000000 ) ) ;
#1692 = CIRCLE ( 'NONE', #3283, 1.999999999999996891 ) ;
#1693 = CARTESIAN_POINT ( 'NONE',  ( 250.0000000000000000, -40.00000000000006395, -131.9999999999999716 ) ) ;
#1694 = ADVANCED_FACE ( 'NONE', ( #1590 ), #2595, .T. ) ;
#1695 = ADVANCED_FACE ( 'NONE', ( #1576 ), #248, .F. ) ;
#1696 = EDGE_CURVE ( 'NONE', #3191, #680, #1097, .T. ) ;
#1697 = CARTESIAN_POINT ( 'NONE',  ( 1417.537146385090864, -27.05412446627289924, -2.000000000000000000 ) ) ;
#1698 = PRESENTATION_LAYER_ASSIGNMENT (  '', '', ( #642 ) ) ;
#1699 = ORIENTED_EDGE ( 'NONE', *, *, #682, .F. ) ;
#1700 =( GEOMETRIC_REPRESENTATION_CONTEXT ( 3 ) GLOBAL_UNCERTAINTY_ASSIGNED_CONTEXT ( ( #932 ) ) GLOBAL_UNIT_ASSIGNED_CONTEXT ( ( #1325, #2858, #1587 ) ) REPRESENTATION_CONTEXT ( 'NONE', 'WORKASPACE' ) );
#1701 = EDGE_LOOP ( 'NONE', ( #2326, #2761, #1770, #527 ) ) ;
#1702 = DIRECTION ( 'NONE',  ( 0.03385702433903033104, -0.9994266866073301392, 0.000000000000000000 ) ) ;
#1703 = FACE_OUTER_BOUND ( 'NONE', #1701, .T. ) ;
#1704 = SURFACE_SIDE_STYLE ('',( #2195 ) ) ;
#1705 = PRESENTATION_STYLE_ASSIGNMENT (( #1217 ) ) ;
#1706 = ORIENTED_EDGE ( 'NONE', *, *, #3111, .F. ) ;
#1707 = VECTOR ( 'NONE', #1280, 1000.000000000000000 ) ;
#1708 = CARTESIAN_POINT ( 'NONE',  ( -1418.826526636269136, -48.06480043899369292, 0.000000000000000000 ) ) ;
#1709 = CARTESIAN_POINT ( 'NONE',  ( 0.000000000000000000, 86.48589788730561168, -121.2922234629156861 ) ) ;
#1710 = COLOUR_RGB ( '',0.5882352941176470784, 0.5882352941176470784, 0.6313725490196078205 ) ;
#1711 =( GEOMETRIC_REPRESENTATION_CONTEXT ( 3 ) GLOBAL_UNCERTAINTY_ASSIGNED_CONTEXT ( ( #1350 ) ) GLOBAL_UNIT_ASSIGNED_CONTEXT ( ( #292, #1969, #1988 ) ) REPRESENTATION_CONTEXT ( 'NONE', 'WORKASPACE' ) );
#1712 = LINE ( 'NONE', #3196, #3359 ) ;
#1713 =( NAMED_UNIT ( * ) SI_UNIT ( $, .STERADIAN. ) SOLID_ANGLE_UNIT ( ) );
#1714 = MECHANICAL_DESIGN_GEOMETRIC_PRESENTATION_REPRESENTATION (  '', ( #1328 ), #1435 ) ;
#1715 = CARTESIAN_POINT ( 'NONE',  ( 250.0000000000000000, -130.0000000000000568, -201.9999999999999716 ) ) ;
#1716 = ORIENTED_EDGE ( 'NONE', *, *, #2852, .F. ) ;
#1717 = EDGE_CURVE ( 'NONE', #751, #985, #1625, .T. ) ;
#1718 = MECHANICAL_DESIGN_GEOMETRIC_PRESENTATION_REPRESENTATION (  '', ( #3365 ), #1388 ) ;
#1719 = VERTEX_POINT ( 'NONE', #48 ) ;
#1720 = DIRECTION ( 'NONE',  ( 1.000000000000000000, 0.000000000000000000, 0.000000000000000000 ) ) ;
#1721 = CARTESIAN_POINT ( 'NONE',  ( -762.6135259109853450, -7.109572991377057782, 0.000000000000000000 ) ) ;
#1722 = CIRCLE ( 'NONE', #164, 19.99999999999998934 ) ;
#1723 =( NAMED_UNIT ( * ) PLANE_ANGLE_UNIT ( ) SI_UNIT ( $, .RADIAN. ) );
#1724 =( LENGTH_UNIT ( ) NAMED_UNIT ( * ) SI_UNIT ( .MILLI., .METRE. ) );
#1725 = CARTESIAN_POINT ( 'NONE',  ( 1425.131434547332219, 197.1219336281366168, -285.0000000000002274 ) ) ;
#1726 =( GEOMETRIC_REPRESENTATION_CONTEXT ( 3 ) GLOBAL_UNCERTAINTY_ASSIGNED_CONTEXT ( ( #797 ) ) GLOBAL_UNIT_ASSIGNED_CONTEXT ( ( #3031, #109, #2496 ) ) REPRESENTATION_CONTEXT ( 'NONE', 'WORKASPACE' ) );
#1727 = ORIENTED_EDGE ( 'NONE', *, *, #1696, .F. ) ;
#1728 = AXIS2_PLACEMENT_3D ( 'NONE', #2986, #3290, #2656 ) ;
#1729 = FILL_AREA_STYLE ('',( #2232 ) ) ;
#1730 = DIRECTION ( 'NONE',  ( 0.9994266866073300282, 0.03385702433903032410, 0.000000000000000000 ) ) ;
#1731 = CARTESIAN_POINT ( 'NONE',  ( 0.000000000000000000, 86.48589788730561168, -121.2922234629156861 ) ) ;
#1732 = CARTESIAN_POINT ( 'NONE',  ( 430.6677981570352927, 52.59171494700979110, -300.0000000000005116 ) ) ;
#1733 = DIRECTION ( 'NONE',  ( 0.000000000000000000, 0.000000000000000000, 1.000000000000000000 ) ) ;
#1734 = PLANE ( 'NONE',  #1861 ) ;
#1735 = ORIENTED_EDGE ( 'NONE', *, *, #2342, .F. ) ;
#1736 = VERTEX_POINT ( 'NONE', #2721 ) ;
#1737 = DIRECTION ( 'NONE',  ( -0.9994266866073310274, -0.03385702433900139585, -0.000000000000000000 ) ) ;
#1738 = CARTESIAN_POINT ( 'NONE',  ( -1399.896197674890800, -16.15047628209462971, 0.000000000000000000 ) ) ;
#1739 = DIRECTION ( 'NONE',  ( -0.03004695012687309125, 0.8869569725694596007, 0.4608736373437867795 ) ) ;
#1740 = EDGE_CURVE ( 'NONE', #254, #2095, #1438, .T. ) ;
#1741 = ADVANCED_FACE ( 'NONE', ( #2931 ), #3221, .T. ) ;
#1742 = DIRECTION ( 'NONE',  ( 0.000000000000000000, 0.000000000000000000, -1.000000000000000000 ) ) ;
#1743 = CARTESIAN_POINT ( 'NONE',  ( 1204.827626177543607, 44.08461679158249069, -300.0000000000000000 ) ) ;
#1744 = COLOUR_RGB ( '',0.5882352941176470784, 0.5882352941176470784, 0.6313725490196078205 ) ;
#1745 = CARTESIAN_POINT ( 'NONE',  ( 250.0000000000000568, 1.015656223723758300, -69.61729639015551641 ) ) ;
#1746 = STYLED_ITEM ( 'NONE', ( #3062 ), #1206 ) ;
#1747 = CYLINDRICAL_SURFACE ( 'NONE', #554, 14.99999999999999822 ) ;
#1748 = SURFACE_SIDE_STYLE ('',( #2058 ) ) ;
#1749 = ORIENTED_EDGE ( 'NONE', *, *, #3353, .F. ) ;
#1750 = CIRCLE ( 'NONE', #2828, 2.000000000000000000 ) ;
#1751 = EDGE_LOOP ( 'NONE', ( #972, #629 ) ) ;
#1752 = ORIENTED_EDGE ( 'NONE', *, *, #2757, .F. ) ;
#1753 = ORIENTED_EDGE ( 'NONE', *, *, #179, .T. ) ;
#1754 = VECTOR ( 'NONE', #143, 1000.000000000000114 ) ;
#1755 = CARTESIAN_POINT ( 'NONE',  ( -1365.066724591465118, -15.11541533918255453, 0.000000000000000000 ) ) ;
#1756 = DIRECTION ( 'NONE',  ( 0.000000000000000000, 1.000000000000000000, 0.000000000000000000 ) ) ;
#1757 = DIRECTION ( 'NONE',  ( 0.000000000000000000, 0.000000000000000000, 1.000000000000000000 ) ) ;
#1758 = APPLICATION_CONTEXT ( 'automotive_design' ) ;
#1759 = DIRECTION ( 'NONE',  ( -0.03385702433903089309, 0.9994266866073300282, 0.000000000000000000 ) ) ;
#1760 = FILL_AREA_STYLE ('',( #705 ) ) ;
#1761 = CARTESIAN_POINT ( 'NONE',  ( 430.6370062929070173, -3.842466645202340381, 0.000000000000000000 ) ) ;
#1762 = CYLINDRICAL_SURFACE ( 'NONE', #946, 1.999999999999996891 ) ;
#1763 = PRESENTATION_LAYER_ASSIGNMENT (  '', '', ( #1321 ) ) ;
#1764 = DIRECTION ( 'NONE',  ( -0.9994266866073300282, 0.03385702433903032410, 0.000000000000000000 ) ) ;
#1765 = SURFACE_STYLE_FILL_AREA ( #1475 ) ;
#1766 = CARTESIAN_POINT ( 'NONE',  ( 1400.222710705961617, -6.512126688527465568, -107.3296593718312835 ) ) ;
#1767 = AXIS2_PLACEMENT_3D ( 'NONE', #2890, #2930, #296 ) ;
#1768 = ORIENTED_EDGE ( 'NONE', *, *, #765, .F. ) ;
#1769 = CIRCLE ( 'NONE', #2196, 1.999999999999996891 ) ;
#1770 = ORIENTED_EDGE ( 'NONE', *, *, #250, .T. ) ;
#1771 = ORIENTED_EDGE ( 'NONE', *, *, #434, .T. ) ;
#1772 = COLOUR_RGB ( '',0.7921568627450980005, 0.8196078431372548767, 0.9333333333333333481 ) ;
#1773 = CIRCLE ( 'NONE', #2748, 19.99999999999998934 ) ;
#1774 = DIRECTION ( 'NONE',  ( -1.000000000000000000, 0.000000000000000000, 0.000000000000000000 ) ) ;
#1775 = CARTESIAN_POINT ( 'NONE',  ( -274.0000000000000000, -0.1978943452366488387, -62.00000000000000000 ) ) ;
#1776 = STYLED_ITEM ( 'NONE', ( #2833 ), #2584 ) ;
#1777 = SURFACE_STYLE_USAGE ( .BOTH. , #1450 ) ;
#1778 = SURFACE_STYLE_FILL_AREA ( #3356 ) ;
#1779 = FILL_AREA_STYLE_COLOUR ( '', #713 ) ;
#1780 = COLOUR_RGB ( '',0.5882352941176470784, 0.5882352941176470784, 0.6313725490196078205 ) ;
#1781 = PRESENTATION_STYLE_ASSIGNMENT (( #2035 ) ) ;
#1782 = FILL_AREA_STYLE ('',( #3291 ) ) ;
#1783 = EDGE_CURVE ( 'NONE', #2062, #2980, #595, .T. ) ;
#1784 = ADVANCED_FACE ( 'NONE', ( #1927 ), #1128, .T. ) ;
#1785 = VERTEX_POINT ( 'NONE', #2996 ) ;
#1786 = ORIENTED_EDGE ( 'NONE', *, *, #1925, .T. ) ;
#1787 = ORIENTED_EDGE ( 'NONE', *, *, #3112, .F. ) ;
#1788 = PRESENTATION_LAYER_ASSIGNMENT (  '', '', ( #3263 ) ) ;
#1789 = CARTESIAN_POINT ( 'NONE',  ( 1407.141754188400455, 197.7313600662391764, -285.0000000000002274 ) ) ;
#1790 =( NAMED_UNIT ( * ) SI_UNIT ( $, .STERADIAN. ) SOLID_ANGLE_UNIT ( ) );
#1791 = SURFACE_STYLE_FILL_AREA ( #3038 ) ;
#1792 = CARTESIAN_POINT ( 'NONE',  ( 1407.141754188399545, 197.7313600662392048, -300.0000000000002842 ) ) ;
#1793 = CARTESIAN_POINT ( 'NONE',  ( -274.0000000000001705, 5.755519612351330139, -99.90304260560279204 ) ) ;
#1794 = CARTESIAN_POINT ( 'NONE',  ( 1112.557055336752001, -20.07649498811553102, -64.65931874366233956 ) ) ;
#1795 = DIRECTION ( 'NONE',  ( 0.000000000000000000, 0.000000000000000000, -1.000000000000000000 ) ) ;
#1796 = DIRECTION ( 'NONE',  ( 0.000000000000000000, 0.000000000000000000, -1.000000000000000000 ) ) ;
#1797 = CARTESIAN_POINT ( 'NONE',  ( 1427.572575863739758, -130.0000000000000568, -221.9999999999999716 ) ) ;
#1798 = DIRECTION ( 'NONE',  ( -0.9994266866073301392, -0.03385702433902990083, 6.792596965932173301E-19 ) ) ;
#1799 = SURFACE_STYLE_FILL_AREA ( #2287 ) ;
#1800 = AXIS2_PLACEMENT_3D ( 'NONE', #1131, #3208, #597 ) ;
#1801 = LINE ( 'NONE', #952, #462 ) ;
#1802 =( GEOMETRIC_REPRESENTATION_CONTEXT ( 3 ) GLOBAL_UNCERTAINTY_ASSIGNED_CONTEXT ( ( #335 ) ) GLOBAL_UNIT_ASSIGNED_CONTEXT ( ( #157, #1505, #1198 ) ) REPRESENTATION_CONTEXT ( 'NONE', 'WORKASPACE' ) );
#1803 = STYLED_ITEM ( 'NONE', ( #2105 ), #831 ) ;
#1804 = ORIENTED_EDGE ( 'NONE', *, *, #1617, .T. ) ;
#1805 = EDGE_CURVE ( 'NONE', #2804, #197, #1390, .T. ) ;
#1806 = ORIENTED_EDGE ( 'NONE', *, *, #2444, .F. ) ;
#1807 = PRESENTATION_STYLE_ASSIGNMENT (( #3 ) ) ;
#1808 = ORIENTED_EDGE ( 'NONE', *, *, #2297, .T. ) ;
#1809 = FILL_AREA_STYLE_COLOUR ( '', #1914 ) ;
#1810 = EDGE_LOOP ( 'NONE', ( #1036, #2398, #1859, #3366, #1544, #641, #1808 ) ) ;
#1811 = CIRCLE ( 'NONE', #2782, 1.999999999999992895 ) ;
#1812 = FILL_AREA_STYLE_COLOUR ( '', #2423 ) ;
#1813 = AXIS2_PLACEMENT_3D ( 'NONE', #3157, #737, #806 ) ;
#1814 = CARTESIAN_POINT ( 'NONE',  ( -1306.023602974856658, 42.49593948750537464, -300.0000000000005116 ) ) ;
#1815 = AXIS2_PLACEMENT_3D ( 'NONE', #2390, #1366, #3209 ) ;
#1816 = CARTESIAN_POINT ( 'NONE',  ( 1396.847528854142411, 40.45947280101260901, -300.0000000000005116 ) ) ;
#1817 = SPHERICAL_SURFACE ( 'NONE', #646, 2.000000000000000000 ) ;
#1818 = SURFACE_STYLE_FILL_AREA ( #3343 ) ;
#1819 = FACE_BOUND ( 'NONE', #2734, .T. ) ;
#1820 = LINE ( 'NONE', #2842, #2141 ) ;
#1821 = PLANE ( 'NONE',  #1132 ) ;
#1822 = ORIENTED_EDGE ( 'NONE', *, *, #1084, .T. ) ;
#1823 = ORIENTED_EDGE ( 'NONE', *, *, #1530, .F. ) ;
#1824 = ORIENTED_EDGE ( 'NONE', *, *, #2343, .T. ) ;
#1825 = SURFACE_SIDE_STYLE ('',( #2807 ) ) ;
#1826 = DIRECTION ( 'NONE',  ( -8.668644678877070238E-16, 2.936628747379123024E-17, 1.000000000000000000 ) ) ;
#1827 = PRESENTATION_LAYER_ASSIGNMENT (  '', '', ( #3064 ) ) ;
#1828 = FILL_AREA_STYLE_COLOUR ( '', #842 ) ;
#1829 = CIRCLE ( 'NONE', #1052, 19.99999999999998934 ) ;
#1830 = ADVANCED_FACE ( 'NONE', ( #2300 ), #3077, .T. ) ;
#1831 = CARTESIAN_POINT ( 'NONE',  ( -1407.977744195793321, 222.4089783577894082, -300.0000000000002842 ) ) ;
#1832 = LINE ( 'NONE', #2104, #340 ) ;
#1833 = CARTESIAN_POINT ( 'NONE',  ( 1425.131434547332219, 197.1219336281366168, -285.0000000000002274 ) ) ;
#1834 = DIRECTION ( 'NONE',  ( 0.000000000000000000, 0.000000000000000000, 1.000000000000000000 ) ) ;
#1835 = MECHANICAL_DESIGN_GEOMETRIC_PRESENTATION_REPRESENTATION (  '', ( #1993 ), #783 ) ;
#1836 = CARTESIAN_POINT ( 'NONE',  ( -1427.520898272196291, 208.5846602228615723, -279.0086427145310495 ) ) ;
#1837 = COLOUR_RGB ( '',0.5882352941176470784, 0.5882352941176470784, 0.6313725490196078205 ) ;
#1838 = SURFACE_SIDE_STYLE ('',( #495 ) ) ;
#1839 = CARTESIAN_POINT ( 'NONE',  ( 249.9999999999999716, 38.50646644706223753, -242.0000000000000000 ) ) ;
#1840 = EDGE_LOOP ( 'NONE', ( #2848, #2274, #2516, #26 ) ) ;
#1841 = ORIENTED_EDGE ( 'NONE', *, *, #2299, .F. ) ;
#1842 =( LENGTH_UNIT ( ) NAMED_UNIT ( * ) SI_UNIT ( .MILLI., .METRE. ) );
#1843 = ORIENTED_EDGE ( 'NONE', *, *, #2338, .T. ) ;
#1844 = FILL_AREA_STYLE ('',( #1631 ) ) ;
#1845 = DIRECTION ( 'NONE',  ( -0.03385702433903089309, -0.9994266866073300282, 0.000000000000000000 ) ) ;
#1846 = EDGE_CURVE ( 'NONE', #929, #1664, #1894, .T. ) ;
#1847 = VERTEX_POINT ( 'NONE', #1775 ) ;
#1848 = VECTOR ( 'NONE', #2087, 1000.000000000000000 ) ;
#1849 = DIRECTION ( 'NONE',  ( -0.9994266866073300282, 0.03385702433903032410, 0.000000000000000000 ) ) ;
#1850 = DIRECTION ( 'NONE',  ( -0.01560380995676602205, 0.4606094123151689979, -0.8874657685801227158 ) ) ;
#1851 = ADVANCED_FACE ( 'NONE', ( #2811 ), #156, .F. ) ;
#1852 = ADVANCED_FACE ( 'NONE', ( #2586 ), #467, .T. ) ;
#1853 = EDGE_CURVE ( 'NONE', #478, #860, #218, .T. ) ;
#1854 = CARTESIAN_POINT ( 'NONE',  ( 1389.355862670537363, -15.75622991521554184, 0.000000000000000000 ) ) ;
#1855 =( NAMED_UNIT ( * ) SI_UNIT ( $, .STERADIAN. ) SOLID_ANGLE_UNIT ( ) );
#1856 = FACE_OUTER_BOUND ( 'NONE', #3115, .T. ) ;
#1857 =( LENGTH_UNIT ( ) NAMED_UNIT ( * ) SI_UNIT ( .MILLI., .METRE. ) );
#1858 = SURFACE_SIDE_STYLE ('',( #799 ) ) ;
#1859 = ORIENTED_EDGE ( 'NONE', *, *, #2978, .T. ) ;
#1860 = SURFACE_SIDE_STYLE ('',( #816 ) ) ;
#1861 = AXIS2_PLACEMENT_3D ( 'NONE', #1207, #2543, #162 ) ;
#1862 = ORIENTED_EDGE ( 'NONE', *, *, #1987, .F. ) ;
#1863 = AXIS2_PLACEMENT_3D ( 'NONE', #191, #2742, #1759 ) ;
#1864 = CARTESIAN_POINT ( 'NONE',  ( -762.6135259109853450, -7.109572991377057782, 0.000000000000000000 ) ) ;
#1865 = VECTOR ( 'NONE', #654, 999.9999999999998863 ) ;
#1866 = ORIENTED_EDGE ( 'NONE', *, *, #3420, .F. ) ;
#1867 = CIRCLE ( 'NONE', #2399, 2.000000000000001776 ) ;
#1868 = CARTESIAN_POINT ( 'NONE',  ( 1112.780464152719105, 45.28671516736226721, -300.0000000000005116 ) ) ;
#1869 = CARTESIAN_POINT ( 'NONE',  ( -274.0000000000000000, -130.0000000000000568, -111.9999999999999716 ) ) ;
#1870 = DIRECTION ( 'NONE',  ( -0.03385702433903089309, 0.9994266866073300282, 0.000000000000000000 ) ) ;
#1871 = ORIENTED_EDGE ( 'NONE', *, *, #178, .F. ) ;
#1872 = CARTESIAN_POINT ( 'NONE',  ( -1399.479751977480191, -28.44355140138499394, 0.000000000000000000 ) ) ;
#1873 = DIRECTION ( 'NONE',  ( 0.01560380995676840035, -0.4606094123151702746, 0.8874657685801221607 ) ) ;
#1874 = CIRCLE ( 'NONE', #1602, 1.999999999999996891 ) ;
#1875 = ORIENTED_EDGE ( 'NONE', *, *, #789, .F. ) ;
#1876 = CARTESIAN_POINT ( 'NONE',  ( -0.0009999999999732445133, -130.0000000000000568, -221.9999999999999716 ) ) ;
#1877 = LINE ( 'NONE', #2153, #571 ) ;
#1878 = CARTESIAN_POINT ( 'NONE',  ( -1419.468285709626798, -29.12069188816559517, -300.0000000000002842 ) ) ;
#1879 = DIRECTION ( 'NONE',  ( -0.9994266866073301392, -0.03385702433902990083, -0.000000000000000000 ) ) ;
#1880 =( NAMED_UNIT ( * ) PLANE_ANGLE_UNIT ( ) SI_UNIT ( $, .RADIAN. ) );
#1881 = PRESENTATION_LAYER_ASSIGNMENT (  '', '', ( #1218 ) ) ;
#1882 = CARTESIAN_POINT ( 'NONE',  ( -250.0000000000000000, -40.00000000000006395, -111.9999999999999858 ) ) ;
#1883 = MECHANICAL_DESIGN_GEOMETRIC_PRESENTATION_REPRESENTATION (  '', ( #1107 ), #1615 ) ;
#1884 = MECHANICAL_DESIGN_GEOMETRIC_PRESENTATION_REPRESENTATION (  '', ( #2537 ), #3427 ) ;
#1885 = EDGE_CURVE ( 'NONE', #817, #1092, #2624, .T. ) ;
#1886 = SURFACE_SIDE_STYLE ('',( #58 ) ) ;
#1887 = ORIENTED_EDGE ( 'NONE', *, *, #873, .F. ) ;
#1888 = COLOUR_RGB ( '',0.5882352941176470784, 0.5882352941176470784, 0.6313725490196078205 ) ;
#1889 = CARTESIAN_POINT ( 'NONE',  ( 1375.086616633645463, 41.09234423577990469, -300.0000000000005116 ) ) ;
#1890 = ORIENTED_EDGE ( 'NONE', *, *, #2733, .F. ) ;
#1891 = FILL_AREA_STYLE_COLOUR ( '', #2085 ) ;
#1892 = SURFACE_SIDE_STYLE ('',( #2170 ) ) ;
#1893 = PRODUCT_DEFINITION_CONTEXT ( 'detailed design', #1758, 'design' ) ;
#1894 = B_SPLINE_CURVE_WITH_KNOTS ( 'NONE', 3,
 ( #3284, #3322, #928, #2030 ),
 .UNSPECIFIED., .F., .F.,
 ( 4, 4 ),
 ( 0.000000000000000000, 0.02400102838201551014 ),
 .UNSPECIFIED. ) ;
#1895 = PRESENTATION_STYLE_ASSIGNMENT (( #2675 ) ) ;
#1896 = VECTOR ( 'NONE', #79, 999.9999999999998863 ) ;
#1897 = LINE ( 'NONE', #898, #1077 ) ;
#1898 = DIRECTION ( 'NONE',  ( -1.000000000000000000, 0.000000000000000000, 0.000000000000000000 ) ) ;
#1899 = UNCERTAINTY_MEASURE_WITH_UNIT (LENGTH_MEASURE( 1.000000000000000082E-05 ), #3270, 'distance_accuracy_value', 'NONE');
#1900 = DIRECTION ( 'NONE',  ( 0.01560380995676602205, 0.4606094123151689423, -0.8874657685801226048 ) ) ;
#1901 = B_SPLINE_CURVE_WITH_KNOTS ( 'NONE', 3,
 ( #1433, #657, #309, #1370 ),
 .UNSPECIFIED., .F., .F.,
 ( 4, 4 ),
 ( 0.000000000000000000, 0.9430711488959804267 ),
 .UNSPECIFIED. ) ;
#1902 = FACE_OUTER_BOUND ( 'NONE', #2923, .T. ) ;
#1903 = SURFACE_STYLE_FILL_AREA ( #289 ) ;
#1904 = EDGE_CURVE ( 'NONE', #3332, #384, #2838, .T. ) ;
#1905 = EDGE_CURVE ( 'NONE', #1477, #1847, #947, .T. ) ;
#1906 = DIRECTION ( 'NONE',  ( 0.000000000000000000, 0.000000000000000000, -1.000000000000000000 ) ) ;
#1907 = VECTOR ( 'NONE', #3222, 1000.000000000000114 ) ;
#1908 = ORIENTED_EDGE ( 'NONE', *, *, #573, .T. ) ;
#1909 = AXIS2_PLACEMENT_3D ( 'NONE', #2412, #1018, #496 ) ;
#1910 =( GEOMETRIC_REPRESENTATION_CONTEXT ( 3 ) GLOBAL_UNCERTAINTY_ASSIGNED_CONTEXT ( ( #3012 ) ) GLOBAL_UNIT_ASSIGNED_CONTEXT ( ( #2608, #774, #514 ) ) REPRESENTATION_CONTEXT ( 'NONE', 'WORKASPACE' ) );
#1911 = PRESENTATION_STYLE_ASSIGNMENT (( #1923 ) ) ;
#1912 = DIRECTION ( 'NONE',  ( 1.000000000000000000, -0.000000000000000000, 0.000000000000000000 ) ) ;
#1913 = ORIENTED_EDGE ( 'NONE', *, *, #2444, .T. ) ;
#1914 = COLOUR_RGB ( '',1.000000000000000000, 1.000000000000000000, 1.000000000000000000 ) ;
#1915 = FACE_OUTER_BOUND ( 'NONE', #2705, .T. ) ;
#1916 = CARTESIAN_POINT ( 'NONE',  ( -250.0000000000000568, 8.815500832473594173, -114.9801470223716819 ) ) ;
#1917 = CARTESIAN_POINT ( 'NONE',  ( -274.0000000000000000, -130.0000000000000568, -91.99999999999998579 ) ) ;
#1918 = CARTESIAN_POINT ( 'NONE',  ( -1419.468285709626798, -29.12069188816559517, -298.0000000000002842 ) ) ;
#1920 = ORIENTED_EDGE ( 'NONE', *, *, #2160, .T. ) ;
#1919 = EDGE_CURVE ( 'NONE', #3285, #2820, #141, .T. ) ;
#1921 = EDGE_CURVE ( 'NONE', #2418, #1972, #2642, .T. ) ;
#1922 = SURFACE_STYLE_FILL_AREA ( #2927 ) ;
#1923 = SURFACE_STYLE_USAGE ( .BOTH. , #1638 ) ;
#1924 = CARTESIAN_POINT ( 'NONE',  ( 1399.593876380191887, -25.07470916287379481, -64.65931874366233956 ) ) ;
#1925 = EDGE_CURVE ( 'NONE', #3022, #3423, #2831, .T. ) ;
#1926 = CARTESIAN_POINT ( 'NONE',  ( -1425.639289912417780, 212.1133339272465719, -285.0000000000002274 ) ) ;
#1927 = FACE_OUTER_BOUND ( 'NONE', #499, .T. ) ;
#1928 = ORIENTED_EDGE ( 'NONE', *, *, #91, .T. ) ;
#1929 = AXIS2_PLACEMENT_3D ( 'NONE', #927, #908, #647 ) ;
#1930 = FACE_BOUND ( 'NONE', #2770, .T. ) ;
#1931 = UNCERTAINTY_MEASURE_WITH_UNIT (LENGTH_MEASURE( 1.000000000000000082E-05 ), #285, 'distance_accuracy_value', 'NONE');
#1932 =( LENGTH_UNIT ( ) NAMED_UNIT ( * ) SI_UNIT ( .MILLI., .METRE. ) );
#1933 = DIRECTION ( 'NONE',  ( 1.000000000000000000, -0.000000000000000000, -0.000000000000000000 ) ) ;
#1934 = LINE ( 'NONE', #1172, #1139 ) ;
#1935 = MECHANICAL_DESIGN_GEOMETRIC_PRESENTATION_REPRESENTATION (  '', ( #1218 ), #1057 ) ;
#1936 = MECHANICAL_DESIGN_GEOMETRIC_PRESENTATION_REPRESENTATION (  '', ( #3019 ), #281 ) ;
#1937 = ORIENTED_EDGE ( 'NONE', *, *, #30, .F. ) ;
#1938 = STYLED_ITEM ( 'NONE', ( #199 ), #338 ) ;
#1939 = DIRECTION ( 'NONE',  ( 0.000000000000000000, 0.000000000000000000, -1.000000000000000000 ) ) ;
#1940 = B_SPLINE_CURVE_WITH_KNOTS ( 'NONE', 2,
 ( #3202, #1924, #1667 ),
 .UNSPECIFIED., .F., .F.,
 ( 3, 3 ),
 ( 0.000000000000000000, 1.000000000000000000 ),
 .UNSPECIFIED. ) ;
#1941 = FILL_AREA_STYLE_COLOUR ( '', #2129 ) ;
#1942 = ORIENTED_EDGE ( 'NONE', *, *, #1553, .F. ) ;
#1943 = EDGE_CURVE ( 'NONE', #2601, #3332, #825, .T. ) ;
#1944 = EDGE_CURVE ( 'NONE', #2095, #254, #3178, .T. ) ;
#1945 = CARTESIAN_POINT ( 'NONE',  ( -1399.479751977480191, -28.44355140138499394, 0.000000000000000000 ) ) ;
#1946 =( NAMED_UNIT ( * ) SI_UNIT ( $, .STERADIAN. ) SOLID_ANGLE_UNIT ( ) );
#1947 = CARTESIAN_POINT ( 'NONE',  ( 1396.847528854140364, 40.45947280096583398, -300.0000000000000000 ) ) ;
#1948 = AXIS2_PLACEMENT_3D ( 'NONE', #2588, #2839, #226 ) ;
#1949 = CARTESIAN_POINT ( 'NONE',  ( -1397.620045755381170, 70.50216321214082882, -121.2922234629156861 ) ) ;
#1950 = DIRECTION ( 'NONE',  ( -1.000000000000000000, -0.000000000000000000, -0.000000000000000000 ) ) ;
#1951 = B_SPLINE_CURVE_WITH_KNOTS ( 'NONE', 3,
 ( #403, #1731, #950, #2251 ),
 .UNSPECIFIED., .F., .F.,
 ( 4, 4 ),
 ( 0.000000000000000000, 1.000000000000000000 ),
 .UNSPECIFIED. ) ;
#1952 = EDGE_LOOP ( 'NONE', ( #2785, #2291, #665, #2715 ) ) ;
#1953 = DIRECTION ( 'NONE',  ( 0.000000000000000000, 0.000000000000000000, -1.000000000000000000 ) ) ;
#1954 = DIRECTION ( 'NONE',  ( 0.9994266866073301392, 0.03385702433903033104, 0.000000000000000000 ) ) ;
#1955 = AXIS2_PLACEMENT_3D ( 'NONE', #154, #2485, #1463 ) ;
#1956 = CARTESIAN_POINT ( 'NONE',  ( -1402.394496505359939, 57.59689434586613999, 0.000000000000000000 ) ) ;
#1957 = CARTESIAN_POINT ( 'NONE',  ( 1419.468285709626798, -29.12069188816559517, -298.0000000000002842 ) ) ;
#1958 = CARTESIAN_POINT ( 'NONE',  ( -1419.535999758304797, -27.12183851495094444, 0.000000000000000000 ) ) ;
#1959 = MECHANICAL_DESIGN_GEOMETRIC_PRESENTATION_REPRESENTATION (  '', ( #1803 ), #1910 ) ;
#1960 = ORIENTED_EDGE ( 'NONE', *, *, #75, .F. ) ;
#1961 = CARTESIAN_POINT ( 'NONE',  ( -0.0009999999999732445133, -130.0000000000000568, -182.0000000000000000 ) ) ;
#1962 = COLOUR_RGB ( '',0.5882352941176470784, 0.5882352941176470784, 0.6313725490196078205 ) ;
#1963 = SURFACE_SIDE_STYLE ('',( #1115 ) ) ;
#1964 = UNCERTAINTY_MEASURE_WITH_UNIT (LENGTH_MEASURE( 1.000000000000000082E-05 ), #3099, 'distance_accuracy_value', 'NONE');
#1965 = CARTESIAN_POINT ( 'NONE',  ( 1365.406114013922206, 9.109718104438774944, 7.686249599770135887 ) ) ;
#1966 = PRESENTATION_STYLE_ASSIGNMENT (( #2216 ) ) ;
#1967 = DIRECTION ( 'NONE',  ( 0.000000000000000000, 1.000000000000000000, 0.000000000000000000 ) ) ;
#1968 = VECTOR ( 'NONE', #1533, 1000.000000000000000 ) ;
#1969 =( NAMED_UNIT ( * ) PLANE_ANGLE_UNIT ( ) SI_UNIT ( $, .RADIAN. ) );
#1970 = PRESENTATION_STYLE_ASSIGNMENT (( #2528 ) ) ;
#1971 = CARTESIAN_POINT ( 'NONE',  ( 1427.572575863739758, -130.0000000000000568, -111.9999999999999716 ) ) ;
#1972 = VERTEX_POINT ( 'NONE', #2683 ) ;
#1973 = EDGE_LOOP ( 'NONE', ( #3397, #1823, #694, #1942 ) ) ;
#1974 = FACE_OUTER_BOUND ( 'NONE', #3418, .T. ) ;
#1975 = CARTESIAN_POINT ( 'NONE',  ( -1399.593876380191887, -25.07470916287379481, -64.65931874366233956 ) ) ;
#1976 = CYLINDRICAL_SURFACE ( 'NONE', #1955, 19.99999999999998934 ) ;
#1977 = CARTESIAN_POINT ( 'NONE',  ( -1419.535999758304797, -27.12183851495093734, -2.000000000000000000 ) ) ;
#1978 = FILL_AREA_STYLE_COLOUR ( '', #2206 ) ;
#1979 = ORIENTED_EDGE ( 'NONE', *, *, #1597, .T. ) ;
#1980 = PRESENTATION_STYLE_ASSIGNMENT (( #980 ) ) ;
#1981 = DIRECTION ( 'NONE',  ( -1.000000000000000000, -0.000000000000000000, -0.000000000000000000 ) ) ;
#1982 = VECTOR ( 'NONE', #2679, 1000.000000000000000 ) ;
#1983 = PRESENTATION_STYLE_ASSIGNMENT (( #3272 ) ) ;
#1984 =( LENGTH_UNIT ( ) NAMED_UNIT ( * ) SI_UNIT ( .MILLI., .METRE. ) );
#1985 = CARTESIAN_POINT ( 'NONE',  ( 1399.896197674891255, -16.15047628209464392, 0.000000000000000000 ) ) ;
#1986 = AXIS2_PLACEMENT_3D ( 'NONE', #1869, #1362, #2658 ) ;
#1987 = EDGE_CURVE ( 'NONE', #860, #1785, #607, .T. ) ;
#1988 =( NAMED_UNIT ( * ) SI_UNIT ( $, .STERADIAN. ) SOLID_ANGLE_UNIT ( ) );
#1989 = DIRECTION ( 'NONE',  ( -0.03385702433903033104, 0.9994266866073300282, 0.000000000000000000 ) ) ;
#1990 = DIRECTION ( 'NONE',  ( -0.9994266866073301392, 0.03385702433902990083, -6.792596965932173301E-19 ) ) ;
#1991 = ORIENTED_EDGE ( 'NONE', *, *, #1415, .T. ) ;
#1992 = EDGE_CURVE ( 'NONE', #420, #920, #590, .T. ) ;
#1993 = STYLED_ITEM ( 'NONE', ( #1683 ), #1784 ) ;
#1994 = ORIENTED_EDGE ( 'NONE', *, *, #1597, .F. ) ;
#1995 = CARTESIAN_POINT ( 'NONE',  ( -1399.896197674890800, -16.15047628209462971, 0.000000000000000000 ) ) ;
#1996 =( GEOMETRIC_REPRESENTATION_CONTEXT ( 3 ) GLOBAL_UNCERTAINTY_ASSIGNED_CONTEXT ( ( #2509 ) ) GLOBAL_UNIT_ASSIGNED_CONTEXT ( ( #1842, #1619, #274 ) ) REPRESENTATION_CONTEXT ( 'NONE', 'WORKASPACE' ) );
#1997 = STYLED_ITEM ( 'NONE', ( #2884 ), #354 ) ;
#1998 =( NAMED_UNIT ( * ) PLANE_ANGLE_UNIT ( ) SI_UNIT ( $, .RADIAN. ) );
#1999 =( LENGTH_UNIT ( ) NAMED_UNIT ( * ) SI_UNIT ( .MILLI., .METRE. ) );
#2000 = AXIS2_PLACEMENT_3D ( 'NONE', #2730, #1076, #2132 ) ;
#2001 = LINE ( 'NONE', #688, #540 ) ;
#2002 = UNCERTAINTY_MEASURE_WITH_UNIT (LENGTH_MEASURE( 1.000000000000000082E-05 ), #2413, 'distance_accuracy_value', 'NONE');
#2003 = FILL_AREA_STYLE_COLOUR ( '', #1248 ) ;
#2004 = FILL_AREA_STYLE_COLOUR ( '', #252 ) ;
#2005 = CARTESIAN_POINT ( 'NONE',  ( 1422.691547169006981, 66.02687595948317778, 0.000000000000000000 ) ) ;
#2006 = CIRCLE ( 'NONE', #3323, 19.99999999999998934 ) ;
#2007 = DIRECTION ( 'NONE',  ( -0.9994266866073301392, 0.03385702433902990083, 0.000000000000000000 ) ) ;
#2008 = VERTEX_POINT ( 'NONE', #1110 ) ;
#2009 = ORIENTED_EDGE ( 'NONE', *, *, #683, .F. ) ;
#2010 = EDGE_CURVE ( 'NONE', #522, #233, #2419, .T. ) ;
#2011 = CARTESIAN_POINT ( 'NONE',  ( -1306.023602974856658, 42.49593948750537464, -300.0000000000005116 ) ) ;
#2012 = PRESENTATION_STYLE_ASSIGNMENT (( #2791 ) ) ;
#2013 = FACE_OUTER_BOUND ( 'NONE', #3351, .T. ) ;
#2014 = CARTESIAN_POINT ( 'NONE',  ( 1333.299926779227235, 9.796848453087271480, 7.686249599770135887 ) ) ;
#2015 = CARTESIAN_POINT ( 'NONE',  ( 250.0000000000000568, 30.84104345976376393, -212.2724982097076065 ) ) ;
#2016 = CARTESIAN_POINT ( 'NONE',  ( 1420.384176864292385, 56.98746790776355908, -15.00000000000000000 ) ) ;
#2017 = SURFACE_SIDE_STYLE ('',( #1765 ) ) ;
#2018 =( LENGTH_UNIT ( ) NAMED_UNIT ( * ) SI_UNIT ( .MILLI., .METRE. ) );
#2019 = ORIENTED_EDGE ( 'NONE', *, *, #1116, .T. ) ;
#2020 = AXIS2_PLACEMENT_3D ( 'NONE', #1789, #1570, #1845 ) ;
#2021 = ORIENTED_EDGE ( 'NONE', *, *, #3211, .T. ) ;
#2022 = ORIENTED_EDGE ( 'NONE', *, *, #2441, .F. ) ;
#2023 = STYLED_ITEM ( 'NONE', ( #244 ), #809 ) ;
#2024 = CARTESIAN_POINT ( 'NONE',  ( -274.0000000000000000, -200.0000000000000568, -242.0000000000000000 ) ) ;
#2025 = CARTESIAN_POINT ( 'NONE',  ( -1204.827626177543607, 44.08461679158262569, -300.0000000000005116 ) ) ;
#2026 = ADVANCED_FACE ( 'NONE', ( #624 ), #2400, .T. ) ;
#2027 = PRESENTATION_STYLE_ASSIGNMENT (( #3083 ) ) ;
#2028 = EDGE_CURVE ( 'NONE', #790, #969, #25, .T. ) ;
#2029 = LINE ( 'NONE', #2280, #2257 ) ;
#2030 = CARTESIAN_POINT ( 'NONE',  ( 250.0000000000000000, 0.02428439883142563538, -62.00000000000000000 ) ) ;
#2031 = PRODUCT_DEFINITION_SHAPE ( 'NONE', 'NONE',  #3042 ) ;
#2032 =( NAMED_UNIT ( * ) SI_UNIT ( $, .STERADIAN. ) SOLID_ANGLE_UNIT ( ) );
#2033 = DIRECTION ( 'NONE',  ( 0.000000000000000000, 0.000000000000000000, -1.000000000000000000 ) ) ;
#2034 = CIRCLE ( 'NONE', #2684, 19.99999999999998934 ) ;
#2035 = SURFACE_STYLE_USAGE ( .BOTH. , #2527 ) ;
#2036 = CARTESIAN_POINT ( 'NONE',  ( 1399.479751977480191, -28.44355140138499394, -2.000000000000001776 ) ) ;
#2037 = ORIENTED_EDGE ( 'NONE', *, *, #1943, .T. ) ;
#2038 = ORIENTED_EDGE ( 'NONE', *, *, #55, .F. ) ;
#2039 = ORIENTED_EDGE ( 'NONE', *, *, #2445, .F. ) ;
#2040 = FACE_BOUND ( 'NONE', #3074, .T. ) ;
#2041 = CARTESIAN_POINT ( 'NONE',  ( 274.0000000000000568, 0.7934825165746083320, -69.61733258753221776 ) ) ;
#2042 = STYLED_ITEM ( 'NONE', ( #1121 ), #2655 ) ;
#2043 = FACE_OUTER_BOUND ( 'NONE', #1019, .T. ) ;
#2044 = COLOUR_RGB ( '',0.5882352941176470784, 0.5882352941176470784, 0.6313725490196078205 ) ;
#2045 =( NAMED_UNIT ( * ) SI_UNIT ( $, .STERADIAN. ) SOLID_ANGLE_UNIT ( ) );
#2046 = CARTESIAN_POINT ( 'NONE',  ( -1417.537146385090864, -27.05412446627289924, -298.0000000000002842 ) ) ;
#2047 = CARTESIAN_POINT ( 'NONE',  ( 250.0000000000000000, -130.0000000000000568, -201.9999999999999716 ) ) ;
#2048 =( GEOMETRIC_REPRESENTATION_CONTEXT ( 3 ) GLOBAL_UNCERTAINTY_ASSIGNED_CONTEXT ( ( #85 ) ) GLOBAL_UNIT_ASSIGNED_CONTEXT ( ( #1999, #1235, #1447 ) ) REPRESENTATION_CONTEXT ( 'NONE', 'WORKASPACE' ) );
#2049 = MECHANICAL_DESIGN_GEOMETRIC_PRESENTATION_REPRESENTATION (  '', ( #1334 ), #2320 ) ;
#2050 = SURFACE_STYLE_FILL_AREA ( #449 ) ;
#2051 = DIRECTION ( 'NONE',  ( -1.000000000000000000, 0.000000000000000000, -0.000000000000000000 ) ) ;
#2052 = DIRECTION ( 'NONE',  ( 0.000000000000000000, 1.000000000000000000, 0.000000000000000000 ) ) ;
#2053 = MECHANICAL_DESIGN_GEOMETRIC_PRESENTATION_REPRESENTATION (  '', ( #107 ), #1726 ) ;
#2054 = DIRECTION ( 'NONE',  ( -0.9994266866073301392, 0.03385702433902990777, 0.000000000000000000 ) ) ;
#2055 = EDGE_CURVE ( 'NONE', #2971, #1092, #2382, .T. ) ;
#2056 = ADVANCED_FACE ( 'NONE', ( #843 ), #874, .T. ) ;
#2057 = EDGE_CURVE ( 'NONE', #1092, #817, #2989, .T. ) ;
#2058 = SURFACE_STYLE_FILL_AREA ( #1244 ) ;
#2059 = VERTEX_POINT ( 'NONE', #3335 ) ;
#2060 = ORIENTED_EDGE ( 'NONE', *, *, #2589, .F. ) ;
#2061 = CARTESIAN_POINT ( 'NONE',  ( 0.000000000000000000, 56.43421862917187326, -300.0000000000002842 ) ) ;
#2062 = VERTEX_POINT ( 'NONE', #1157 ) ;
#2063 = PRESENTATION_STYLE_ASSIGNMENT (( #503 ) ) ;
#2064 = VECTOR ( 'NONE', #1014, 1000.000000000000000 ) ;
#2065 = SURFACE_STYLE_USAGE ( .BOTH. , #483 ) ;
#2066 = PRESENTATION_STYLE_ASSIGNMENT (( #544 ) ) ;
#2067 = FACE_OUTER_BOUND ( 'NONE', #2837, .T. ) ;
#2068 = CARTESIAN_POINT ( 'NONE',  ( -273.9999999999998863, 14.81408266297830956, -145.0339345961400284 ) ) ;
#2069 = CARTESIAN_POINT ( 'NONE',  ( 0.000000000000000000, 56.43421862917194431, -300.0000000000005116 ) ) ;
#2070 = FACE_BOUND ( 'NONE', #1516, .T. ) ;
#2071 = DIRECTION ( 'NONE',  ( -0.03385702433903033104, 0.9994266866073300282, 0.000000000000000000 ) ) ;
#2072 = FILL_AREA_STYLE_COLOUR ( '', #1494 ) ;
#2073 = EDGE_CURVE ( 'NONE', #2598, #502, #1536, .T. ) ;
#2074 = DIRECTION ( 'NONE',  ( -0.03385702433903033104, 0.9994266866073300282, 0.000000000000000000 ) ) ;
#2075 = DIRECTION ( 'NONE',  ( 0.000000000000000000, 0.000000000000000000, 1.000000000000000000 ) ) ;
#2076 =( GEOMETRIC_REPRESENTATION_CONTEXT ( 3 ) GLOBAL_UNCERTAINTY_ASSIGNED_CONTEXT ( ( #1659 ) ) GLOBAL_UNIT_ASSIGNED_CONTEXT ( ( #214, #2325, #1226 ) ) REPRESENTATION_CONTEXT ( 'NONE', 'WORKASPACE' ) );
#2077 = AXIS2_PLACEMENT_3D ( 'NONE', #1833, #2355, #3373 ) ;
#2078 = ORIENTED_EDGE ( 'NONE', *, *, #1885, .F. ) ;
#2079 = EDGE_LOOP ( 'NONE', ( #1578, #1979, #1841, #163 ) ) ;
#2080 = ORIENTED_EDGE ( 'NONE', *, *, #2093, .T. ) ;
#2081 = CARTESIAN_POINT ( 'NONE',  ( -1112.587575330613618, -11.14719206179313460, 0.000000000000000000 ) ) ;
#2082 = STYLED_ITEM ( 'NONE', ( #3306 ), #2425 ) ;
#2083 = DIRECTION ( 'NONE',  ( 0.000000000000000000, 0.000000000000000000, 1.000000000000000000 ) ) ;
#2084 = VERTEX_POINT ( 'NONE', #666 ) ;
#2085 = COLOUR_RGB ( '',0.5882352941176470784, 0.5882352941176470784, 0.6313725490196078205 ) ;
#2086 = SURFACE_STYLE_USAGE ( .BOTH. , #1029 ) ;
#2087 = DIRECTION ( 'NONE',  ( 0.000000000000000000, 1.000000000000000000, 0.000000000000000000 ) ) ;
#2088 = DIRECTION ( 'NONE',  ( 0.000000000000000000, 1.000000000000000000, 2.775557561562893560E-14 ) ) ;
#2089 = FACE_OUTER_BOUND ( 'NONE', #2377, .T. ) ;
#2090 = CARTESIAN_POINT ( 'NONE',  ( 1417.469432336412865, -29.05297783948754997, 0.000000000000000000 ) ) ;
#2091 =( NAMED_UNIT ( * ) SI_UNIT ( $, .STERADIAN. ) SOLID_ANGLE_UNIT ( ) );
#2092 = ORIENTED_EDGE ( 'NONE', *, *, #683, .T. ) ;
#2093 = EDGE_CURVE ( 'NONE', #232, #1649, #2405, .T. ) ;
#2094 = B_SPLINE_CURVE_WITH_KNOTS ( 'NONE', 3,
 ( #283, #1349, #2892, #2143, #3125, #779, #550, #1296, #2370, #1068, #3146, #827 ),
 .UNSPECIFIED., .F., .F.,
 ( 4, 2, 2, 2, 2, 4 ),
 ( 0.000000000000000000, 0.5000000000000000000, 0.7500000000000000000, 0.8750000000000000000, 0.9375000000000000000, 1.000000000000000000 ),
 .UNSPECIFIED. ) ;
#2095 = VERTEX_POINT ( 'NONE', #3005 ) ;
#2096 = FILL_AREA_STYLE_COLOUR ( '', #2535 ) ;
#2097 = PRESENTATION_LAYER_ASSIGNMENT (  '', '', ( #710 ) ) ;
#2098 = EDGE_LOOP ( 'NONE', ( #2849, #3217, #3405, #614 ) ) ;
#2099 = CARTESIAN_POINT ( 'NONE',  ( -1419.535999758304797, -27.12183851495093379, -298.0000000000002842 ) ) ;
#2100 = CARTESIAN_POINT ( 'NONE',  ( 273.9999999999998863, 5.755519612351344350, -99.90304260560284888 ) ) ;
#2101 = VECTOR ( 'NONE', #944, 1000.000000000000227 ) ;
#2102 = VERTEX_POINT ( 'NONE', #2024 ) ;
#2103 = CARTESIAN_POINT ( 'NONE',  ( -274.0000000000000000, 23.32095727619667613, -182.4553400353810844 ) ) ;
#2104 = CARTESIAN_POINT ( 'NONE',  ( -274.0000000000000000, -200.0000000000000568, -62.00000000000000000 ) ) ;
#2105 = PRESENTATION_STYLE_ASSIGNMENT (( #3160 ) ) ;
#2106 = SURFACE_STYLE_USAGE ( .BOTH. , #1051 ) ;
#2107 =( LENGTH_UNIT ( ) NAMED_UNIT ( * ) SI_UNIT ( .MILLI., .METRE. ) );
#2108 = UNCERTAINTY_MEASURE_WITH_UNIT (LENGTH_MEASURE( 1.000000000000000082E-05 ), #2922, 'distance_accuracy_value', 'NONE');
#2109 = AXIS2_PLACEMENT_3D ( 'NONE', #2099, #1352, #3132 ) ;
#2110 = COLOUR_RGB ( '',1.000000000000000000, 1.000000000000000000, 1.000000000000000000 ) ;
#2111 = FILL_AREA_STYLE_COLOUR ( '', #862 ) ;
#2112 = ORIENTED_EDGE ( 'NONE', *, *, #2670, .T. ) ;
#2113 = SURFACE_SIDE_STYLE ('',( #3367 ) ) ;
#2114 = VERTEX_POINT ( 'NONE', #1479 ) ;
#2115 = CARTESIAN_POINT ( 'NONE',  ( 274.0000000000000000, -130.0000000000000568, -111.9999999999999716 ) ) ;
#2116 = CARTESIAN_POINT ( 'NONE',  ( 273.9999999999999432, 23.32095727619665482, -182.4553400353810559 ) ) ;
#2117 = DIRECTION ( 'NONE',  ( 0.9994266866073301392, 0.03385702433902990083, -0.000000000000000000 ) ) ;
#2118 = EDGE_LOOP ( 'NONE', ( #1920, #2806, #3266, #1656 ) ) ;
#2119 = CARTESIAN_POINT ( 'NONE',  ( 1418.826526636269136, -48.06480043899369292, 0.000000000000000000 ) ) ;
#2120 = CLOSED_SHELL ( 'NONE', ( #1224, #3308, #2507, #2870, #2798, #2592, #2136, #1573, #1119, #3020, #272, #1317, #2941, #144, #2611, #2940, #2655, #482, #1037, #3394, #1852, #2708, #72, #338, #1784, #1830, #809, #1741, #2056, #1595, #513, #2628, #1694, #1355, #723, #3034, #615, #2506, #2142, #831, #1462, #909, #2296, #354, #293, #3040, #271, #956, #552, #1552, #355, #1202, #2690, #2482, #2026, #1671, #3159, #1206, #3161, #414, #2668, #456, #2425, #656, #1695, #1229, #975, #872, #2584, #976, #3244, #1851 ) ) ;
#2121 = CARTESIAN_POINT ( 'NONE',  ( 430.6677981570352927, 52.59171494700979110, -300.0000000000005116 ) ) ;
#2122 = SURFACE_STYLE_FILL_AREA ( #295 ) ;
#2123 = CARTESIAN_POINT ( 'NONE',  ( 250.0000000000000000, 0.02428439883142563538, -62.00000000000000000 ) ) ;
#2124 = CARTESIAN_POINT ( 'NONE',  ( -1427.130287920547062, 197.0542195794585609, -285.0000000000002274 ) ) ;
#2125 = DIRECTION ( 'NONE',  ( 0.9994266866073300282, -0.03385702433903032410, -0.000000000000000000 ) ) ;
#2126 = ORIENTED_EDGE ( 'NONE', *, *, #3112, .T. ) ;
#2127 =( NAMED_UNIT ( * ) SI_UNIT ( $, .STERADIAN. ) SOLID_ANGLE_UNIT ( ) );
#2128 = EDGE_LOOP ( 'NONE', ( #1699, #279, #1603, #2345 ) ) ;
#2129 = COLOUR_RGB ( '',0.5882352941176470784, 0.5882352941176470784, 0.6313725490196078205 ) ;
#2130 = CARTESIAN_POINT ( 'NONE',  ( -1422.383030237506546, 56.91975385908553875, 0.000000000000000000 ) ) ;
#2131 = PRESENTATION_LAYER_ASSIGNMENT (  '', '', ( #190 ) ) ;
#2132 = DIRECTION ( 'NONE',  ( -0.03385702433903089309, 0.9994266866073300282, 0.000000000000000000 ) ) ;
#2133 = ORIENTED_EDGE ( 'NONE', *, *, #2379, .T. ) ;
#2134 = CIRCLE ( 'NONE', #2020, 14.99999999999999822 ) ;
#2135 = DIRECTION ( 'NONE',  ( 1.000000000000000000, -0.000000000000000000, -0.000000000000000000 ) ) ;
#2136 = ADVANCED_FACE ( 'NONE', ( #2993 ), #445, .F. ) ;
#2137 = CARTESIAN_POINT ( 'NONE',  ( 0.000000000000000000, -8.929352197982133532, -64.65931874366233956 ) ) ;
#2138 = FILL_AREA_STYLE_COLOUR ( '', #2226 ) ;
#2139 = VECTOR ( 'NONE', #3218, 1000.000000000000000 ) ;
#2140 = FILL_AREA_STYLE ('',( #3105 ) ) ;
#2141 = VECTOR ( 'NONE', #494, 1000.000000000000000 ) ;
#2142 = ADVANCED_FACE ( 'NONE', ( #1974 ), #3023, .F. ) ;
#2143 = CARTESIAN_POINT ( 'NONE',  ( 1112.587575330613618, -11.14719206179313460, 0.000000000000000000 ) ) ;
#2144 = UNCERTAINTY_MEASURE_WITH_UNIT (LENGTH_MEASURE( 1.000000000000000082E-05 ), #2709, 'distance_accuracy_value', 'NONE');
#2145 = DIRECTION ( 'NONE',  ( -1.000000000000000000, -0.000000000000000000, -0.000000000000000000 ) ) ;
#2146 = FACE_BOUND ( 'NONE', #1678, .T. ) ;
#2147 = ORIENTED_EDGE ( 'NONE', *, *, #2342, .T. ) ;
#2148 = CARTESIAN_POINT ( 'NONE',  ( -1417.469432336412865, -29.05297783948755352, -2.000000000000000000 ) ) ;
#2149 = DIRECTION ( 'NONE',  ( 1.000000000000000000, 0.000000000000000000, 0.000000000000000000 ) ) ;
#2150 = CIRCLE ( 'NONE', #2841, 19.99999999999998934 ) ;
#2151 = DIRECTION ( 'NONE',  ( 0.9994266866073302502, 0.03385702433902830488, 0.000000000000000000 ) ) ;
#2152 = AXIS2_PLACEMENT_3D ( 'NONE', #2487, #3247, #3282 ) ;
#2153 = CARTESIAN_POINT ( 'NONE',  ( 1427.572575863739758, -40.00000000000006395, -182.0000000000000000 ) ) ;
#2154 = SURFACE_STYLE_FILL_AREA ( #32 ) ;
#2155 = PRODUCT_DEFINITION_FORMATION_WITH_SPECIFIED_SOURCE ( 'ANY', '', #2867, .NOT_KNOWN. ) ;
#2156 = SURFACE_SIDE_STYLE ('',( #858 ) ) ;
#2157 = CARTESIAN_POINT ( 'NONE',  ( -1422.383030237507228, 56.91975385908549612, -2.000000000000000000 ) ) ;
#2158 = FILL_AREA_STYLE ('',( #650 ) ) ;
#2159 = CARTESIAN_POINT ( 'NONE',  ( 1420.384176864292385, 56.98746790776355908, -15.00000000000000000 ) ) ;
#2160 = EDGE_CURVE ( 'NONE', #2820, #1318, #1443, .T. ) ;
#2161 = LINE ( 'NONE', #319, #810 ) ;
#2162 = AXIS2_PLACEMENT_3D ( 'NONE', #2047, #1345, #1585 ) ;
#2163 = PRESENTATION_LAYER_ASSIGNMENT (  '', '', ( #3206 ) ) ;
#2164 = FILL_AREA_STYLE_COLOUR ( '', #1780 ) ;
#2165 = LINE ( 'NONE', #1872, #471 ) ;
#2166 = CIRCLE ( 'NONE', #2000, 14.99999999999999822 ) ;
#2167 = CARTESIAN_POINT ( 'NONE',  ( 1422.773640589156457, 68.45019450248847193, -9.008642714530772366 ) ) ;
#2168 = ORIENTED_EDGE ( 'NONE', *, *, #2565, .F. ) ;
#2169 = DIRECTION ( 'NONE',  ( -1.000000000000000000, -0.000000000000000000, -0.000000000000000000 ) ) ;
#2170 = SURFACE_STYLE_FILL_AREA ( #1111 ) ;
#2171 = CARTESIAN_POINT ( 'NONE',  ( -1417.537146385090864, -27.05412446627289924, -2.000000000000000000 ) ) ;
#2172 = DIRECTION ( 'NONE',  ( -1.000000000000000000, 0.000000000000000000, -0.000000000000000000 ) ) ;
#2173 = SURFACE_SIDE_STYLE ('',( #33 ) ) ;
#2174 = ORIENTED_EDGE ( 'NONE', *, *, #3268, .T. ) ;
#2175 = CARTESIAN_POINT ( 'NONE',  ( 1427.572575863739758, -40.00000000000006395, -201.9999999999999716 ) ) ;
#2176 = SURFACE_STYLE_FILL_AREA ( #1118 ) ;
#2177 = DIRECTION ( 'NONE',  ( 0.000000000000000000, -0.000000000000000000, -1.000000000000000000 ) ) ;
#2178 = ORIENTED_EDGE ( 'NONE', *, *, #1987, .T. ) ;
#2179 = MECHANICAL_DESIGN_GEOMETRIC_PRESENTATION_REPRESENTATION (  '', ( #1746 ), #1025 ) ;
#2180 = CARTESIAN_POINT ( 'NONE',  ( -1420.384176864292385, 56.98746790776357329, -15.00000000000000000 ) ) ;
#2181 = DIRECTION ( 'NONE',  ( 1.000000000000000000, -0.000000000000000000, -0.000000000000000000 ) ) ;
#2182 =( NAMED_UNIT ( * ) PLANE_ANGLE_UNIT ( ) SI_UNIT ( $, .RADIAN. ) );
#2183 = ORIENTED_EDGE ( 'NONE', *, *, #92, .T. ) ;
#2184 = DIRECTION ( 'NONE',  ( 1.000000000000000000, -0.000000000000000000, -0.000000000000000000 ) ) ;
#2185 = CARTESIAN_POINT ( 'NONE',  ( -250.0000000000001705, 10.31093484196077803, -122.5046331414575462 ) ) ;
#2186 =( LENGTH_UNIT ( ) NAMED_UNIT ( * ) SI_UNIT ( .MILLI., .METRE. ) );
#2187 = AXIS2_PLACEMENT_3D ( 'NONE', #52, #1644, #2951 ) ;
#2188 =( NAMED_UNIT ( * ) SI_UNIT ( $, .STERADIAN. ) SOLID_ANGLE_UNIT ( ) );
#2189 = DIRECTION ( 'NONE',  ( -0.03385702433903543807, -0.9994266866073299171, 0.000000000000000000 ) ) ;
#2190 = ORIENTED_EDGE ( 'NONE', *, *, #3243, .F. ) ;
#2191 = EDGE_CURVE ( 'NONE', #444, #929, #1173, .T. ) ;
#2192 = EDGE_CURVE ( 'NONE', #2008, #2290, #1867, .T. ) ;
#2193 = PRESENTATION_STYLE_ASSIGNMENT (( #1635 ) ) ;
#2194 = TOROIDAL_SURFACE ( 'NONE', #205, 13.00000000000000000, 2.000000000000000000 ) ;
#2195 = SURFACE_STYLE_FILL_AREA ( #2450 ) ;
#2196 = AXIS2_PLACEMENT_3D ( 'NONE', #1292, #2356, #516 ) ;
#2197 = DIRECTION ( 'NONE',  ( -0.03385702433903032410, 0.9994266866073300282, -0.000000000000000000 ) ) ;
#2198 = ORIENTED_EDGE ( 'NONE', *, *, #434, .F. ) ;
#2199 = CYLINDRICAL_SURFACE ( 'NONE', #808, 19.99999999999997513 ) ;
#2200 =( NAMED_UNIT ( * ) PLANE_ANGLE_UNIT ( ) SI_UNIT ( $, .RADIAN. ) );
#2201 = UNCERTAINTY_MEASURE_WITH_UNIT (LENGTH_MEASURE( 1.000000000000000082E-05 ), #852, 'distance_accuracy_value', 'NONE');
#2202 = SURFACE_SIDE_STYLE ('',( #2176 ) ) ;
#2203 = CARTESIAN_POINT ( 'NONE',  ( -1402.766429970915624, 68.57601133491213830, -131.4658518749105269 ) ) ;
#2204 = SPHERICAL_SURFACE ( 'NONE', #96, 2.000000000000000000 ) ;
#2205 = PRESENTATION_STYLE_ASSIGNMENT (( #3240 ) ) ;
#2206 = COLOUR_RGB ( '',0.5882352941176470784, 0.5882352941176470784, 0.6313725490196078205 ) ;
#2207 = PRESENTATION_LAYER_ASSIGNMENT (  '', '', ( #2042 ) ) ;
#2208 = EDGE_LOOP ( 'NONE', ( #2133, #2949, #2009, #1142 ) ) ;
#2209 =( NAMED_UNIT ( * ) SI_UNIT ( $, .STERADIAN. ) SOLID_ANGLE_UNIT ( ) );
#2210 = EDGE_CURVE ( 'NONE', #523, #3383, #2134, .T. ) ;
#2211 = DIRECTION ( 'NONE',  ( 0.01560380995676602205, -0.4606094123151689423, 0.8874657685801226048 ) ) ;
#2212 =( NAMED_UNIT ( * ) SI_UNIT ( $, .STERADIAN. ) SOLID_ANGLE_UNIT ( ) );
#2213 = ORIENTED_EDGE ( 'NONE', *, *, #1340, .F. ) ;
#2214 = CARTESIAN_POINT ( 'NONE',  ( -249.9999999999998579, 34.62365673808832156, -227.1484570233144495 ) ) ;
#2215 = CARTESIAN_POINT ( 'NONE',  ( 1305.765949440140275, 10.29021140187132666, 7.686249599770135887 ) ) ;
#2216 = SURFACE_STYLE_USAGE ( .BOTH. , #1170 ) ;
#2217 = CARTESIAN_POINT ( 'NONE',  ( -1306.023602974856658, 42.49593948750523964, -300.0000000000000000 ) ) ;
#2218 = CARTESIAN_POINT ( 'NONE',  ( 0.000000000000000000, 56.43421862917187326, -300.0000000000002842 ) ) ;
#2219 = SURFACE_SIDE_STYLE ('',( #1175 ) ) ;
#2220 = ORIENTED_EDGE ( 'NONE', *, *, #3267, .T. ) ;
#2221 = ORIENTED_EDGE ( 'NONE', *, *, #1294, .F. ) ;
#2222 =( NAMED_UNIT ( * ) PLANE_ANGLE_UNIT ( ) SI_UNIT ( $, .RADIAN. ) );
#2223 =( LENGTH_UNIT ( ) NAMED_UNIT ( * ) SI_UNIT ( .MILLI., .METRE. ) );
#2224 = AXIS2_PLACEMENT_3D ( 'NONE', #1492, #2802, #1513 ) ;
#2225 = SURFACE_SIDE_STYLE ('',( #960 ) ) ;
#2226 = COLOUR_RGB ( '',0.5882352941176470784, 0.5882352941176470784, 0.6313725490196078205 ) ;
#2227 = EDGE_CURVE ( 'NONE', #509, #910, #3342, .T. ) ;
#2228 = ORIENTED_EDGE ( 'NONE', *, *, #768, .F. ) ;
#2229 = PRESENTATION_LAYER_ASSIGNMENT (  '', '', ( #2881 ) ) ;
#2230 = FACE_OUTER_BOUND ( 'NONE', #177, .T. ) ;
#2231 = UNCERTAINTY_MEASURE_WITH_UNIT (LENGTH_MEASURE( 1.000000000000000082E-05 ), #3139, 'distance_accuracy_value', 'NONE');
#2232 = FILL_AREA_STYLE_COLOUR ( '', #3124 ) ;
#2233 = CARTESIAN_POINT ( 'NONE',  ( 1419.535999758304797, -27.12183851495093379, -2.000000000000001776 ) ) ;
#2234 = DIRECTION ( 'NONE',  ( 0.03385702433900128483, -0.9994266866073311384, 0.000000000000000000 ) ) ;
#2235 = STYLED_ITEM ( 'NONE', ( #3192 ), #2482 ) ;
#2236 = SURFACE_STYLE_FILL_AREA ( #2667 ) ;
#2237 = DIRECTION ( 'NONE',  ( 0.9994266866073301392, 0.03385702433903033104, 0.000000000000000000 ) ) ;
#2238 = AXIS2_PLACEMENT_3D ( 'NONE', #313, #2135, #1372 ) ;
#2239 = ORIENTED_EDGE ( 'NONE', *, *, #1442, .T. ) ;
#2240 = MECHANICAL_DESIGN_GEOMETRIC_PRESENTATION_REPRESENTATION (  '', ( #2886 ), #1538 ) ;
#2241 = EDGE_LOOP ( 'NONE', ( #2220, #2639, #2630, #3055 ) ) ;
#2242 =( LENGTH_UNIT ( ) NAMED_UNIT ( * ) SI_UNIT ( .MILLI., .METRE. ) );
#2243 = ORIENTED_EDGE ( 'NONE', *, *, #1484, .T. ) ;
#2244 = CARTESIAN_POINT ( 'NONE',  ( -1399.547466026158190, -26.44469802817031479, -300.0000000000002842 ) ) ;
#2245 = SURFACE_SIDE_STYLE ('',( #2551 ) ) ;
#2246 = DIRECTION ( 'NONE',  ( 0.000000000000000000, 0.000000000000000000, 1.000000000000000000 ) ) ;
#2247 = FILL_AREA_STYLE_COLOUR ( '', #2752 ) ;
#2248 = PLANE ( 'NONE',  #1258 ) ;
#2249 =( GEOMETRIC_REPRESENTATION_CONTEXT ( 3 ) GLOBAL_UNCERTAINTY_ASSIGNED_CONTEXT ( ( #2911 ) ) GLOBAL_UNIT_ASSIGNED_CONTEXT ( ( #2186, #1660, #883 ) ) REPRESENTATION_CONTEXT ( 'NONE', 'WORKASPACE' ) );
#2250 = CARTESIAN_POINT ( 'NONE',  ( 1375.563637018142799, 71.14037003075958410, -121.2922234629156861 ) ) ;
#2251 = CARTESIAN_POINT ( 'NONE',  ( 0.000000000000000000, 0.000000000000000000, 0.000000000000000000 ) ) ;
#2252 = STYLED_ITEM ( 'NONE', ( #846 ), #3159 ) ;
#2253 = SPHERICAL_SURFACE ( 'NONE', #664, 2.000000000000000000 ) ;
#2254 = EDGE_CURVE ( 'NONE', #985, #1649, #1310, .T. ) ;
#2255 = EDGE_CURVE ( 'NONE', #1568, #1231, #2822, .T. ) ;
#2256 = SURFACE_SIDE_STYLE ('',( #935 ) ) ;
#2257 = VECTOR ( 'NONE', #3339, 1000.000000000000000 ) ;
#2258 = DIRECTION ( 'NONE',  ( 1.000000000000000000, 0.000000000000000000, 0.000000000000000000 ) ) ;
#2259 = EDGE_LOOP ( 'NONE', ( #1768, #217, #2863, #2832 ) ) ;
#2260 = ORIENTED_EDGE ( 'NONE', *, *, #1120, .T. ) ;
#2261 = CARTESIAN_POINT ( 'NONE',  ( 273.9999999999999432, 34.40148583815771843, -227.1484435215933502 ) ) ;
#2262 = CARTESIAN_POINT ( 'NONE',  ( -762.6045451014739456, -16.03893221949997283, -64.65931874366233956 ) ) ;
#2263 = CARTESIAN_POINT ( 'NONE',  ( -1422.691547169006981, 66.02687595948317778, 0.000000000000000000 ) ) ;
#2264 = AXIS2_PLACEMENT_3D ( 'NONE', #2401, #857, #2959 ) ;
#2265 = CARTESIAN_POINT ( 'NONE',  ( 274.0000000000000000, -130.0000000000000568, -131.9999999999999432 ) ) ;
#2266 = CARTESIAN_POINT ( 'NONE',  ( 0.000000000000000000, 56.43421862917187326, -300.0000000000002842 ) ) ;
#2267 = SURFACE_STYLE_FILL_AREA ( #1729 ) ;
#2268 = ORIENTED_EDGE ( 'NONE', *, *, #1846, .F. ) ;
#2269 = DIRECTION ( 'NONE',  ( -0.03385702433903089309, 0.9994266866073300282, 0.000000000000000000 ) ) ;
#2270 = DIRECTION ( 'NONE',  ( -0.03004695012687309125, -0.8869569725694596007, -0.4608736373437867795 ) ) ;
#2271 = FILL_AREA_STYLE_COLOUR ( '', #1622 ) ;
#2272 = MECHANICAL_DESIGN_GEOMETRIC_PRESENTATION_REPRESENTATION (  '', ( #3263 ), #286 ) ;
#2273 = CARTESIAN_POINT ( 'NONE',  ( 274.0000000000000000, -130.0000000000000568, -111.9999999999999716 ) ) ;
#2274 = ORIENTED_EDGE ( 'NONE', *, *, #1596, .T. ) ;
#2275 = ORIENTED_EDGE ( 'NONE', *, *, #2360, .T. ) ;
#2276 = EDGE_LOOP ( 'NONE', ( #1008, #2147, #1866 ) ) ;
#2277 = CARTESIAN_POINT ( 'NONE',  ( 1417.537146385090864, -27.05412446627289924, 0.000000000000000000 ) ) ;
#2278 = CARTESIAN_POINT ( 'NONE',  ( -1333.069735989853143, -14.42965073980515633, 0.000000000000000000 ) ) ;
#2279 = PLANE ( 'NONE',  #1800 ) ;
#2280 = CARTESIAN_POINT ( 'NONE',  ( 274.0000000000000000, -200.0000000000000568, -242.0000000000000000 ) ) ;
#2281 = DIRECTION ( 'NONE',  ( -0.9994266866073301392, 0.03385702433903033104, 0.000000000000000000 ) ) ;
#2282 = DIRECTION ( 'NONE',  ( -0.01560380995676602031, 0.4606094123151689423, -0.8874657685801226048 ) ) ;
#2283 = CARTESIAN_POINT ( 'NONE',  ( -1419.535999758305479, -27.12183851495095865, 0.000000000000000000 ) ) ;
#2284 = FACE_OUTER_BOUND ( 'NONE', #2769, .T. ) ;
#2285 = STYLED_ITEM ( 'NONE', ( #2950 ), #1202 ) ;
#2286 =( GEOMETRIC_REPRESENTATION_CONTEXT ( 3 ) GLOBAL_UNCERTAINTY_ASSIGNED_CONTEXT ( ( #1452 ) ) GLOBAL_UNIT_ASSIGNED_CONTEXT ( ( #2984, #2695, #2443 ) ) REPRESENTATION_CONTEXT ( 'NONE', 'WORKASPACE' ) );
#2287 = FILL_AREA_STYLE ('',( #175 ) ) ;
#2288 = AXIS2_PLACEMENT_3D ( 'NONE', #1060, #1042, #3386 ) ;
#2289 = FILL_AREA_STYLE_COLOUR ( '', #1188 ) ;
#2290 = VERTEX_POINT ( 'NONE', #237 ) ;
#2291 = ORIENTED_EDGE ( 'NONE', *, *, #609, .F. ) ;
#2292 = ORIENTED_EDGE ( 'NONE', *, *, #1082, .F. ) ;
#2293 = MECHANICAL_DESIGN_GEOMETRIC_PRESENTATION_REPRESENTATION (  '', ( #27 ), #2408 ) ;
#2294 = CARTESIAN_POINT ( 'NONE',  ( -1305.765949440140275, 10.29021140187132666, 7.686249599770135887 ) ) ;
#2295 =( NAMED_UNIT ( * ) PLANE_ANGLE_UNIT ( ) SI_UNIT ( $, .RADIAN. ) );
#2296 = ADVANCED_FACE ( 'NONE', ( #2567 ), #3292, .T. ) ;
#2297 = EDGE_CURVE ( 'NONE', #817, #3332, #847, .T. ) ;
#2298 = DIRECTION ( 'NONE',  ( 0.9994266866073300282, 0.03385702433903003267, 0.000000000000000000 ) ) ;
#2299 = EDGE_CURVE ( 'NONE', #233, #3033, #1934, .T. ) ;
#2300 = FACE_OUTER_BOUND ( 'NONE', #2829, .T. ) ;
#2301 = LINE ( 'NONE', #3324, #2504 ) ;
#2302 = LINE ( 'NONE', #1539, #475 ) ;
#2303 = SURFACE_STYLE_USAGE ( .BOTH. , #794 ) ;
#2304 = LINE ( 'NONE', #3360, #2369 ) ;
#2305 = PRESENTATION_LAYER_ASSIGNMENT (  '', '', ( #1546 ) ) ;
#2306 = CARTESIAN_POINT ( 'NONE',  ( -1417.537146385090864, -27.05412446627289924, -2.000000000000000000 ) ) ;
#2307 = CARTESIAN_POINT ( 'NONE',  ( -1427.130287920547062, 197.0542195794585609, -285.0000000000002274 ) ) ;
#2308 = SURFACE_STYLE_USAGE ( .BOTH. , #1748 ) ;
#2309 = ORIENTED_EDGE ( 'NONE', *, *, #2073, .T. ) ;
#2310 = AXIS2_PLACEMENT_3D ( 'NONE', #2627, #264, #2660 ) ;
#2311 = ORIENTED_EDGE ( 'NONE', *, *, #1441, .F. ) ;
#2312 = FILL_AREA_STYLE_COLOUR ( '', #1837 ) ;
#2313 = VERTEX_POINT ( 'NONE', #3001 ) ;
#2314 = FACE_OUTER_BOUND ( 'NONE', #215, .T. ) ;
#2315 = DIRECTION ( 'NONE',  ( 0.000000000000000000, 0.000000000000000000, 1.000000000000000000 ) ) ;
#2316 = PLANE ( 'NONE',  #442 ) ;
#2317 = PRESENTATION_LAYER_ASSIGNMENT (  '', '', ( #1993 ) ) ;
#2318 = FILL_AREA_STYLE ('',( #1812 ) ) ;
#2319 = CARTESIAN_POINT ( 'NONE',  ( 1402.394496505360621, 57.59689434586609735, -15.00000000000000000 ) ) ;
#2320 =( GEOMETRIC_REPRESENTATION_CONTEXT ( 3 ) GLOBAL_UNCERTAINTY_ASSIGNED_CONTEXT ( ( #400 ) ) GLOBAL_UNIT_ASSIGNED_CONTEXT ( ( #2988, #323, #589 ) ) REPRESENTATION_CONTEXT ( 'NONE', 'WORKASPACE' ) );
#2321 = CARTESIAN_POINT ( 'NONE',  ( 1204.580470136613940, -12.34922501057926247, 0.000000000000000000 ) ) ;
#2322 = DIRECTION ( 'NONE',  ( -0.03385702433903089309, 0.9994266866073300282, 0.000000000000000000 ) ) ;
#2323 = VECTOR ( 'NONE', #1103, 999.9999999999998863 ) ;
#2324 = LINE ( 'NONE', #1594, #1654 ) ;
#2325 =( NAMED_UNIT ( * ) PLANE_ANGLE_UNIT ( ) SI_UNIT ( $, .RADIAN. ) );
#2326 = ORIENTED_EDGE ( 'NONE', *, *, #1618, .T. ) ;
#2327 = VERTEX_POINT ( 'NONE', #3254 ) ;
#2328 = DIRECTION ( 'NONE',  ( 0.9994266866073302502, -0.03385702433902830488, 0.000000000000000000 ) ) ;
#2329 = VERTEX_POINT ( 'NONE', #2747 ) ;
#2330 = DIRECTION ( 'NONE',  ( 0.9994266866073311384, -0.03385702433900134034, -5.873257494758371279E-16 ) ) ;
#2331 = CARTESIAN_POINT ( 'NONE',  ( 0.000000000000000000, 0.000000000000000000, 0.000000000000000000 ) ) ;
#2332 =( NAMED_UNIT ( * ) PLANE_ANGLE_UNIT ( ) SI_UNIT ( $, .RADIAN. ) );
#2333 = PRESENTATION_STYLE_ASSIGNMENT (( #3371 ) ) ;
#2334 = CARTESIAN_POINT ( 'NONE',  ( -1375.086616633645463, 41.09234423577990469, -300.0000000000005116 ) ) ;
#2335 = CARTESIAN_POINT ( 'NONE',  ( 1399.896197674890800, -16.15047628209462971, 0.000000000000000000 ) ) ;
#2336 =( LENGTH_UNIT ( ) NAMED_UNIT ( * ) SI_UNIT ( .MILLI., .METRE. ) );
#2337 = LINE ( 'NONE', #194, #2420 ) ;
#2338 = EDGE_CURVE ( 'NONE', #3364, #3309, #2720, .T. ) ;
#2339 = DIRECTION ( 'NONE',  ( 0.000000000000000000, 0.000000000000000000, -1.000000000000000000 ) ) ;
#2340 = COLOUR_RGB ( '',0.5882352941176470784, 0.5882352941176470784, 0.6313725490196078205 ) ;
#2341 = DIRECTION ( 'NONE',  ( 0.9994266866073300282, 0.03385702433903032410, 0.000000000000000000 ) ) ;
#2342 = EDGE_CURVE ( 'NONE', #1515, #2062, #1750, .T. ) ;
#2343 = EDGE_CURVE ( 'NONE', #922, #1078, #885, .T. ) ;
#2344 = SURFACE_STYLE_FILL_AREA ( #2662 ) ;
#2345 = ORIENTED_EDGE ( 'NONE', *, *, #2028, .F. ) ;
#2346 = ORIENTED_EDGE ( 'NONE', *, *, #591, .T. ) ;
#2347 = DIRECTION ( 'NONE',  ( -1.000000000000000000, -0.000000000000000000, -0.000000000000000000 ) ) ;
#2348 = ORIENTED_EDGE ( 'NONE', *, *, #1853, .F. ) ;
#2349 = DIRECTION ( 'NONE',  ( 1.000000000000000000, 0.000000000000000000, 0.000000000000000000 ) ) ;
#2350 = CARTESIAN_POINT ( 'NONE',  ( -1389.355862670537363, -15.75622991521554184, 0.000000000000000000 ) ) ;
#2351 = ORIENTED_EDGE ( 'NONE', *, *, #1919, .T. ) ;
#2352 = VECTOR ( 'NONE', #981, 1000.000000000000000 ) ;
#2353 = FILL_AREA_STYLE ('',( #1289 ) ) ;
#2354 = CARTESIAN_POINT ( 'NONE',  ( -274.0000000000000000, 34.40148583815770422, -227.1484435215933502 ) ) ;
#2355 = DIRECTION ( 'NONE',  ( -0.9994266866073300282, 0.03385702433903032410, 0.000000000000000000 ) ) ;
#2356 = DIRECTION ( 'NONE',  ( -0.9994266866073300282, 0.03385702433903032410, 0.000000000000000000 ) ) ;
#2357 = FILL_AREA_STYLE ('',( #1067 ) ) ;
#2358 = SURFACE_STYLE_USAGE ( .BOTH. , #1838 ) ;
#2359 = ORIENTED_EDGE ( 'NONE', *, *, #1675, .T. ) ;
#2360 = EDGE_CURVE ( 'NONE', #2451, #2059, #720, .T. ) ;
#2361 = ORIENTED_EDGE ( 'NONE', *, *, #2227, .T. ) ;
#2362 = COLOUR_RGB ( '',0.5882352941176470784, 0.5882352941176470784, 0.6313725490196078205 ) ;
#2363 = CARTESIAN_POINT ( 'NONE',  ( -1112.670383432247945, 13.08015762195294407, 7.686249599770135887 ) ) ;
#2364 = VERTEX_POINT ( 'NONE', #3014 ) ;
#2365 = CARTESIAN_POINT ( 'NONE',  ( -273.9999999999997726, 13.19903856814621612, -137.5315187946661410 ) ) ;
#2366 = CARTESIAN_POINT ( 'NONE',  ( 1389.161059184076066, -24.68349637802610630, -64.65931874366233956 ) ) ;
#2367 = UNCERTAINTY_MEASURE_WITH_UNIT (LENGTH_MEASURE( 1.000000000000000082E-05 ), #1932, 'distance_accuracy_value', 'NONE');
#2368 = SURFACE_STYLE_USAGE ( .BOTH. , #13 ) ;
#2369 = VECTOR ( 'NONE', #1798, 999.9999999999998863 ) ;
#2370 = CARTESIAN_POINT ( 'NONE',  ( 1374.190817354238106, -15.33501353430897396, 0.000000000000000000 ) ) ;
#2371 = UNCERTAINTY_MEASURE_WITH_UNIT (LENGTH_MEASURE( 1.000000000000000082E-05 ), #66, 'distance_accuracy_value', 'NONE');
#2372 =( GEOMETRIC_REPRESENTATION_CONTEXT ( 3 ) GLOBAL_UNCERTAINTY_ASSIGNED_CONTEXT ( ( #900 ) ) GLOBAL_UNIT_ASSIGNED_CONTEXT ( ( #1140, #1457, #2446 ) ) REPRESENTATION_CONTEXT ( 'NONE', 'WORKASPACE' ) );
#2373 = AXIS2_PLACEMENT_3D ( 'NONE', #907, #1954, #1702 ) ;
#2374 = CARTESIAN_POINT ( 'NONE',  ( 1407.977744195793321, 222.4089783577894082, -300.0000000000002842 ) ) ;
#2375 = ORIENTED_EDGE ( 'NONE', *, *, #435, .T. ) ;
#2376 =( LENGTH_UNIT ( ) NAMED_UNIT ( * ) SI_UNIT ( .MILLI., .METRE. ) );
#2377 = EDGE_LOOP ( 'NONE', ( #1282, #1301, #2292, #2467 ) ) ;
#2378 = SURFACE_STYLE_USAGE ( .BOTH. , #1041 ) ;
#2379 = EDGE_CURVE ( 'NONE', #800, #1264, #193, .T. ) ;
#2380 = CARTESIAN_POINT ( 'NONE',  ( -1375.563637018142799, 71.14037003075958410, -121.2922234629156861 ) ) ;
#2381 = CARTESIAN_POINT ( 'NONE',  ( 1390.587036249947914, 40.66480670114027873, -300.0000000000005116 ) ) ;
#2382 = B_SPLINE_CURVE_WITH_KNOTS ( 'NONE', 3,
 ( #1392, #1651, #3229, #891, #2908, #1357, #2434, #2957, #61, #2972, #1094, #1124 ),
 .UNSPECIFIED., .F., .F.,
 ( 4, 2, 2, 2, 2, 4 ),
 ( 0.000000000000000000, 0.5000000000000000000, 0.7500000000000000000, 0.8750000000000000000, 0.9375000000000000000, 1.000000000000000000 ),
 .UNSPECIFIED. ) ;
#2383 = EDGE_LOOP ( 'NONE', ( #1252, #129, #1044, #3010 ) ) ;
#2384 = EDGE_CURVE ( 'NONE', #1736, #320, #1692, .T. ) ;
#2385 = CARTESIAN_POINT ( 'NONE',  ( 0.000000000000000000, 56.43421862917187326, -300.0000000000002842 ) ) ;
#2386 = CARTESIAN_POINT ( 'NONE',  ( 1374.049078752702144, -24.26328016702485257, -64.65931874366233956 ) ) ;
#2387 = FACE_OUTER_BOUND ( 'NONE', #821, .T. ) ;
#2388 = SURFACE_STYLE_FILL_AREA ( #877 ) ;
#2389 = DIRECTION ( 'NONE',  ( 0.000000000000000000, 1.000000000000000000, 0.000000000000000000 ) ) ;
#2390 = CARTESIAN_POINT ( 'NONE',  ( -1422.383030237507228, 56.91975385908551033, -15.00000000000000000 ) ) ;
#2391 = LINE ( 'NONE', #570, #1127 ) ;
#2392 = ORIENTED_EDGE ( 'NONE', *, *, #3185, .F. ) ;
#2393 = CARTESIAN_POINT ( 'NONE',  ( 274.0000000000000000, -40.00000000000006395, -111.9999999999999858 ) ) ;
#2394 = ORIENTED_EDGE ( 'NONE', *, *, #3378, .F. ) ;
#2395 = DIRECTION ( 'NONE',  ( -0.9994266866073300282, -0.03385702433903003267, 0.000000000000000000 ) ) ;
#2396 = AXIS2_PLACEMENT_3D ( 'NONE', #328, #2462, #611 ) ;
#2397 = CARTESIAN_POINT ( 'NONE',  ( -1365.406114013922206, 9.109718104438774944, 7.686249599770135887 ) ) ;
#2398 = ORIENTED_EDGE ( 'NONE', *, *, #251, .T. ) ;
#2399 = AXIS2_PLACEMENT_3D ( 'NONE', #3352, #1826, #2851 ) ;
#2400 = CYLINDRICAL_SURFACE ( 'NONE', #2673, 2.000000000000043521 ) ;
#2401 = CARTESIAN_POINT ( 'NONE',  ( -1419.468285709626798, -29.12069188816559517, 0.000000000000000000 ) ) ;
#2402 = EDGE_CURVE ( 'NONE', #441, #1192, #1642, .T. ) ;
#2403 = FILL_AREA_STYLE_COLOUR ( '', #1359 ) ;
#2404 = EDGE_CURVE ( 'NONE', #2601, #2971, #1951, .T. ) ;
#2405 = CIRCLE ( 'NONE', #923, 2.000000000000000000 ) ;
#2406 = CARTESIAN_POINT ( 'NONE',  ( 250.0000000000000000, -40.00000000000006395, -201.9999999999999716 ) ) ;
#2407 = B_SPLINE_CURVE_WITH_KNOTS ( 'NONE', 3,
 ( #2727, #3000, #1385, #1647 ),
 .UNSPECIFIED., .F., .F.,
 ( 4, 4 ),
 ( 0.000000000000000000, 0.02400102826491384150 ),
 .UNSPECIFIED. ) ;
#2408 =( GEOMETRIC_REPRESENTATION_CONTEXT ( 3 ) GLOBAL_UNCERTAINTY_ASSIGNED_CONTEXT ( ( #17 ) ) GLOBAL_UNIT_ASSIGNED_CONTEXT ( ( #469, #3341, #2032 ) ) REPRESENTATION_CONTEXT ( 'NONE', 'WORKASPACE' ) );
#2409 = FILL_AREA_STYLE_COLOUR ( '', #71 ) ;
#2410 = UNCERTAINTY_MEASURE_WITH_UNIT (LENGTH_MEASURE( 1.000000000000000082E-05 ), #1541, 'distance_accuracy_value', 'NONE');
#2411 = SURFACE_SIDE_STYLE ('',( #302 ) ) ;
#2412 = CARTESIAN_POINT ( 'NONE',  ( 274.0000000000000000, -130.0000000000000568, -201.9999999999999716 ) ) ;
#2413 =( LENGTH_UNIT ( ) NAMED_UNIT ( * ) SI_UNIT ( .MILLI., .METRE. ) );
#2414 =( NAMED_UNIT ( * ) PLANE_ANGLE_UNIT ( ) SI_UNIT ( $, .RADIAN. ) );
#2415 = DIRECTION ( 'NONE',  ( -0.9994266866073301392, 0.03385702433902990777, 0.000000000000000000 ) ) ;
#2416 = LINE ( 'NONE', #1106, #324 ) ;
#2417 = COLOUR_RGB ( '',0.5882352941176470784, 0.5882352941176470784, 0.6313725490196078205 ) ;
#2418 = VERTEX_POINT ( 'NONE', #1149 ) ;
#2419 = LINE ( 'NONE', #1421, #761 ) ;
#2420 = VECTOR ( 'NONE', #2052, 1000.000000000000000 ) ;
#2421 = MECHANICAL_DESIGN_GEOMETRIC_PRESENTATION_REPRESENTATION (  '', ( #2740 ), #210 ) ;
#2422 = CARTESIAN_POINT ( 'NONE',  ( -274.0000000000000000, -130.0000000000000568, -221.9999999999999716 ) ) ;
#2423 = COLOUR_RGB ( '',0.5882352941176470784, 0.5882352941176470784, 0.6313725490196078205 ) ;
#2424 =( NAMED_UNIT ( * ) PLANE_ANGLE_UNIT ( ) SI_UNIT ( $, .RADIAN. ) );
#2425 = ADVANCED_FACE ( 'NONE', ( #2766 ), #1471, .T. ) ;
#2426 = DIRECTION ( 'NONE',  ( 0.000000000000000000, 0.000000000000000000, -1.000000000000000000 ) ) ;
#2427 = DIRECTION ( 'NONE',  ( -0.03385702433903032410, -0.9994266866073300282, -0.000000000000000000 ) ) ;
#2428 = MECHANICAL_DESIGN_GEOMETRIC_PRESENTATION_REPRESENTATION (  '', ( #3080 ), #1616 ) ;
#2429 = MECHANICAL_DESIGN_GEOMETRIC_PRESENTATION_REPRESENTATION (  '', ( #1997 ), #3315 ) ;
#2430 =( NAMED_UNIT ( * ) SI_UNIT ( $, .STERADIAN. ) SOLID_ANGLE_UNIT ( ) );
#2431 = CARTESIAN_POINT ( 'NONE',  ( 0.000000000000000000, -200.0000000000000568, 0.000000000000000000 ) ) ;
#2432 = DIRECTION ( 'NONE',  ( 1.000000000000000000, 0.000000000000000000, 0.000000000000000000 ) ) ;
#2433 = ORIENTED_EDGE ( 'NONE', *, *, #1373, .T. ) ;
#2434 = CARTESIAN_POINT ( 'NONE',  ( -1333.069735989853143, -14.42965073980515633, 0.000000000000000000 ) ) ;
#2435 = DIRECTION ( 'NONE',  ( 1.000000000000000000, -0.000000000000000000, -0.000000000000000000 ) ) ;
#2436 = CARTESIAN_POINT ( 'NONE',  ( -250.0000000000000000, -200.0000000000000568, -242.0000000000000000 ) ) ;
#2437 = AXIS2_PLACEMENT_3D ( 'NONE', #2180, #3230, #314 ) ;
#2438 = FILL_AREA_STYLE_COLOUR ( '', #990 ) ;
#2439 = ORIENTED_EDGE ( 'NONE', *, *, #3089, .F. ) ;
#2440 = UNCERTAINTY_MEASURE_WITH_UNIT (LENGTH_MEASURE( 1.000000000000000082E-05 ), #1641, 'distance_accuracy_value', 'NONE');
#2441 = EDGE_CURVE ( 'NONE', #922, #817, #2165, .T. ) ;
#2442 = FILL_AREA_STYLE ('',( #569 ) ) ;
#2443 =( NAMED_UNIT ( * ) SI_UNIT ( $, .STERADIAN. ) SOLID_ANGLE_UNIT ( ) );
#2444 = EDGE_CURVE ( 'NONE', #481, #1227, #921, .T. ) ;
#2445 = EDGE_CURVE ( 'NONE', #2489, #542, #1811, .T. ) ;
#2446 =( NAMED_UNIT ( * ) SI_UNIT ( $, .STERADIAN. ) SOLID_ANGLE_UNIT ( ) );
#2447 = VECTOR ( 'NONE', #1365, 1000.000000000000114 ) ;
#2448 = ORIENTED_EDGE ( 'NONE', *, *, #3246, .T. ) ;
#2449 = SURFACE_STYLE_FILL_AREA ( #1402 ) ;
#2450 = FILL_AREA_STYLE ('',( #137 ) ) ;
#2451 = VERTEX_POINT ( 'NONE', #2602 ) ;
#2452 = CARTESIAN_POINT ( 'NONE',  ( 1422.383030237506546, 56.91975385908551033, 0.000000000000000000 ) ) ;
#2453 = FILL_AREA_STYLE ('',( #863 ) ) ;
#2454 = SURFACE_STYLE_USAGE ( .BOTH. , #1135 ) ;
#2455 = COLOUR_RGB ( '',0.5882352941176470784, 0.5882352941176470784, 0.6313725490196078205 ) ;
#2456 = FILL_AREA_STYLE ('',( #1412 ) ) ;
#2457 = CARTESIAN_POINT ( 'NONE',  ( -1375.086616633645463, 41.09234423575345829, -300.0000000000000000 ) ) ;
#2458 = CARTESIAN_POINT ( 'NONE',  ( 1421.810505477909373, 40.01937543965588873, 45.76960978391083756 ) ) ;
#2459 = DIRECTION ( 'NONE',  ( 0.000000000000000000, -1.000000000000000000, 0.000000000000000000 ) ) ;
#2460 = ORIENTED_EDGE ( 'NONE', *, *, #439, .T. ) ;
#2461 = FILL_AREA_STYLE_COLOUR ( '', #2561 ) ;
#2462 = DIRECTION ( 'NONE',  ( 0.000000000000000000, -1.000000000000000000, -0.000000000000000000 ) ) ;
#2463 = CARTESIAN_POINT ( 'NONE',  ( 1402.394496505359939, 57.59689434586612578, 0.000000000000000000 ) ) ;
#2464 = AXIS2_PLACEMENT_3D ( 'NONE', #2171, #594, #579 ) ;
#2465 = DIRECTION ( 'NONE',  ( 0.000000000000000000, -0.8875738279011242682, -0.4606654968900380509 ) ) ;
#2466 = AXIS2_PLACEMENT_3D ( 'NONE', #2005, #2270, #3329 ) ;
#2467 = ORIENTED_EDGE ( 'NONE', *, *, #1653, .T. ) ;
#2468 = LINE ( 'NONE', #100, #1581 ) ;
#2469 = CARTESIAN_POINT ( 'NONE',  ( -249.9999999999999716, 23.54315149602837920, -182.4554365670659024 ) ) ;
#2470 = UNCERTAINTY_MEASURE_WITH_UNIT (LENGTH_MEASURE( 1.000000000000000082E-05 ), #2336, 'distance_accuracy_value', 'NONE');
#2471 =( LENGTH_UNIT ( ) NAMED_UNIT ( * ) SI_UNIT ( .MILLI., .METRE. ) );
#2472 = LINE ( 'NONE', #105, #1865 ) ;
#2473 = PRESENTATION_LAYER_ASSIGNMENT (  '', '', ( #1164 ) ) ;
#2474 = CARTESIAN_POINT ( 'NONE',  ( -430.6841950725083166, 82.64337449207502573, -121.2922234629156861 ) ) ;
#2475 =( GEOMETRIC_REPRESENTATION_CONTEXT ( 3 ) GLOBAL_UNCERTAINTY_ASSIGNED_CONTEXT ( ( #1134 ) ) GLOBAL_UNIT_ASSIGNED_CONTEXT ( ( #2977, #580, #878 ) ) REPRESENTATION_CONTEXT ( 'NONE', 'WORKASPACE' ) );
#2476 = CARTESIAN_POINT ( 'NONE',  ( -1417.537146385090864, -27.05412446627290635, -2.000000000000000000 ) ) ;
#2477 = COLOUR_RGB ( '',0.5882352941176470784, 0.5882352941176470784, 0.6313725490196078205 ) ;
#2478 = VERTEX_POINT ( 'NONE', #1621 ) ;
#2479 =( GEOMETRIC_REPRESENTATION_CONTEXT ( 3 ) GLOBAL_UNCERTAINTY_ASSIGNED_CONTEXT ( ( #1168 ) ) GLOBAL_UNIT_ASSIGNED_CONTEXT ( ( #2897, #801, #2127 ) ) REPRESENTATION_CONTEXT ( 'NONE', 'WORKASPACE' ) );
#2480 = AXIS2_PLACEMENT_3D ( 'NONE', #658, #2237, #1989 ) ;
#2482 = ADVANCED_FACE ( 'NONE', ( #1104 ), #307, .T. ) ;
#2481 = EDGE_LOOP ( 'NONE', ( #398, #90 ) ) ;
#2483 = DIRECTION ( 'NONE',  ( -1.000000000000000000, 0.000000000000000000, 0.000000000000000000 ) ) ;
#2484 = CARTESIAN_POINT ( 'NONE',  ( -1396.847528854142411, 40.45947280101260901, -300.0000000000005116 ) ) ;
#2485 = DIRECTION ( 'NONE',  ( -1.000000000000000000, -0.000000000000000000, -0.000000000000000000 ) ) ;
#2486 = EDGE_CURVE ( 'NONE', #766, #2753, #1722, .T. ) ;
#2487 = CARTESIAN_POINT ( 'NONE',  ( 1417.537146385090864, -27.05412446627289924, -2.000000000000000000 ) ) ;
#2488 = DIRECTION ( 'NONE',  ( -0.03385702433903033104, -0.9994266866073300282, 0.000000000000000000 ) ) ;
#2489 = VERTEX_POINT ( 'NONE', #2635 ) ;
#2490 = CYLINDRICAL_SURFACE ( 'NONE', #2876, 19.99999999999998934 ) ;
#2491 = CARTESIAN_POINT ( 'NONE',  ( 1306.023602974856658, 42.49593948750523964, -300.0000000000000000 ) ) ;
#2492 = AXIS2_PLACEMENT_3D ( 'NONE', #1262, #1003, #1222 ) ;
#2493 = CARTESIAN_POINT ( 'NONE',  ( -1417.469432336412865, -29.05297783948755708, -298.0000000000002842 ) ) ;
#2494 = CARTESIAN_POINT ( 'NONE',  ( 1400.047993716088058, -11.66960362846256061, 1.949970187490462914E-08 ) ) ;
#2495 = CARTESIAN_POINT ( 'NONE',  ( -1417.469432336412865, -29.05297783948755352, -300.0000000000002842 ) ) ;
#2496 =( NAMED_UNIT ( * ) SI_UNIT ( $, .STERADIAN. ) SOLID_ANGLE_UNIT ( ) );
#2497 = FILL_AREA_STYLE ('',( #903 ) ) ;
#2498 = ORIENTED_EDGE ( 'NONE', *, *, #2486, .F. ) ;
#2499 = ORIENTED_EDGE ( 'NONE', *, *, #1944, .T. ) ;
#2500 = DIRECTION ( 'NONE',  ( 0.000000000000000000, 0.000000000000000000, -1.000000000000000000 ) ) ;
#2501 =( GEOMETRIC_REPRESENTATION_CONTEXT ( 3 ) GLOBAL_UNCERTAINTY_ASSIGNED_CONTEXT ( ( #2371 ) ) GLOBAL_UNIT_ASSIGNED_CONTEXT ( ( #66, #1219, #3340 ) ) REPRESENTATION_CONTEXT ( 'NONE', 'WORKASPACE' ) );
#2502 = SURFACE_SIDE_STYLE ('',( #993 ) ) ;
#2503 = CARTESIAN_POINT ( 'NONE',  ( 1427.572575863739758, -130.0000000000000568, -201.9999999999999716 ) ) ;
#2504 = VECTOR ( 'NONE', #2539, 1000.000000000000000 ) ;
#2505 = EDGE_LOOP ( 'NONE', ( #3294, #1579, #2788, #1193 ) ) ;
#2506 = ADVANCED_FACE ( 'NONE', ( #24 ), #2619, .T. ) ;
#2507 = ADVANCED_FACE ( 'NONE', ( #3293 ), #2712, .F. ) ;
#2508 = CARTESIAN_POINT ( 'NONE',  ( -1425.131434547332219, 197.1219336281366168, -300.0000000000002842 ) ) ;
#2509 = UNCERTAINTY_MEASURE_WITH_UNIT (LENGTH_MEASURE( 1.000000000000000082E-05 ), #1842, 'distance_accuracy_value', 'NONE');
#2510 = CARTESIAN_POINT ( 'NONE',  ( 1390.587036249947914, 40.66480670116645513, -300.0000000000000000 ) ) ;
#2511 = CARTESIAN_POINT ( 'NONE',  ( 250.0000000000000000, 34.62365673808832867, -227.1484570233144495 ) ) ;
#2512 = SURFACE_STYLE_FILL_AREA ( #676 ) ;
#2513 = STYLED_ITEM ( 'NONE', ( #2193 ), #2056 ) ;
#2514 = SURFACE_STYLE_USAGE ( .BOTH. , #679 ) ;
#2515 = ORIENTED_EDGE ( 'NONE', *, *, #201, .T. ) ;
#2516 = ORIENTED_EDGE ( 'NONE', *, *, #1618, .F. ) ;
#2517 = DIRECTION ( 'NONE',  ( 0.9994266866073301392, -0.03385702433902990083, 6.792596965932173301E-19 ) ) ;
#2518 = CARTESIAN_POINT ( 'NONE',  ( -1333.605930245424133, 42.00227540097162660, -300.0000000000005116 ) ) ;
#2519 = FILL_AREA_STYLE_COLOUR ( '', #581 ) ;
#2520 = CARTESIAN_POINT ( 'NONE',  ( -0.0009999999999732445133, -40.00000000000006395, -221.9999999999999716 ) ) ;
#2521 = DIRECTION ( 'NONE',  ( 0.000000000000000000, 0.000000000000000000, 1.000000000000000000 ) ) ;
#2522 = DIRECTION ( 'NONE',  ( -1.000000000000000000, -0.000000000000000000, -0.000000000000000000 ) ) ;
#2523 = AXIS2_PLACEMENT_3D ( 'NONE', #18, #2953, #3187 ) ;
#2524 = CARTESIAN_POINT ( 'NONE',  ( 0.000000000000000000, 0.000000000000000000, 0.000000000000000000 ) ) ;
#2525 =( NAMED_UNIT ( * ) SI_UNIT ( $, .STERADIAN. ) SOLID_ANGLE_UNIT ( ) );
#2526 =( GEOMETRIC_REPRESENTATION_CONTEXT ( 3 ) GLOBAL_UNCERTAINTY_ASSIGNED_CONTEXT ( ( #1309 ) ) GLOBAL_UNIT_ASSIGNED_CONTEXT ( ( #46, #1126, #2674 ) ) REPRESENTATION_CONTEXT ( 'NONE', 'WORKASPACE' ) );
#2527 = SURFACE_SIDE_STYLE ('',( #1004 ) ) ;
#2528 = SURFACE_STYLE_USAGE ( .BOTH. , #2017 ) ;
#2529 = FILL_AREA_STYLE ('',( #2289 ) ) ;
#2530 = ORIENTED_EDGE ( 'NONE', *, *, #2360, .F. ) ;
#2531 = EDGE_LOOP ( 'NONE', ( #259, #2819 ) ) ;
#2532 = EDGE_LOOP ( 'NONE', ( #2924, #1090, #1247, #1634 ) ) ;
#2533 = SURFACE_SIDE_STYLE ('',( #133 ) ) ;
#2534 = SURFACE_STYLE_USAGE ( .BOTH. , #3036 ) ;
#2535 = COLOUR_RGB ( '',0.5882352941176470784, 0.5882352941176470784, 0.6313725490196078205 ) ;
#2536 =( NAMED_UNIT ( * ) PLANE_ANGLE_UNIT ( ) SI_UNIT ( $, .RADIAN. ) );
#2537 = STYLED_ITEM ( 'NONE', ( #1911 ), #272 ) ;
#2538 = SURFACE_STYLE_FILL_AREA ( #2353 ) ;
#2539 = DIRECTION ( 'NONE',  ( -1.000000000000000000, -0.000000000000000000, -0.000000000000000000 ) ) ;
#2540 = CARTESIAN_POINT ( 'NONE',  ( -1425.131434547332219, 197.1219336281366168, -300.0000000000002842 ) ) ;
#2541 = CARTESIAN_POINT ( 'NONE',  ( 430.6502253834992189, 20.38500082321912288, 7.686249599770135887 ) ) ;
#2542 = LINE ( 'NONE', #2090, #1101 ) ;
#2543 = DIRECTION ( 'NONE',  ( 1.000000000000000000, -0.000000000000000000, 0.000000000000000000 ) ) ;
#2544 = ORIENTED_EDGE ( 'NONE', *, *, #1015, .T. ) ;
#2545 = EDGE_CURVE ( 'NONE', #3332, #1092, #1213, .T. ) ;
#2546 = EDGE_CURVE ( 'NONE', #523, #2820, #357, .T. ) ;
#2547 = ORIENTED_EDGE ( 'NONE', *, *, #3420, .T. ) ;
#2548 = ORIENTED_EDGE ( 'NONE', *, *, #1925, .F. ) ;
#2549 = CARTESIAN_POINT ( 'NONE',  ( -430.6370062929070173, -3.842466645202340381, 0.000000000000000000 ) ) ;
#2550 = FACE_OUTER_BOUND ( 'NONE', #110, .T. ) ;
#2551 = SURFACE_STYLE_FILL_AREA ( #3338 ) ;
#2552 =( NAMED_UNIT ( * ) SI_UNIT ( $, .STERADIAN. ) SOLID_ANGLE_UNIT ( ) );
#2553 =( GEOMETRIC_REPRESENTATION_CONTEXT ( 3 ) GLOBAL_UNCERTAINTY_ASSIGNED_CONTEXT ( ( #53 ) ) GLOBAL_UNIT_ASSIGNED_CONTEXT ( ( #616, #84, #298 ) ) REPRESENTATION_CONTEXT ( 'NONE', 'WORKASPACE' ) );
#2554 = STYLED_ITEM ( 'NONE', ( #1980 ), #1224 ) ;
#2555 = DIRECTION ( 'NONE',  ( 0.000000000000000000, 0.000000000000000000, -1.000000000000000000 ) ) ;
#2556 = DIRECTION ( 'NONE',  ( 1.000000000000000000, -0.000000000000000000, -0.000000000000000000 ) ) ;
#2557 = AXIS2_PLACEMENT_3D ( 'NONE', #1002, #2556, #2033 ) ;
#2558 = FILL_AREA_STYLE ('',( #1054 ) ) ;
#2559 = MECHANICAL_DESIGN_GEOMETRIC_PRESENTATION_REPRESENTATION (  '', ( #2082 ), #138 ) ;
#2560 = ORIENTED_EDGE ( 'NONE', *, *, #557, .F. ) ;
#2561 = COLOUR_RGB ( '',0.5882352941176470784, 0.5882352941176470784, 0.6313725490196078205 ) ;
#2562 = ORIENTED_EDGE ( 'NONE', *, *, #2073, .F. ) ;
#2563 = VERTEX_POINT ( 'NONE', #74 ) ;
#2564 = ORIENTED_EDGE ( 'NONE', *, *, #3138, .F. ) ;
#2565 = EDGE_CURVE ( 'NONE', #860, #478, #2914, .T. ) ;
#2566 = COLOUR_RGB ( '',0.5882352941176470784, 0.5882352941176470784, 0.6313725490196078205 ) ;
#2567 = FACE_OUTER_BOUND ( 'NONE', #479, .T. ) ;
#2568 = PLANE ( 'NONE',  #1212 ) ;
#2569 = CARTESIAN_POINT ( 'NONE',  ( -274.0000000000000000, 38.28430035335733095, -242.0000000000000000 ) ) ;
#2570 = CARTESIAN_POINT ( 'NONE',  ( 762.6135259109853450, -7.109572991377057782, 0.000000000000000000 ) ) ;
#2571 = MANIFOLD_SOLID_BREP ( 'Mirror1', #2120 ) ;
#2572 = MECHANICAL_DESIGN_GEOMETRIC_PRESENTATION_REPRESENTATION (  '', ( #262 ), #2680 ) ;
#2573 =( NAMED_UNIT ( * ) SI_UNIT ( $, .STERADIAN. ) SOLID_ANGLE_UNIT ( ) );
#2574 = FACE_OUTER_BOUND ( 'NONE', #3250, .T. ) ;
#2575 = CIRCLE ( 'NONE', #1099, 19.99999999999998934 ) ;
#2576 = EDGE_LOOP ( 'NONE', ( #3398, #871 ) ) ;
#2577 = PRESENTATION_LAYER_ASSIGNMENT (  '', '', ( #1606 ) ) ;
#2578 = CIRCLE ( 'NONE', #3129, 2.000000000000043965 ) ;
#2579 = PRESENTATION_STYLE_ASSIGNMENT (( #1335 ) ) ;
#2580 = ORIENTED_EDGE ( 'NONE', *, *, #1904, .F. ) ;
#2581 = ORIENTED_EDGE ( 'NONE', *, *, #2853, .F. ) ;
#2582 = DIRECTION ( 'NONE',  ( -0.9994266866073302502, 0.03385702433902830488, 0.000000000000000000 ) ) ;
#2583 = AXIS2_PLACEMENT_3D ( 'NONE', #1293, #3392, #517 ) ;
#2584 = ADVANCED_FACE ( 'NONE', ( #558 ), #3130, .F. ) ;
#2585 =( NAMED_UNIT ( * ) PLANE_ANGLE_UNIT ( ) SI_UNIT ( $, .RADIAN. ) );
#2586 = FACE_OUTER_BOUND ( 'NONE', #987, .T. ) ;
#2587 = VECTOR ( 'NONE', #3085, 1000.000000000000114 ) ;
#2588 = CARTESIAN_POINT ( 'NONE',  ( 250.0000000000000000, -130.0000000000000568, -111.9999999999999716 ) ) ;
#2589 = EDGE_CURVE ( 'NONE', #1192, #785, #220, .T. ) ;
#2590 = AXIS2_PLACEMENT_3D ( 'NONE', #734, #803, #3135 ) ;
#2591 = DIRECTION ( 'NONE',  ( 0.000000000000000000, 0.000000000000000000, 1.000000000000000000 ) ) ;
#2592 = ADVANCED_FACE ( 'NONE', ( #746 ), #1073, .T. ) ;
#2593 = DIRECTION ( 'NONE',  ( 1.000000000000000000, -0.000000000000000000, 0.000000000000000000 ) ) ;
#2594 = AXIS2_PLACEMENT_3D ( 'NONE', #1416, #87, #38 ) ;
#2595 = CYLINDRICAL_SURFACE ( 'NONE', #2583, 2.000000000000043521 ) ;
#2596 = STYLED_ITEM ( 'NONE', ( #2066 ), #355 ) ;
#2597 = DIRECTION ( 'NONE',  ( 0.000000000000000000, 1.000000000000000000, 0.000000000000000000 ) ) ;
#2598 = VERTEX_POINT ( 'NONE', #3417 ) ;
#2599 = ORIENTED_EDGE ( 'NONE', *, *, #2631, .F. ) ;
#2600 = SURFACE_SIDE_STYLE ('',( #3096 ) ) ;
#2601 = VERTEX_POINT ( 'NONE', #2061 ) ;
#2602 = CARTESIAN_POINT ( 'NONE',  ( 1400.047993716088058, -11.66960362846256061, 1.949970187490462914E-08 ) ) ;
#2603 =( NAMED_UNIT ( * ) SI_UNIT ( $, .STERADIAN. ) SOLID_ANGLE_UNIT ( ) );
#2604 = B_SPLINE_SURFACE_WITH_KNOTS ( 'NONE', 2, 3, ( 
 ( #1422, #1360, #31, #3337, #2025, #2011, #2518, #686, #2737, #135, #2484, #1480 ),
 ( #153, #1214, #2262, #2758, #3281, #411, #395, #3319, #1520, #382, #973, #1975 ),
 ( #3006, #113, #1721, #1461, #925, #714, #2278, #1755, #957, #644, #185, #1738 ) ),
 .UNSPECIFIED., .F., .F., .F.,
 ( 3, 3 ),
 ( 4, 2, 2, 2, 2, 4 ),
 ( 0.000000000000000000, 1.000000000000000000 ),
 ( 0.000000000000000000, 0.5000000000000000000, 0.7500000000000000000, 0.8750000000000000000, 0.9375000000000000000, 1.000000000000000000 ),
 .UNSPECIFIED. ) ;
#2605 = SURFACE_SIDE_STYLE ('',( #2538 ) ) ;
#2606 =( NAMED_UNIT ( * ) SI_UNIT ( $, .STERADIAN. ) SOLID_ANGLE_UNIT ( ) );
#2607 = CARTESIAN_POINT ( 'NONE',  ( 1401.806892388572805, 40.25138785373235351, -300.0000000000005116 ) ) ;
#2608 =( LENGTH_UNIT ( ) NAMED_UNIT ( * ) SI_UNIT ( .MILLI., .METRE. ) );
#2609 = CARTESIAN_POINT ( 'NONE',  ( -250.0000000000000000, -40.00000000000006395, -221.9999999999999716 ) ) ;
#2610 = LINE ( 'NONE', #1312, #3200 ) ;
#2611 = ADVANCED_FACE ( 'NONE', ( #1266 ), #541, .T. ) ;
#2612 = EDGE_CURVE ( 'NONE', #3364, #441, #2711, .T. ) ;
#2613 = CIRCLE ( 'NONE', #2224, 2.000000000000001776 ) ;
#2614 = PRESENTATION_STYLE_ASSIGNMENT (( #2916 ) ) ;
#2615 = CARTESIAN_POINT ( 'NONE',  ( 274.0000000000000000, 38.28430035335733805, -242.0000000000000284 ) ) ;
#2616 = MECHANICAL_DESIGN_GEOMETRIC_PRESENTATION_REPRESENTATION (  '', ( #2990 ), #1682 ) ;
#2617 = ORIENTED_EDGE ( 'NONE', *, *, #1670, .F. ) ;
#2618 = VERTEX_POINT ( 'NONE', #601 ) ;
#2619 = PLANE ( 'NONE',  #1446 ) ;
#2620 = CARTESIAN_POINT ( 'NONE',  ( -430.6502253834992189, 20.38500082321912288, 7.686249599770135887 ) ) ;
#2621 = DIRECTION ( 'NONE',  ( 0.03385702433903032410, 0.9994266866073300282, -0.000000000000000000 ) ) ;
#2622 = ORIENTED_EDGE ( 'NONE', *, *, #1442, .F. ) ;
#2623 = VECTOR ( 'NONE', #2522, 1000.000000000000000 ) ;
#2624 = LINE ( 'NONE', #1046, #671 ) ;
#2625 = FACE_BOUND ( 'NONE', #1371, .T. ) ;
#2626 = FILL_AREA_STYLE_COLOUR ( '', #1558 ) ;
#2627 = CARTESIAN_POINT ( 'NONE',  ( -1427.966277927939927, 221.7318378710088211, -300.0000000000002842 ) ) ;
#2628 = ADVANCED_FACE ( 'NONE', ( #1902 ), #2204, .T. ) ;
#2629 = EDGE_CURVE ( 'NONE', #233, #1568, #3257, .T. ) ;
#2630 = ORIENTED_EDGE ( 'NONE', *, *, #2192, .F. ) ;
#2631 = EDGE_CURVE ( 'NONE', #910, #2084, #2935, .T. ) ;
#2632 = DIRECTION ( 'NONE',  ( 0.000000000000000000, 0.000000000000000000, 1.000000000000000000 ) ) ;
#2633 = CIRCLE ( 'NONE', #428, 19.99999999999998934 ) ;
#2634 = ORIENTED_EDGE ( 'NONE', *, *, #1805, .T. ) ;
#2635 = CARTESIAN_POINT ( 'NONE',  ( -1425.582138799235281, 210.4262882166785289, -278.0868954398434880 ) ) ;
#2636 =( GEOMETRIC_REPRESENTATION_CONTEXT ( 3 ) GLOBAL_UNCERTAINTY_ASSIGNED_CONTEXT ( ( #864 ) ) GLOBAL_UNIT_ASSIGNED_CONTEXT ( ( #3070, #3030, #762 ) ) REPRESENTATION_CONTEXT ( 'NONE', 'WORKASPACE' ) );
#2637 = CARTESIAN_POINT ( 'NONE',  ( -1402.824352824643938, 70.28583808167509517, -121.2922234629156861 ) ) ;
#2638 = AXIS2_PLACEMENT_3D ( 'NONE', #3264, #1403, #397 ) ;
#2639 = ORIENTED_EDGE ( 'NONE', *, *, #1675, .F. ) ;
#2640 =( NAMED_UNIT ( * ) PLANE_ANGLE_UNIT ( ) SI_UNIT ( $, .RADIAN. ) );
#2641 =( GEOMETRIC_REPRESENTATION_CONTEXT ( 3 ) GLOBAL_UNCERTAINTY_ASSIGNED_CONTEXT ( ( #689 ) ) GLOBAL_UNIT_ASSIGNED_CONTEXT ( ( #2783, #3071, #1713 ) ) REPRESENTATION_CONTEXT ( 'NONE', 'WORKASPACE' ) );
#2642 = LINE ( 'NONE', #2869, #3113 ) ;
#2643 = CARTESIAN_POINT ( 'NONE',  ( -250.0000000000000000, 38.50646644706220911, -242.0000000000000000 ) ) ;
#2644 = DIRECTION ( 'NONE',  ( 0.03385702433902990777, -0.9994266866073301392, 0.000000000000000000 ) ) ;
#2645 = AXIS2_PLACEMENT_3D ( 'NONE', #1483, #945, #648 ) ;
#2646 = AXIS2_PLACEMENT_3D ( 'NONE', #234, #2347, #2632 ) ;
#2647 = CARTESIAN_POINT ( 'NONE',  ( 274.0000000000000000, -200.0000000000000568, -242.0000000000000000 ) ) ;
#2648 = UNCERTAINTY_MEASURE_WITH_UNIT (LENGTH_MEASURE( 1.000000000000000082E-05 ), #446, 'distance_accuracy_value', 'NONE');
#2649 = SURFACE_STYLE_USAGE ( .BOTH. , #2411 ) ;
#2650 = ORIENTED_EDGE ( 'NONE', *, *, #1182, .F. ) ;
#2651 = FILL_AREA_STYLE ('',( #1058 ) ) ;
#2652 = ORIENTED_EDGE ( 'NONE', *, *, #534, .T. ) ;
#2653 = CARTESIAN_POINT ( 'NONE',  ( -1401.806892388573033, 40.25138785373222561, -300.0000000000002842 ) ) ;
#2654 = EDGE_CURVE ( 'NONE', #502, #2598, #3073, .T. ) ;
#2655 = ADVANCED_FACE ( 'NONE', ( #1351 ), #3190, .F. ) ;
#2656 = DIRECTION ( 'NONE',  ( 0.03385702433903033104, -0.9994266866073301392, 0.000000000000000000 ) ) ;
#2657 = MECHANICAL_DESIGN_GEOMETRIC_PRESENTATION_REPRESENTATION (  '', ( #1626 ), #3092 ) ;
#2658 = DIRECTION ( 'NONE',  ( 0.000000000000000000, 0.000000000000000000, -1.000000000000000000 ) ) ;
#2659 = DIRECTION ( 'NONE',  ( 1.000000000000000000, -0.000000000000000000, -0.000000000000000000 ) ) ;
#2660 = DIRECTION ( 'NONE',  ( -1.000000000000000000, 0.000000000000000000, 0.000000000000000000 ) ) ;
#2661 = FILL_AREA_STYLE ('',( #3224 ) ) ;
#2662 = FILL_AREA_STYLE ('',( #781 ) ) ;
#2663 = VECTOR ( 'NONE', #2184, 1000.000000000000000 ) ;
#2664 = SURFACE_STYLE_USAGE ( .BOTH. , #1886 ) ;
#2665 = PRESENTATION_LAYER_ASSIGNMENT (  '', '', ( #2554 ) ) ;
#2666 =( LENGTH_UNIT ( ) NAMED_UNIT ( * ) SI_UNIT ( .MILLI., .METRE. ) );
#2667 = FILL_AREA_STYLE ('',( #562 ) ) ;
#2669 = ORIENTED_EDGE ( 'NONE', *, *, #2938, .F. ) ;
#2668 = ADVANCED_FACE ( 'NONE', ( #176 ), #224, .T. ) ;
#2670 = EDGE_CURVE ( 'NONE', #1719, #2008, #3330, .T. ) ;
#2671 = CARTESIAN_POINT ( 'NONE',  ( -1401.806892388573033, 40.25138785373222561, -300.0000000000002842 ) ) ;
#2672 =( NAMED_UNIT ( * ) PLANE_ANGLE_UNIT ( ) SI_UNIT ( $, .RADIAN. ) );
#2673 = AXIS2_PLACEMENT_3D ( 'NONE', #576, #593, #2151 ) ;
#2674 =( NAMED_UNIT ( * ) SI_UNIT ( $, .STERADIAN. ) SOLID_ANGLE_UNIT ( ) );
#2675 = SURFACE_STYLE_USAGE ( .BOTH. , #97 ) ;
#2676 = COLOUR_RGB ( '',0.5882352941176470784, 0.5882352941176470784, 0.6313725490196078205 ) ;
#2677 = CARTESIAN_POINT ( 'NONE',  ( -250.0000000000000000, 4.634906081755890028, -92.35040042095987189 ) ) ;
#2678 = UNCERTAINTY_MEASURE_WITH_UNIT (LENGTH_MEASURE( 1.000000000000000082E-05 ), #1652, 'distance_accuracy_value', 'NONE');
#2679 = DIRECTION ( 'NONE',  ( 1.000000000000000000, -0.000000000000000000, -0.000000000000000000 ) ) ;
#2680 =( GEOMETRIC_REPRESENTATION_CONTEXT ( 3 ) GLOBAL_UNCERTAINTY_ASSIGNED_CONTEXT ( ( #2777 ) ) GLOBAL_UNIT_ASSIGNED_CONTEXT ( ( #1857, #2879, #2091 ) ) REPRESENTATION_CONTEXT ( 'NONE', 'WORKASPACE' ) );
#2681 = ORIENTED_EDGE ( 'NONE', *, *, #2191, .T. ) ;
#2682 = PRODUCT_CONTEXT ( 'NONE', #811, 'mechanical' ) ;
#2683 = CARTESIAN_POINT ( 'NONE',  ( -1402.845200757263001, 70.90124893440801657, -8.086895439843200251 ) ) ;
#2684 = AXIS2_PLACEMENT_3D ( 'NONE', #1540, #3375, #1796 ) ;
#2685 = EDGE_CURVE ( 'NONE', #2804, #3057, #1225, .T. ) ;
#2686 = FACE_OUTER_BOUND ( 'NONE', #942, .T. ) ;
#2687 = FACE_OUTER_BOUND ( 'NONE', #2899, .T. ) ;
#2688 = SURFACE_STYLE_USAGE ( .BOTH. , #613 ) ;
#2689 = ORIENTED_EDGE ( 'NONE', *, *, #2210, .T. ) ;
#2690 = ADVANCED_FACE ( 'NONE', ( #693 ), #1747, .T. ) ;
#2691 = EDGE_CURVE ( 'NONE', #2327, #3097, #1154, .T. ) ;
#2692 = SURFACE_STYLE_USAGE ( .BOTH. , #3251 ) ;
#2693 = VECTOR ( 'NONE', #2339, 1000.000000000000000 ) ;
#2694 = B_SPLINE_CURVE_WITH_KNOTS ( 'NONE', 3,
 ( #1133, #120, #67, #2677, #583, #1916, #2185, #3235, #3223, #2981, #2469, #899, #2214, #317 ),
 .UNSPECIFIED., .F., .F.,
 ( 4, 2, 2, 2, 2, 2, 4 ),
 ( 7.019464194300635769E-18, 0.02301266209765790230, 0.04602532419531579766, 0.06903798629297371037, 0.09205064839063155369, 0.1380759725859472542, 0.1841012967812629686 ),
 .UNSPECIFIED. ) ;
#2695 =( NAMED_UNIT ( * ) PLANE_ANGLE_UNIT ( ) SI_UNIT ( $, .RADIAN. ) );
#2696 = COLOUR_RGB ( '',0.5882352941176470784, 0.5882352941176470784, 0.6313725490196078205 ) ;
#2697 =( GEOMETRIC_REPRESENTATION_CONTEXT ( 3 ) GLOBAL_UNCERTAINTY_ASSIGNED_CONTEXT ( ( #2648 ) ) GLOBAL_UNIT_ASSIGNED_CONTEXT ( ( #446, #2222, #2209 ) ) REPRESENTATION_CONTEXT ( 'NONE', 'WORKASPACE' ) );
#2698 = CARTESIAN_POINT ( 'NONE',  ( 1402.703013436860374, 66.70401644626376481, 0.000000000000000000 ) ) ;
#2699 = PRESENTATION_LAYER_ASSIGNMENT (  '', '', ( #2596 ) ) ;
#2700 = ORIENTED_EDGE ( 'NONE', *, *, #1340, .T. ) ;
#2701 = SURFACE_SIDE_STYLE ('',( #1922 ) ) ;
#2702 = B_SPLINE_CURVE_WITH_KNOTS ( 'NONE', 3,
 ( #3328, #1745, #1203, #2797, #691, #3344, #3090, #2780, #123, #963, #436, #2015, #2511, #3049 ),
 .UNSPECIFIED., .F., .F.,
 ( 4, 2, 2, 2, 2, 2, 4 ),
 ( 7.084670258516331272E-18, 0.02301266209765790230, 0.04602532419531579766, 0.06903798629297371037, 0.09205064839063155369, 0.1380759725859472542, 0.1841012967812629686 ),
 .UNSPECIFIED. ) ;
#2703 = FACE_BOUND ( 'NONE', #1476, .T. ) ;
#2704 = FACE_BOUND ( 'NONE', #2481, .T. ) ;
#2705 = EDGE_LOOP ( 'NONE', ( #2581, #3118, #1913, #2622 ) ) ;
#2706 = LINE ( 'NONE', #2963, #749 ) ;
#2707 = UNCERTAINTY_MEASURE_WITH_UNIT (LENGTH_MEASURE( 1.000000000000000082E-05 ), #221, 'distance_accuracy_value', 'NONE');
#2708 = ADVANCED_FACE ( 'NONE', ( #1174 ), #1191, .T. ) ;
#2709 =( LENGTH_UNIT ( ) NAMED_UNIT ( * ) SI_UNIT ( .MILLI., .METRE. ) );
#2710 = CARTESIAN_POINT ( 'NONE',  ( -762.7005101292010067, 79.37639298474219629, -121.2922234629156861 ) ) ;
#2711 = LINE ( 'NONE', #2458, #2323 ) ;
#2712 = CYLINDRICAL_SURFACE ( 'NONE', #1338, 19.99999999999998934 ) ;
#2713 = MECHANICAL_DESIGN_GEOMETRIC_PRESENTATION_REPRESENTATION (  '', ( #3391 ), #1636 ) ;
#2714 = COLOUR_RGB ( '',0.5882352941176470784, 0.5882352941176470784, 0.6313725490196078205 ) ;
#2715 = ORIENTED_EDGE ( 'NONE', *, *, #591, .F. ) ;
#2716 = PRESENTATION_STYLE_ASSIGNMENT (( #856 ) ) ;
#2717 =( NAMED_UNIT ( * ) SI_UNIT ( $, .STERADIAN. ) SOLID_ANGLE_UNIT ( ) );
#2718 = DIRECTION ( 'NONE',  ( 1.000000000000000000, -0.000000000000000000, -0.000000000000000000 ) ) ;
#2719 = LINE ( 'NONE', #345, #2101 ) ;
#2720 = CIRCLE ( 'NONE', #812, 1.999999999999992895 ) ;
#2721 = CARTESIAN_POINT ( 'NONE',  ( -1399.479751977480191, -28.44355140138499394, -298.0000000000002842 ) ) ;
#2722 = EDGE_LOOP ( 'NONE', ( #406, #111, #3173, #3279 ) ) ;
#2723 = AXIS2_PLACEMENT_3D ( 'NONE', #2277, #2500, #2483 ) ;
#2724 = DIRECTION ( 'NONE',  ( 0.03385702433903032410, -0.9994266866073300282, -0.000000000000000000 ) ) ;
#2725 = SURFACE_STYLE_FILL_AREA ( #2453 ) ;
#2726 = CARTESIAN_POINT ( 'NONE',  ( 1333.069735989853143, -14.42965073980515633, 0.000000000000000000 ) ) ;
#2727 = CARTESIAN_POINT ( 'NONE',  ( -250.0000000000000000, 38.50646644706220911, -242.0000000000000000 ) ) ;
#2728 = CARTESIAN_POINT ( 'NONE',  ( -1400.946338160201549, 14.84865746329864322, -7.160110398399444520 ) ) ;
#2729 = EDGE_CURVE ( 'NONE', #542, #2327, #1377, .T. ) ;
#2730 = CARTESIAN_POINT ( 'NONE',  ( -1425.131434547332219, 197.1219336281366168, -285.0000000000002274 ) ) ;
#2731 = CARTESIAN_POINT ( 'NONE',  ( -1425.571575863739781, 210.1144805540319282, -285.0000000000002274 ) ) ;
#2732 = ORIENTED_EDGE ( 'NONE', *, *, #2546, .F. ) ;
#2733 = EDGE_CURVE ( 'NONE', #2883, #3400, #1017, .T. ) ;
#2734 = EDGE_LOOP ( 'NONE', ( #1994, #2268, #603, #2311 ) ) ;
#2735 = CARTESIAN_POINT ( 'NONE',  ( -1399.942894731762408, -14.77202422569996898, 0.4375693594602945713 ) ) ;
#2736 = VECTOR ( 'NONE', #1900, 1000.000000000000114 ) ;
#2737 = CARTESIAN_POINT ( 'NONE',  ( -1375.086616633645463, 41.09234423577990469, -300.0000000000005116 ) ) ;
#2738 = CYLINDRICAL_SURFACE ( 'NONE', #3278, 19.99999999999998934 ) ;
#2739 =( GEOMETRIC_REPRESENTATION_CONTEXT ( 3 ) GLOBAL_UNCERTAINTY_ASSIGNED_CONTEXT ( ( #1238 ) ) GLOBAL_UNIT_ASSIGNED_CONTEXT ( ( #982, #1050, #3144 ) ) REPRESENTATION_CONTEXT ( 'NONE', 'WORKASPACE' ) );
#2740 = STYLED_ITEM ( 'NONE', ( #1781 ), #482 ) ;
#2741 = EDGE_LOOP ( 'NONE', ( #1400, #1009, #592, #2228 ) ) ;
#2742 = DIRECTION ( 'NONE',  ( 0.9994266866073301392, 0.03385702433902990777, 0.000000000000000000 ) ) ;
#2743 = STYLED_ITEM ( 'NONE', ( #2333 ), #3394 ) ;
#2744 = SURFACE_STYLE_USAGE ( .BOTH. , #1658 ) ;
#2745 = UNCERTAINTY_MEASURE_WITH_UNIT (LENGTH_MEASURE( 1.000000000000000082E-05 ), #1183, 'distance_accuracy_value', 'NONE');
#2746 = CARTESIAN_POINT ( 'NONE',  ( 1365.857280363919017, 41.31332949745601724, -300.0000000000000000 ) ) ;
#2747 = CARTESIAN_POINT ( 'NONE',  ( -250.0000000000000000, -40.00000000000006395, -131.9999999999999716 ) ) ;
#2748 = AXIS2_PLACEMENT_3D ( 'NONE', #1261, #1509, #3013 ) ;
#2749 = DIRECTION ( 'NONE',  ( 0.9994266866073300282, 0.03385702433902990083, 0.000000000000000000 ) ) ;
#2750 = DIRECTION ( 'NONE',  ( -1.000000000000000000, 0.000000000000000000, 0.000000000000000000 ) ) ;
#2751 = DIRECTION ( 'NONE',  ( 1.000000000000000000, -0.000000000000000000, -0.000000000000000000 ) ) ;
#2752 = COLOUR_RGB ( '',0.5882352941176470784, 0.5882352941176470784, 0.6313725490196078205 ) ;
#2753 = VERTEX_POINT ( 'NONE', #798 ) ;
#2754 = MECHANICAL_DESIGN_GEOMETRIC_PRESENTATION_REPRESENTATION (  '', ( #1776 ), #2479 ) ;
#2755 = AXIS2_PLACEMENT_3D ( 'NONE', #707, #1733, #1243 ) ;
#2756 = ORIENTED_EDGE ( 'NONE', *, *, #1905, .T. ) ;
#2757 = EDGE_CURVE ( 'NONE', #3350, #481, #536, .T. ) ;
#2758 = CARTESIAN_POINT ( 'NONE',  ( -1112.557055336752001, -20.07649498811553102, -64.65931874366233956 ) ) ;
#2759 = CYLINDRICAL_SURFACE ( 'NONE', #1608, 19.99999999999998934 ) ;
#2760 =( NAMED_UNIT ( * ) SI_UNIT ( $, .STERADIAN. ) SOLID_ANGLE_UNIT ( ) );
#2761 = ORIENTED_EDGE ( 'NONE', *, *, #916, .T. ) ;
#2762 = FILL_AREA_STYLE_COLOUR ( '', #1472 ) ;
#2763 = LINE ( 'NONE', #2508, #81 ) ;
#2764 = CARTESIAN_POINT ( 'NONE',  ( 430.6841950725083166, 82.64337449207502573, -121.2922234629156861 ) ) ;
#2765 = FACE_OUTER_BOUND ( 'NONE', #2532, .T. ) ;
#2766 = FACE_OUTER_BOUND ( 'NONE', #954, .T. ) ;
#2767 = FILL_AREA_STYLE ('',( #965 ) ) ;
#2768 = CARTESIAN_POINT ( 'NONE',  ( -1422.773640589156457, 68.45019450248848614, -9.008642714530775919 ) ) ;
#2769 = EDGE_LOOP ( 'NONE', ( #2564, #1299, #1305, #365 ) ) ;
#2770 = EDGE_LOOP ( 'NONE', ( #2361, #1928 ) ) ;
#2771 = DIRECTION ( 'NONE',  ( 1.000000000000000000, -0.000000000000000000, -0.000000000000000000 ) ) ;
#2772 = EDGE_CURVE ( 'NONE', #197, #2563, #2324, .T. ) ;
#2773 = LINE ( 'NONE', #2520, #667 ) ;
#2774 = MECHANICAL_DESIGN_GEOMETRIC_PRESENTATION_REPRESENTATION (  '', ( #2554 ), #1802 ) ;
#2775 = CARTESIAN_POINT ( 'NONE',  ( 1427.572575863739758, -40.00000000000006395, -111.9999999999999858 ) ) ;
#2776 = CARTESIAN_POINT ( 'NONE',  ( 1420.384176864292385, 56.98746790776354487, 0.000000000000000000 ) ) ;
#2777 = UNCERTAINTY_MEASURE_WITH_UNIT (LENGTH_MEASURE( 1.000000000000000082E-05 ), #1857, 'distance_accuracy_value', 'NONE');
#2778 = CARTESIAN_POINT ( 'NONE',  ( 1112.780464152719105, 45.28671516776690709, -300.0000000000000000 ) ) ;
#2779 = EDGE_LOOP ( 'NONE', ( #3131, #905, #1706, #3136 ) ) ;
#2780 = CARTESIAN_POINT ( 'NONE',  ( 249.9999999999998863, 13.42123321124248569, -137.5316153087119631 ) ) ;
#2781 = LINE ( 'NONE', #1797, #2064 ) ;
#2782 = AXIS2_PLACEMENT_3D ( 'NONE', #1302, #1319, #256 ) ;
#2783 =( LENGTH_UNIT ( ) NAMED_UNIT ( * ) SI_UNIT ( .MILLI., .METRE. ) );
#2784 = DIRECTION ( 'NONE',  ( 0.000000000000000000, 0.000000000000000000, 1.000000000000000000 ) ) ;
#2785 = ORIENTED_EDGE ( 'NONE', *, *, #2815, .T. ) ;
#2786 = ORIENTED_EDGE ( 'NONE', *, *, #2612, .T. ) ;
#2787 = ORIENTED_EDGE ( 'NONE', *, *, #1380, .T. ) ;
#2788 = ORIENTED_EDGE ( 'NONE', *, *, #2379, .F. ) ;
#2789 =( NAMED_UNIT ( * ) PLANE_ANGLE_UNIT ( ) SI_UNIT ( $, .RADIAN. ) );
#2790 = DIRECTION ( 'NONE',  ( 0.000000000000000000, 0.000000000000000000, -1.000000000000000000 ) ) ;
#2791 = SURFACE_STYLE_USAGE ( .BOTH. , #2809 ) ;
#2792 = FACE_OUTER_BOUND ( 'NONE', #2098, .T. ) ;
#2793 = VECTOR ( 'NONE', #336, 1000.000000000000227 ) ;
#2794 = PRESENTATION_LAYER_ASSIGNMENT (  '', '', ( #152 ) ) ;
#2795 = CARTESIAN_POINT ( 'NONE',  ( 1374.575388323024754, 8.889524434891239224, 7.686249599770135887 ) ) ;
#2796 = STYLED_ITEM ( 'NONE', ( #212 ), #456 ) ;
#2797 = CARTESIAN_POINT ( 'NONE',  ( 250.0000000000000000, 4.634906081755882035, -92.35040042095984347 ) ) ;
#2798 = ADVANCED_FACE ( 'NONE', ( #249 ), #2194, .T. ) ;
#2799 = CIRCLE ( 'NONE', #2638, 19.99999999999998934 ) ;
#2800 = DIRECTION ( 'NONE',  ( -0.03385702433903089309, -0.9994266866073300282, 0.000000000000000000 ) ) ;
#2801 =( GEOMETRIC_REPRESENTATION_CONTEXT ( 3 ) GLOBAL_UNCERTAINTY_ASSIGNED_CONTEXT ( ( #1376 ) ) GLOBAL_UNIT_ASSIGNED_CONTEXT ( ( #528, #2640, #1063 ) ) REPRESENTATION_CONTEXT ( 'NONE', 'WORKASPACE' ) );
#2802 = DIRECTION ( 'NONE',  ( -0.01560380995676508183, -0.4606094123151688868, 0.8874657685801229379 ) ) ;
#2803 = ORIENTED_EDGE ( 'NONE', *, *, #2893, .T. ) ;
#2804 = VERTEX_POINT ( 'NONE', #476 ) ;
#2805 = STYLED_ITEM ( 'NONE', ( #1895 ), #1741 ) ;
#2806 = ORIENTED_EDGE ( 'NONE', *, *, #2852, .T. ) ;
#2807 = SURFACE_STYLE_FILL_AREA ( #1232 ) ;
#2808 = CARTESIAN_POINT ( 'NONE',  ( -274.0000000000000000, -40.00000000000006395, -111.9999999999999858 ) ) ;
#2809 = SURFACE_SIDE_STYLE ('',( #1791 ) ) ;
#2810 = AXIS2_PLACEMENT_3D ( 'NONE', #2808, #3059, #2790 ) ;
#2811 = FACE_OUTER_BOUND ( 'NONE', #2259, .T. ) ;
#2812 = FILL_AREA_STYLE ('',( #2762 ) ) ;
#2813 = CARTESIAN_POINT ( 'NONE',  ( -1422.383030237507228, 56.91975385908551033, -2.000000000000000000 ) ) ;
#2814 = PRESENTATION_STYLE_ASSIGNMENT (( #1524 ) ) ;
#2815 = EDGE_CURVE ( 'NONE', #2478, #180, #267, .T. ) ;
#2816 = DIRECTION ( 'NONE',  ( -0.9994266866073300282, -0.03385702433903032410, -0.000000000000000000 ) ) ;
#2817 =( NAMED_UNIT ( * ) PLANE_ANGLE_UNIT ( ) SI_UNIT ( $, .RADIAN. ) );
#2818 = ORIENTED_EDGE ( 'NONE', *, *, #722, .T. ) ;
#2819 = ORIENTED_EDGE ( 'NONE', *, *, #1617, .F. ) ;
#2820 = VERTEX_POINT ( 'NONE', #230 ) ;
#2821 = ORIENTED_EDGE ( 'NONE', *, *, #3314, .T. ) ;
#2822 = LINE ( 'NONE', #543, #1968 ) ;
#2823 = CARTESIAN_POINT ( 'NONE',  ( -1112.780464152719105, 45.28671516736226721, -300.0000000000005116 ) ) ;
#2824 = FILL_AREA_STYLE_COLOUR ( '', #2455 ) ;
#2825 = FACE_OUTER_BOUND ( 'NONE', #168, .T. ) ;
#2826 = CARTESIAN_POINT ( 'NONE',  ( -1425.131434547332219, 197.1219336281366168, -285.0000000000002274 ) ) ;
#2827 = SURFACE_SIDE_STYLE ('',( #1799 ) ) ;
#2828 = AXIS2_PLACEMENT_3D ( 'NONE', #3238, #6, #2234 ) ;
#2829 = EDGE_LOOP ( 'NONE', ( #2126, #1155, #986, #1391 ) ) ;
#2830 = EDGE_CURVE ( 'NONE', #2980, #2618, #1874, .T. ) ;
#2831 = CIRCLE ( 'NONE', #1813, 19.99999999999998934 ) ;
#2832 = ORIENTED_EDGE ( 'NONE', *, *, #290, .F. ) ;
#2833 = PRESENTATION_STYLE_ASSIGNMENT (( #480 ) ) ;
#2834 = ORIENTED_EDGE ( 'NONE', *, *, #1082, .T. ) ;
#2835 = STYLED_ITEM ( 'NONE', ( #334 ), #615 ) ;
#2836 = CARTESIAN_POINT ( 'NONE',  ( -250.0000000000000000, -130.0000000000000568, -111.9999999999999716 ) ) ;
#2837 = EDGE_LOOP ( 'NONE', ( #167, #2460, #2359, #375, #1685, #2786 ) ) ;
#2838 = LINE ( 'NONE', #1831, #2587 ) ;
#2839 = DIRECTION ( 'NONE',  ( 1.000000000000000000, -0.000000000000000000, -0.000000000000000000 ) ) ;
#2840 = SURFACE_SIDE_STYLE ('',( #431 ) ) ;
#2841 = AXIS2_PLACEMENT_3D ( 'NONE', #1396, #1613, #348 ) ;
#2842 = CARTESIAN_POINT ( 'NONE',  ( -250.0000000000000000, -200.0000000000000568, -62.00000000000000000 ) ) ;
#2843 = DIRECTION ( 'NONE',  ( -0.03385702433903541725, -0.9994266866073299171, 0.000000000000000000 ) ) ;
#2844 = STYLED_ITEM ( 'NONE', ( #3088 ), #3040 ) ;
#2845 = VERTEX_POINT ( 'NONE', #1917 ) ;
#2846 =( GEOMETRIC_REPRESENTATION_CONTEXT ( 3 ) GLOBAL_UNCERTAINTY_ASSIGNED_CONTEXT ( ( #368 ) ) GLOBAL_UNIT_ASSIGNED_CONTEXT ( ( #2107, #1880, #3393 ) ) REPRESENTATION_CONTEXT ( 'NONE', 'WORKASPACE' ) );
#2847 = AXIS2_PLACEMENT_3D ( 'NONE', #895, #82, #1424 ) ;
#2848 = ORIENTED_EDGE ( 'NONE', *, *, #662, .F. ) ;
#2849 = ORIENTED_EDGE ( 'NONE', *, *, #3214, .F. ) ;
#2850 = LINE ( 'NONE', #748, #115 ) ;
#2851 = DIRECTION ( 'NONE',  ( 1.000000000000000000, 0.000000000000000000, 8.673617379884027583E-16 ) ) ;
#2852 = EDGE_CURVE ( 'NONE', #1318, #3309, #54, .T. ) ;
#2853 = EDGE_CURVE ( 'NONE', #3350, #556, #2150, .T. ) ;
#2854 =( LENGTH_UNIT ( ) NAMED_UNIT ( * ) SI_UNIT ( .MILLI., .METRE. ) );
#2855 = FILL_AREA_STYLE_COLOUR ( '', #2477 ) ;
#2856 = PRESENTATION_LAYER_ASSIGNMENT (  '', '', ( #1334 ) ) ;
#2857 = DIRECTION ( 'NONE',  ( 0.000000000000000000, 1.000000000000000000, 0.000000000000000000 ) ) ;
#2858 =( NAMED_UNIT ( * ) PLANE_ANGLE_UNIT ( ) SI_UNIT ( $, .RADIAN. ) );
#2859 = CARTESIAN_POINT ( 'NONE',  ( 1365.066724591465118, -15.11541533918255453, 0.000000000000000000 ) ) ;
#2860 = SURFACE_STYLE_FILL_AREA ( #3411 ) ;
#2861 = SURFACE_STYLE_USAGE ( .BOTH. , #1562 ) ;
#2862 = CARTESIAN_POINT ( 'NONE',  ( 266.0418136405626797, 38.35811184689508480, -242.0000000000000284 ) ) ;
#2863 = ORIENTED_EDGE ( 'NONE', *, *, #1228, .T. ) ;
#2864 = ORIENTED_EDGE ( 'NONE', *, *, #2057, .T. ) ;
#2865 = DIRECTION ( 'NONE',  ( 0.000000000000000000, 0.000000000000000000, 1.000000000000000000 ) ) ;
#2866 =( NAMED_UNIT ( * ) PLANE_ANGLE_UNIT ( ) SI_UNIT ( $, .RADIAN. ) );
#2867 = PRODUCT ( 'sp S', 'sp S', '', ( #2682 ) ) ;
#2868 = ORIENTED_EDGE ( 'NONE', *, *, #1696, .T. ) ;
#2869 = CARTESIAN_POINT ( 'NONE',  ( -1402.703013436860374, 66.70401644626376481, 0.000000000000000000 ) ) ;
#2870 = ADVANCED_FACE ( 'NONE', ( #1673 ), #1411, .F. ) ;
#2871 = CARTESIAN_POINT ( 'NONE',  ( 1365.857280363919017, 41.31332949753017658, -300.0000000000005116 ) ) ;
#2872 = FILL_AREA_STYLE ('',( #2138 ) ) ;
#2873 = UNCERTAINTY_MEASURE_WITH_UNIT (LENGTH_MEASURE( 1.000000000000000082E-05 ), #1724, 'distance_accuracy_value', 'NONE');
#2874 = CARTESIAN_POINT ( 'NONE',  ( 250.0000000000000000, -40.00000000000006395, -111.9999999999999858 ) ) ;
#2875 = SURFACE_STYLE_FILL_AREA ( #2357 ) ;
#2876 = AXIS2_PLACEMENT_3D ( 'NONE', #2775, #415, #2521 ) ;
#2877 = UNCERTAINTY_MEASURE_WITH_UNIT (LENGTH_MEASURE( 1.000000000000000082E-05 ), #459, 'distance_accuracy_value', 'NONE');
#2878 = PRESENTATION_LAYER_ASSIGNMENT (  '', '', ( #2285 ) ) ;
#2879 =( NAMED_UNIT ( * ) PLANE_ANGLE_UNIT ( ) SI_UNIT ( $, .RADIAN. ) );
#2880 = PRESENTATION_STYLE_ASSIGNMENT (( #1598 ) ) ;
#2881 = STYLED_ITEM ( 'NONE', ( #1966 ), #1573 ) ;
#2882 = ORIENTED_EDGE ( 'NONE', *, *, #1853, .T. ) ;
#2883 = VERTEX_POINT ( 'NONE', #284 ) ;
#2884 = PRESENTATION_STYLE_ASSIGNMENT (( #463 ) ) ;
#2885 = ORIENTED_EDGE ( 'NONE', *, *, #1805, .F. ) ;
#2886 = STYLED_ITEM ( 'NONE', ( #651 ), #656 ) ;
#2887 = CARTESIAN_POINT ( 'NONE',  ( -274.0000000000000000, -200.0000000000000568, -62.00000000000000000 ) ) ;
#2888 = CARTESIAN_POINT ( 'NONE',  ( -430.6677981570352927, 52.59171494700979110, -300.0000000000005116 ) ) ;
#2889 = CARTESIAN_POINT ( 'NONE',  ( 1333.605930245424133, 42.00227540097162660, -300.0000000000005116 ) ) ;
#2890 = CARTESIAN_POINT ( 'NONE',  ( 1425.131434547332219, 197.1219336281366168, -298.0000000000002842 ) ) ;
#2891 = SURFACE_STYLE_FILL_AREA ( #2140 ) ;
#2892 = CARTESIAN_POINT ( 'NONE',  ( 762.6135259109853450, -7.109572991377057782, 0.000000000000000000 ) ) ;
#2893 = EDGE_CURVE ( 'NONE', #1231, #522, #1384, .T. ) ;
#2894 = EDGE_CURVE ( 'NONE', #3423, #3022, #37, .T. ) ;
#2895 = SURFACE_SIDE_STYLE ('',( #2344 ) ) ;
#2896 = VECTOR ( 'NONE', #3431, 1000.000000000000000 ) ;
#2897 =( LENGTH_UNIT ( ) NAMED_UNIT ( * ) SI_UNIT ( .MILLI., .METRE. ) );
#2898 = STYLED_ITEM ( 'NONE', ( #3429 ), #3161 ) ;
#2899 = EDGE_LOOP ( 'NONE', ( #1059, #134, #1735, #1600 ) ) ;
#2900 = DIRECTION ( 'NONE',  ( 0.03385702433903032410, -0.9994266866073300282, -0.000000000000000000 ) ) ;
#2901 = VECTOR ( 'NONE', #1906, 1000.000000000000000 ) ;
#2902 = DIRECTION ( 'NONE',  ( 0.000000000000000000, -0.8875738279011239351, -0.4606654968900386615 ) ) ;
#2903 =( GEOMETRIC_REPRESENTATION_CONTEXT ( 3 ) GLOBAL_UNCERTAINTY_ASSIGNED_CONTEXT ( ( #3162 ) ) GLOBAL_UNIT_ASSIGNED_CONTEXT ( ( #1356, #312, #373 ) ) REPRESENTATION_CONTEXT ( 'NONE', 'WORKASPACE' ) );
#2904 = DIRECTION ( 'NONE',  ( -0.000000000000000000, 0.000000000000000000, 1.000000000000000000 ) ) ;
#2905 = EDGE_LOOP ( 'NONE', ( #3333, #3095, #1354, #1322 ) ) ;
#2906 = FILL_AREA_STYLE ('',( #822 ) ) ;
#2907 = STYLED_ITEM ( 'NONE', ( #3053 ), #2690 ) ;
#2908 = CARTESIAN_POINT ( 'NONE',  ( -1204.580470136613940, -12.34922501057926247, 0.000000000000000000 ) ) ;
#2909 = COLOUR_RGB ( '',0.5882352941176470784, 0.5882352941176470784, 0.6313725490196078205 ) ;
#2910 = CARTESIAN_POINT ( 'NONE',  ( -1407.141754188400455, 197.7313600662391764, -285.0000000000002274 ) ) ;
#2911 = UNCERTAINTY_MEASURE_WITH_UNIT (LENGTH_MEASURE( 1.000000000000000082E-05 ), #2186, 'distance_accuracy_value', 'NONE');
#2912 = DIRECTION ( 'NONE',  ( 0.9994266866073300282, 0.03385702433902990083, 0.000000000000000000 ) ) ;
#2913 = FILL_AREA_STYLE ('',( #2626 ) ) ;
#2914 = CIRCLE ( 'NONE', #787, 19.99999999999998934 ) ;
#2915 = AXIS2_PLACEMENT_3D ( 'NONE', #991, #2621, #2582 ) ;
#2916 = SURFACE_STYLE_USAGE ( .BOTH. , #3430 ) ;
#2917 = UNCERTAINTY_MEASURE_WITH_UNIT (LENGTH_MEASURE( 1.000000000000000082E-05 ), #519, 'distance_accuracy_value', 'NONE');
#2918 = VECTOR ( 'NONE', #3275, 999.9999999999998863 ) ;
#2919 = LINE ( 'NONE', #1645, #1982 ) ;
#2920 = DIRECTION ( 'NONE',  ( -1.000000000000000000, 0.000000000000000000, 0.000000000000000000 ) ) ;
#2921 = EDGE_CURVE ( 'NONE', #457, #2804, #586, .T. ) ;
#2922 =( LENGTH_UNIT ( ) NAMED_UNIT ( * ) SI_UNIT ( .MILLI., .METRE. ) );
#2923 = EDGE_LOOP ( 'NONE', ( #3385, #1176, #2392 ) ) ;
#2924 = ORIENTED_EDGE ( 'NONE', *, *, #92, .F. ) ;
#2925 = CARTESIAN_POINT ( 'NONE',  ( -250.0000000000000000, -40.00000000000006395, -182.0000000000000000 ) ) ;
#2926 = CIRCLE ( 'NONE', #2437, 14.99999999999999822 ) ;
#2927 = FILL_AREA_STYLE ('',( #1891 ) ) ;
#2928 =( LENGTH_UNIT ( ) NAMED_UNIT ( * ) SI_UNIT ( .MILLI., .METRE. ) );
#2929 = PLANE ( 'NONE',  #182 ) ;
#2930 = DIRECTION ( 'NONE',  ( 0.03385702433902830488, 0.9994266866073302502, 0.000000000000000000 ) ) ;
#2931 = FACE_OUTER_BOUND ( 'NONE', #3197, .T. ) ;
#2932 = LINE ( 'NONE', #366, #1633 ) ;
#2933 = FILL_AREA_STYLE ('',( #101 ) ) ;
#2934 = MECHANICAL_DESIGN_GEOMETRIC_PRESENTATION_REPRESENTATION (  '', ( #3166 ), #3276 ) ;
#2935 = LINE ( 'NONE', #587, #729 ) ;
#2936 = AXIS2_PLACEMENT_3D ( 'NONE', #1882, #2920, #1629 ) ;
#2937 =( GEOMETRIC_REPRESENTATION_CONTEXT ( 3 ) GLOBAL_UNCERTAINTY_ASSIGNED_CONTEXT ( ( #3304 ) ) GLOBAL_UNIT_ASSIGNED_CONTEXT ( ( #344, #1095, #845 ) ) REPRESENTATION_CONTEXT ( 'NONE', 'WORKASPACE' ) );
#2938 = EDGE_CURVE ( 'NONE', #2753, #728, #2919, .T. ) ;
#2939 = EDGE_LOOP ( 'NONE', ( #2560, #1109, #1547, #2174 ) ) ;
#2940 = ADVANCED_FACE ( 'NONE', ( #1628 ), #318, .F. ) ;
#2941 = ADVANCED_FACE ( 'NONE', ( #3253 ), #3325, .T. ) ;
#2942 = STYLED_ITEM ( 'NONE', ( #1498 ), #2136 ) ;
#2943 =( NAMED_UNIT ( * ) PLANE_ANGLE_UNIT ( ) SI_UNIT ( $, .RADIAN. ) );
#2944 = FILL_AREA_STYLE_COLOUR ( '', #2975 ) ;
#2945 =( NAMED_UNIT ( * ) SI_UNIT ( $, .STERADIAN. ) SOLID_ANGLE_UNIT ( ) );
#2946 =( GEOMETRIC_REPRESENTATION_CONTEXT ( 3 ) GLOBAL_UNCERTAINTY_ASSIGNED_CONTEXT ( ( #618 ) ) GLOBAL_UNIT_ASSIGNED_CONTEXT ( ( #643, #2789, #1179 ) ) REPRESENTATION_CONTEXT ( 'NONE', 'WORKASPACE' ) );
#2947 =( NAMED_UNIT ( * ) SI_UNIT ( $, .STERADIAN. ) SOLID_ANGLE_UNIT ( ) );
#2948 = SURFACE_STYLE_FILL_AREA ( #896 ) ;
#2949 = ORIENTED_EDGE ( 'NONE', *, *, #573, .F. ) ;
#2950 = PRESENTATION_STYLE_ASSIGNMENT (( #861 ) ) ;
#2951 = DIRECTION ( 'NONE',  ( 1.000000000000000000, 0.000000000000000000, -0.000000000000000000 ) ) ;
#2952 = UNCERTAINTY_MEASURE_WITH_UNIT (LENGTH_MEASURE( 1.000000000000000082E-05 ), #974, 'distance_accuracy_value', 'NONE');
#2953 = DIRECTION ( 'NONE',  ( -1.000000000000000000, 0.000000000000000000, 0.000000000000000000 ) ) ;
#2954 = CARTESIAN_POINT ( 'NONE',  ( 1422.383030237506546, 56.91975385908552454, -15.00000000000000000 ) ) ;
#2955 = COLOUR_RGB ( '',0.5882352941176470784, 0.5882352941176470784, 0.6313725490196078205 ) ;
#2956 = ORIENTED_EDGE ( 'NONE', *, *, #3039, .T. ) ;
#2957 = CARTESIAN_POINT ( 'NONE',  ( -1365.066724591465118, -15.11541533918255453, 0.000000000000000000 ) ) ;
#2958 = AXIS2_PLACEMENT_3D ( 'NONE', #1977, #1161, #1681 ) ;
#2959 = DIRECTION ( 'NONE',  ( 1.000000000000000000, 0.000000000000000000, -0.000000000000000000 ) ) ;
#2960 = EDGE_CURVE ( 'NONE', #2313, #1466, #2034, .T. ) ;
#2961 = FILL_AREA_STYLE ('',( #1668 ) ) ;
#2962 = ORIENTED_EDGE ( 'NONE', *, *, #1270, .F. ) ;
#2963 = CARTESIAN_POINT ( 'NONE',  ( -1399.479751977480191, -28.44355140138499394, -300.0000000000002842 ) ) ;
#2964 =( NAMED_UNIT ( * ) PLANE_ANGLE_UNIT ( ) SI_UNIT ( $, .RADIAN. ) );
#2965 = AXIS2_PLACEMENT_3D ( 'NONE', #859, #1378, #2465 ) ;
#2966 =( NAMED_UNIT ( * ) PLANE_ANGLE_UNIT ( ) SI_UNIT ( $, .RADIAN. ) );
#2967 = FACE_OUTER_BOUND ( 'NONE', #275, .T. ) ;
#2968 = CARTESIAN_POINT ( 'NONE',  ( -1401.806892388572805, 40.25138785373222561, -300.0000000000000000 ) ) ;
#2969 = SURFACE_STYLE_USAGE ( .BOTH. , #621 ) ;
#2970 = CARTESIAN_POINT ( 'NONE',  ( -1399.593876380191887, -25.07470916287379481, -64.65931874366233956 ) ) ;
#2971 = VERTEX_POINT ( 'NONE', #741 ) ;
#2972 = CARTESIAN_POINT ( 'NONE',  ( -1389.355862670537363, -15.75622991521554184, 0.000000000000000000 ) ) ;
#2973 = SURFACE_STYLE_USAGE ( .BOTH. , #1892 ) ;
#2974 = DIRECTION ( 'NONE',  ( 0.000000000000000000, 0.000000000000000000, -1.000000000000000000 ) ) ;
#2975 = COLOUR_RGB ( '',0.5882352941176470784, 0.5882352941176470784, 0.6313725490196078205 ) ;
#2976 = SURFACE_STYLE_USAGE ( .BOTH. , #1704 ) ;
#2977 =( LENGTH_UNIT ( ) NAMED_UNIT ( * ) SI_UNIT ( .MILLI., .METRE. ) );
#2978 = EDGE_CURVE ( 'NONE', #2364, #2418, #1549, .T. ) ;
#2979 = EDGE_CURVE ( 'NONE', #3057, #708, #1769, .T. ) ;
#2980 = VERTEX_POINT ( 'NONE', #1575 ) ;
#2981 = CARTESIAN_POINT ( 'NONE',  ( -250.0000000000000568, 20.02671123105292494, -167.5146167913997886 ) ) ;
#2982 = UNCERTAINTY_MEASURE_WITH_UNIT (LENGTH_MEASURE( 1.000000000000000082E-05 ), #2928, 'distance_accuracy_value', 'NONE');
#2983 = CARTESIAN_POINT ( 'NONE',  ( 1112.587575330613618, -11.14719206179313460, 0.000000000000000000 ) ) ;
#2984 =( LENGTH_UNIT ( ) NAMED_UNIT ( * ) SI_UNIT ( .MILLI., .METRE. ) );
#2985 = CARTESIAN_POINT ( 'NONE',  ( 0.000000000000000000, 56.43421862917181642, -300.0000000000000000 ) ) ;
#2986 = CARTESIAN_POINT ( 'NONE',  ( -1398.837992904122530, -47.38765995221309879, 0.000000000000000000 ) ) ;
#2987 = DIRECTION ( 'NONE',  ( 1.000000000000000000, 0.000000000000000000, 0.000000000000000000 ) ) ;
#2988 =( LENGTH_UNIT ( ) NAMED_UNIT ( * ) SI_UNIT ( .MILLI., .METRE. ) );
#2989 = B_SPLINE_CURVE_WITH_KNOTS ( 'NONE', 3,
 ( #1995, #2735, #906, #93 ),
 .UNSPECIFIED., .F., .F.,
 ( 4, 4 ),
 ( 0.000000000000000000, 0.05692885116212989538 ),
 .UNSPECIFIED. ) ;
#2990 = STYLED_ITEM ( 'NONE', ( #1614 ), #1355 ) ;
#2991 = PRESENTATION_LAYER_ASSIGNMENT (  '', '', ( #1803 ) ) ;
#2992 = EDGE_LOOP ( 'NONE', ( #2821, #2080, #1020 ) ) ;
#2993 = FACE_OUTER_BOUND ( 'NONE', #971, .T. ) ;
#2994 = CARTESIAN_POINT ( 'NONE',  ( 1417.537146385090864, -27.05412446627290279, -2.000000000000000000 ) ) ;
#2995 = CARTESIAN_POINT ( 'NONE',  ( -1420.834881116195675, 70.29182249630545698, -8.086895439843194922 ) ) ;
#2996 = CARTESIAN_POINT ( 'NONE',  ( 274.0000000000000000, -130.0000000000000568, -221.9999999999999716 ) ) ;
#2997 = EDGE_LOOP ( 'NONE', ( #1027, #3233, #1749, #730 ) ) ;
#2998 = LINE ( 'NONE', #1945, #3037 ) ;
#2999 = SURFACE_STYLE_USAGE ( .BOTH. , #1963 ) ;
#3000 = CARTESIAN_POINT ( 'NONE',  ( -258.0418137868524013, 38.43216721054461260, -241.9999999999999716 ) ) ;
#3001 = CARTESIAN_POINT ( 'NONE',  ( -274.0000000000000000, -40.00000000000006395, -92.00000000000000000 ) ) ;
#3002 = EDGE_CURVE ( 'NONE', #920, #420, #2633, .T. ) ;
#3003 = EDGE_LOOP ( 'NONE', ( #3018, #181, #2433, #1529 ) ) ;
#3004 = ORIENTED_EDGE ( 'NONE', *, *, #2772, .F. ) ;
#3005 = CARTESIAN_POINT ( 'NONE',  ( -274.0000000000000000, -130.0000000000000568, -182.0000000000000000 ) ) ;
#3006 = CARTESIAN_POINT ( 'NONE',  ( 0.000000000000000000, 0.000000000000000000, 0.000000000000000000 ) ) ;
#3007 = CARTESIAN_POINT ( 'NONE',  ( -274.0000000000000000, -40.00000000000006395, -182.0000000000000000 ) ) ;
#3008 = CIRCLE ( 'NONE', #1986, 19.99999999999997513 ) ;
#3009 = SURFACE_STYLE_USAGE ( .BOTH. , #2225 ) ;
#3010 = ORIENTED_EDGE ( 'NONE', *, *, #704, .F. ) ;
#3011 = MECHANICAL_DESIGN_GEOMETRIC_PRESENTATION_REPRESENTATION (  '', ( #3361 ), #941 ) ;
#3012 = UNCERTAINTY_MEASURE_WITH_UNIT (LENGTH_MEASURE( 1.000000000000000082E-05 ), #2608, 'distance_accuracy_value', 'NONE');
#3013 = DIRECTION ( 'NONE',  ( 0.000000000000000000, 0.000000000000000000, -1.000000000000000000 ) ) ;
#3014 = CARTESIAN_POINT ( 'NONE',  ( -1407.649609553485789, 212.7227603653491315, -285.0000000000002274 ) ) ;
#3015 = CARTESIAN_POINT ( 'NONE',  ( -250.0000000000000000, -130.0000000000000568, -182.0000000000000000 ) ) ;
#3016 = CARTESIAN_POINT ( 'NONE',  ( -1422.383030237506773, 56.91975385908553164, -15.00000000000000000 ) ) ;
#3017 = PRESENTATION_LAYER_ASSIGNMENT (  '', '', ( #1107 ) ) ;
#3018 = ORIENTED_EDGE ( 'NONE', *, *, #139, .F. ) ;
#3019 = STYLED_ITEM ( 'NONE', ( #2579 ), #2611 ) ;
#3020 = ADVANCED_FACE ( 'NONE', ( #2284 ), #3358, .F. ) ;
#3021 = PRESENTATION_LAYER_ASSIGNMENT (  '', '', ( #1997 ) ) ;
#3022 = VERTEX_POINT ( 'NONE', #2609 ) ;
#3023 = CYLINDRICAL_SURFACE ( 'NONE', #537, 19.99999999999998934 ) ;
#3024 = FACE_OUTER_BOUND ( 'NONE', #731, .T. ) ;
#3025 = DIRECTION ( 'NONE',  ( 1.000000000000000000, 0.000000000000000000, -0.000000000000000000 ) ) ;
#3026 =( NAMED_UNIT ( * ) PLANE_ANGLE_UNIT ( ) SI_UNIT ( $, .RADIAN. ) );
#3027 = CARTESIAN_POINT ( 'NONE',  ( -1420.384176864292385, 56.98746790776357329, -2.000000000000000000 ) ) ;
#3028 = CARTESIAN_POINT ( 'NONE',  ( 1396.019613567745409, 8.262377878862945835, 7.686249599770135887 ) ) ;
#3029 = SURFACE_STYLE_USAGE ( .BOTH. , #983 ) ;
#3030 =( NAMED_UNIT ( * ) PLANE_ANGLE_UNIT ( ) SI_UNIT ( $, .RADIAN. ) );
#3031 =( LENGTH_UNIT ( ) NAMED_UNIT ( * ) SI_UNIT ( .MILLI., .METRE. ) );
#3032 = ORIENTED_EDGE ( 'NONE', *, *, #869, .T. ) ;
#3034 = ADVANCED_FACE ( 'NONE', ( #2070, #1589, #2625, #246, #2825 ), #491, .T. ) ;
#3033 = VERTEX_POINT ( 'NONE', #1013 ) ;
#3035 = CARTESIAN_POINT ( 'NONE',  ( -1417.537146385090864, -27.05412446627290279, -298.0000000000002842 ) ) ;
#3036 = SURFACE_SIDE_STYLE ('',( #1500 ) ) ;
#3037 = VECTOR ( 'NONE', #2724, 1000.000000000000227 ) ;
#3038 = FILL_AREA_STYLE ('',( #1255 ) ) ;
#3039 = EDGE_CURVE ( 'NONE', #2102, #1477, #2337, .T. ) ;
#3040 = ADVANCED_FACE ( 'NONE', ( #2089 ), #3122, .T. ) ;
#3041 = FACE_OUTER_BOUND ( 'NONE', #3003, .T. ) ;
#3042 = PRODUCT_DEFINITION ( 'UNKNOWN', '', #2155, #1893 ) ;
#3043 = VECTOR ( 'NONE', #337, 999.9999999999998863 ) ;
#3044 =( NAMED_UNIT ( * ) PLANE_ANGLE_UNIT ( ) SI_UNIT ( $, .RADIAN. ) );
#3045 = CARTESIAN_POINT ( 'NONE',  ( -1400.047993716088513, -11.66960362846258548, 0.000000000000000000 ) ) ;
#3046 = UNCERTAINTY_MEASURE_WITH_UNIT (LENGTH_MEASURE( 1.000000000000000082E-05 ), #2471, 'distance_accuracy_value', 'NONE');
#3047 = FILL_AREA_STYLE ('',( #103 ) ) ;
#3048 = CARTESIAN_POINT ( 'NONE',  ( 1305.572129838398723, -13.93651432149984437, 0.000000000000000000 ) ) ;
#3049 = CARTESIAN_POINT ( 'NONE',  ( 249.9999999999999716, 38.50646644706223753, -242.0000000000000000 ) ) ;
#3050 = PRESENTATION_LAYER_ASSIGNMENT (  '', '', ( #2082 ) ) ;
#3051 = DIRECTION ( 'NONE',  ( 0.9994266866073311384, 0.03385702433900057706, 0.000000000000000000 ) ) ;
#3052 = PRESENTATION_LAYER_ASSIGNMENT (  '', '', ( #27 ) ) ;
#3053 = PRESENTATION_STYLE_ASSIGNMENT (( #161 ) ) ;
#3054 =( NAMED_UNIT ( * ) SI_UNIT ( $, .STERADIAN. ) SOLID_ANGLE_UNIT ( ) );
#3055 = ORIENTED_EDGE ( 'NONE', *, *, #2670, .F. ) ;
#3056 = ORIENTED_EDGE ( 'NONE', *, *, #3334, .T. ) ;
#3057 = VERTEX_POINT ( 'NONE', #612 ) ;
#3058 =( NAMED_UNIT ( * ) PLANE_ANGLE_UNIT ( ) SI_UNIT ( $, .RADIAN. ) );
#3059 = DIRECTION ( 'NONE',  ( 1.000000000000000000, -0.000000000000000000, -0.000000000000000000 ) ) ;
#3060 =( LENGTH_UNIT ( ) NAMED_UNIT ( * ) SI_UNIT ( .MILLI., .METRE. ) );
#3061 = DIRECTION ( 'NONE',  ( -0.9994266866073301392, 0.03385702433902990777, 0.000000000000000000 ) ) ;
#3062 = PRESENTATION_STYLE_ASSIGNMENT (( #1777 ) ) ;
#3063 = CARTESIAN_POINT ( 'NONE',  ( 1427.572575863739758, -40.00000000000006395, -131.9999999999999716 ) ) ;
#3064 = STYLED_ITEM ( 'NONE', ( #2814 ), #3034 ) ;
#3065 = CARTESIAN_POINT ( 'NONE',  ( 1374.190817354238106, -15.33501353430897396, 0.000000000000000000 ) ) ;
#3066 = CIRCLE ( 'NONE', #3193, 14.99999999999999822 ) ;
#3067 = PRESENTATION_STYLE_ASSIGNMENT (( #3029 ) ) ;
#3068 = MECHANICAL_DESIGN_GEOMETRIC_PRESENTATION_REPRESENTATION (  '', ( #2743 ), #889 ) ;
#3069 = SURFACE_SIDE_STYLE ('',( #1569 ) ) ;
#3070 =( LENGTH_UNIT ( ) NAMED_UNIT ( * ) SI_UNIT ( .MILLI., .METRE. ) );
#3071 =( NAMED_UNIT ( * ) PLANE_ANGLE_UNIT ( ) SI_UNIT ( $, .RADIAN. ) );
#3072 = MECHANICAL_DESIGN_GEOMETRIC_PRESENTATION_REPRESENTATION (  '', ( #2907 ), #2641 ) ;
#3073 = CIRCLE ( 'NONE', #555, 19.99999999999998934 ) ;
#3074 = EDGE_LOOP ( 'NONE', ( #3287, #649 ) ) ;
#3075 =( GEOMETRIC_REPRESENTATION_CONTEXT ( 3 ) GLOBAL_UNCERTAINTY_ASSIGNED_CONTEXT ( ( #828 ) ) GLOBAL_UNIT_ASSIGNED_CONTEXT ( ( #453, #1240, #2525 ) ) REPRESENTATION_CONTEXT ( 'NONE', 'WORKASPACE' ) );
#3076 = ORIENTED_EDGE ( 'NONE', *, *, #508, .F. ) ;
#3077 = TOROIDAL_SURFACE ( 'NONE', #948, 13.00000000000000000, 2.000000000000000000 ) ;
#3078 = EDGE_LOOP ( 'NONE', ( #2548, #1146, #1021, #3228 ) ) ;
#3079 = CARTESIAN_POINT ( 'NONE',  ( -250.0000000000000000, 0.02428439883142563538, -62.00000000000000000 ) ) ;
#3080 = STYLED_ITEM ( 'NONE', ( #1580 ), #2506 ) ;
#3081 = CARTESIAN_POINT ( 'NONE',  ( 273.9999999999998863, 8.593326836691945303, -114.9801558122328089 ) ) ;
#3082 =( GEOMETRIC_REPRESENTATION_CONTEXT ( 3 ) GLOBAL_UNCERTAINTY_ASSIGNED_CONTEXT ( ( #2002 ) ) GLOBAL_UNIT_ASSIGNED_CONTEXT ( ( #2413, #850, #866 ) ) REPRESENTATION_CONTEXT ( 'NONE', 'WORKASPACE' ) );
#3083 = SURFACE_STYLE_USAGE ( .BOTH. , #2502 ) ;
#3084 = CARTESIAN_POINT ( 'NONE',  ( 1399.479751977480191, -28.44355140138499394, -300.0000000000002842 ) ) ;
#3085 = DIRECTION ( 'NONE',  ( -0.03385702433902946368, 0.9994266866073301392, 0.000000000000000000 ) ) ;
#3086 =( NAMED_UNIT ( * ) PLANE_ANGLE_UNIT ( ) SI_UNIT ( $, .RADIAN. ) );
#3087 = FACE_OUTER_BOUND ( 'NONE', #2997, .T. ) ;
#3088 = PRESENTATION_STYLE_ASSIGNMENT (( #2303 ) ) ;
#3089 = EDGE_CURVE ( 'NONE', #1972, #922, #1210, .T. ) ;
#3090 = CARTESIAN_POINT ( 'NONE',  ( 249.9999999999998863, 10.31093484196077270, -122.5046331414575320 ) ) ;
#3091 = DIRECTION ( 'NONE',  ( -0.9994266866073301392, 0.03385702433902990777, 0.000000000000000000 ) ) ;
#3092 =( GEOMETRIC_REPRESENTATION_CONTEXT ( 3 ) GLOBAL_UNCERTAINTY_ASSIGNED_CONTEXT ( ( #2877 ) ) GLOBAL_UNIT_ASSIGNED_CONTEXT ( ( #459, #1061, #1632 ) ) REPRESENTATION_CONTEXT ( 'NONE', 'WORKASPACE' ) );
#3093 = CARTESIAN_POINT ( 'NONE',  ( 1401.806892388572805, 40.25138785373228956, -300.0000000000002842 ) ) ;
#3094 = ORIENTED_EDGE ( 'NONE', *, *, #2893, .F. ) ;
#3095 = ORIENTED_EDGE ( 'NONE', *, *, #662, .T. ) ;
#3096 = SURFACE_STYLE_FILL_AREA ( #2651 ) ;
#3097 = VERTEX_POINT ( 'NONE', #1926 ) ;
#3098 = CARTESIAN_POINT ( 'NONE',  ( -1204.580470136613940, -12.34922501057926247, 0.000000000000000000 ) ) ;
#3099 =( LENGTH_UNIT ( ) NAMED_UNIT ( * ) SI_UNIT ( .MILLI., .METRE. ) );
#3100 = CARTESIAN_POINT ( 'NONE',  ( 1427.572575863739758, -130.0000000000000568, -91.99999999999998579 ) ) ;
#3101 = CARTESIAN_POINT ( 'NONE',  ( -273.9999999999999432, 1.932217845643536602, -77.20751293656425673 ) ) ;
#3102 =( LENGTH_UNIT ( ) NAMED_UNIT ( * ) SI_UNIT ( .MILLI., .METRE. ) );
#3103 = CARTESIAN_POINT ( 'NONE',  ( 1417.537146385090864, -27.05412446627289924, -298.0000000000002842 ) ) ;
#3104 = AXIS2_PLACEMENT_3D ( 'NONE', #282, #3409, #1346 ) ;
#3105 = FILL_AREA_STYLE_COLOUR ( '', #216 ) ;
#3106 = FILL_AREA_STYLE ('',( #2072 ) ) ;
#3107 = CARTESIAN_POINT ( 'NONE',  ( -250.0000000000000000, -200.0000000000000568, -242.0000000000000000 ) ) ;
#3108 = PRESENTATION_LAYER_ASSIGNMENT (  '', '', ( #2942 ) ) ;
#3109 = FACE_BOUND ( 'NONE', #1751, .T. ) ;
#3110 = ORIENTED_EDGE ( 'NONE', *, *, #2979, .F. ) ;
#3111 = EDGE_CURVE ( 'NONE', #2845, #2084, #3008, .T. ) ;
#3112 = EDGE_CURVE ( 'NONE', #2563, #457, #322, .T. ) ;
#3113 = VECTOR ( 'NONE', #204, 1000.000000000000114 ) ;
#3114 = EDGE_LOOP ( 'NONE', ( #2198, #1449, #1123, #2652, #2530 ) ) ;
#3115 = EDGE_LOOP ( 'NONE', ( #1497, #118, #2375, #2580, #3155 ) ) ;
#3116 = CARTESIAN_POINT ( 'NONE',  ( -1399.896197674890800, -16.15047628209462971, 0.000000000000000000 ) ) ;
#3117 = PLANE ( 'NONE',  #1728 ) ;
#3118 = ORIENTED_EDGE ( 'NONE', *, *, #2757, .T. ) ;
#3119 = CARTESIAN_POINT ( 'NONE',  ( 250.0000000000000000, -130.0000000000000568, -91.99999999999998579 ) ) ;
#3120 = CARTESIAN_POINT ( 'NONE',  ( -1427.520898272196291, 208.5846602228614870, -279.0086427145309358 ) ) ;
#3121 = DIRECTION ( 'NONE',  ( 1.000000000000000000, -0.000000000000000000, 0.000000000000000000 ) ) ;
#3122 = PLANE ( 'NONE',  #39 ) ;
#3123 = SURFACE_SIDE_STYLE ('',( #2891 ) ) ;
#3124 = COLOUR_RGB ( '',1.000000000000000000, 1.000000000000000000, 1.000000000000000000 ) ;
#3125 = CARTESIAN_POINT ( 'NONE',  ( 1204.580470136613940, -12.34922501057926247, 0.000000000000000000 ) ) ;
#3126 = LINE ( 'NONE', #253, #407 ) ;
#3127 = PRESENTATION_LAYER_ASSIGNMENT (  '', '', ( #2252 ) ) ;
#3128 = ORIENTED_EDGE ( 'NONE', *, *, #704, .T. ) ;
#3129 = AXIS2_PLACEMENT_3D ( 'NONE', #2046, #465, #2298 ) ;
#3130 = CYLINDRICAL_SURFACE ( 'NONE', #2646, 19.99999999999998934 ) ;
#3131 = ORIENTED_EDGE ( 'NONE', *, *, #91, .F. ) ;
#3132 = DIRECTION ( 'NONE',  ( -0.03385702433900134034, 0.9994266866073310274, 0.000000000000000000 ) ) ;
#3133 = EDGE_CURVE ( 'NONE', #3191, #1515, #549, .T. ) ;
#3134 = CARTESIAN_POINT ( 'NONE',  ( 274.0000000000000000, 10.08875541836793488, -122.5046119416359858 ) ) ;
#3135 = DIRECTION ( 'NONE',  ( 0.000000000000000000, 0.000000000000000000, -1.000000000000000000 ) ) ;
#3136 = ORIENTED_EDGE ( 'NONE', *, *, #3334, .F. ) ;
#3137 = CARTESIAN_POINT ( 'NONE',  ( 1427.572575863739758, -130.0000000000000568, -201.9999999999999716 ) ) ;
#3138 = EDGE_CURVE ( 'NONE', #2753, #766, #2575, .T. ) ;
#3139 =( LENGTH_UNIT ( ) NAMED_UNIT ( * ) SI_UNIT ( .MILLI., .METRE. ) );
#3140 = PRESENTATION_LAYER_ASSIGNMENT (  '', '', ( #1776 ) ) ;
#3141 = CARTESIAN_POINT ( 'NONE',  ( 1332.984896199085142, -23.35864020690935661, -64.65931874366233956 ) ) ;
#3142 = CIRCLE ( 'NONE', #388, 2.000000000000000000 ) ;
#3143 = SURFACE_STYLE_FILL_AREA ( #2872 ) ;
#3144 =( NAMED_UNIT ( * ) SI_UNIT ( $, .STERADIAN. ) SOLID_ANGLE_UNIT ( ) );
#3145 = SURFACE_STYLE_USAGE ( .BOTH. , #533 ) ;
#3146 = CARTESIAN_POINT ( 'NONE',  ( 1395.396815225207320, -15.95784810105340590, 0.000000000000000000 ) ) ;
#3147 = CARTESIAN_POINT ( 'NONE',  ( -250.0000000000000000, -200.0000000000000568, -62.00000000000000000 ) ) ;
#3148 = FILL_AREA_STYLE ('',( #2111 ) ) ;
#3149 = ORIENTED_EDGE ( 'NONE', *, *, #1116, .F. ) ;
#3150 = AXIS2_PLACEMENT_3D ( 'NONE', #2910, #1143, #3201 ) ;
#3151 = FILL_AREA_STYLE ('',( #2312 ) ) ;
#3152 = ORIENTED_EDGE ( 'NONE', *, *, #2853, .T. ) ;
#3153 = PRESENTATION_STYLE_ASSIGNMENT (( #2065 ) ) ;
#3154 = FACE_OUTER_BOUND ( 'NONE', #1810, .T. ) ;
#3155 = ORIENTED_EDGE ( 'NONE', *, *, #1162, .F. ) ;
#3156 = DIRECTION ( 'NONE',  ( 0.9994266866073302502, 0.03385702433902483544, 0.000000000000000000 ) ) ;
#3157 = CARTESIAN_POINT ( 'NONE',  ( -250.0000000000000000, -40.00000000000006395, -201.9999999999999716 ) ) ;
#3158 = CARTESIAN_POINT ( 'NONE',  ( 762.6702852943338939, 49.32469006723408711, -300.0000000000005116 ) ) ;
#3159 = ADVANCED_FACE ( 'NONE', ( #1640 ), #1096, .T. ) ;
#3160 = SURFACE_STYLE_USAGE ( .BOTH. , #757 ) ;
#3161 = ADVANCED_FACE ( 'NONE', ( #2687 ), #329, .T. ) ;
#3162 = UNCERTAINTY_MEASURE_WITH_UNIT (LENGTH_MEASURE( 1.000000000000000082E-05 ), #1356, 'distance_accuracy_value', 'NONE');
#3163 = PRODUCT_RELATED_PRODUCT_CATEGORY ( 'part', '', ( #2867 ) ) ;
#3164 = DIRECTION ( 'NONE',  ( -0.03385702433903089309, 0.9994266866073300282, 0.000000000000000000 ) ) ;
#3165 = PRESENTATION_STYLE_ASSIGNMENT (( #2106 ) ) ;
#3166 = STYLED_ITEM ( 'NONE', ( #687 ), #1037 ) ;
#3167 = DIRECTION ( 'NONE',  ( -0.03385702433903541725, 0.9994266866073299171, 0.000000000000000000 ) ) ;
#3168 = UNCERTAINTY_MEASURE_WITH_UNIT (LENGTH_MEASURE( 1.000000000000000082E-05 ), #1112, 'distance_accuracy_value', 'NONE');
#3169 =( GEOMETRIC_REPRESENTATION_CONTEXT ( 3 ) GLOBAL_UNCERTAINTY_ASSIGNED_CONTEXT ( ( #2470 ) ) GLOBAL_UNIT_ASSIGNED_CONTEXT ( ( #2336, #1031, #1159 ) ) REPRESENTATION_CONTEXT ( 'NONE', 'WORKASPACE' ) );
#3170 =( LENGTH_UNIT ( ) NAMED_UNIT ( * ) SI_UNIT ( .MILLI., .METRE. ) );
#3171 =( NAMED_UNIT ( * ) PLANE_ANGLE_UNIT ( ) SI_UNIT ( $, .RADIAN. ) );
#3172 = PRESENTATION_LAYER_ASSIGNMENT (  '', '', ( #970 ) ) ;
#3173 = ORIENTED_EDGE ( 'NONE', *, *, #3185, .T. ) ;
#3174 = PRESENTATION_LAYER_ASSIGNMENT (  '', '', ( #3345 ) ) ;
#3175 = ORIENTED_EDGE ( 'NONE', *, *, #2384, .T. ) ;
#3176 =( NAMED_UNIT ( * ) SI_UNIT ( $, .STERADIAN. ) SOLID_ANGLE_UNIT ( ) );
#3177 = CARTESIAN_POINT ( 'NONE',  ( -1420.774787215942069, 68.51790855116654200, -9.008642714530779472 ) ) ;
#3178 = CIRCLE ( 'NONE', #1194, 19.99999999999998934 ) ;
#3179 = CARTESIAN_POINT ( 'NONE',  ( 1396.847528854142411, 40.45947280101260901, -300.0000000000005116 ) ) ;
#3180 = ORIENTED_EDGE ( 'NONE', *, *, #3243, .T. ) ;
#3181 = APPLICATION_PROTOCOL_DEFINITION ( 'draft international standard', 'automotive_design', 1998, #811 ) ;
#3182 = PRESENTATION_STYLE_ASSIGNMENT (( #1291 ) ) ;
#3183 = LINE ( 'NONE', #14, #2693 ) ;
#3184 = EDGE_CURVE ( 'NONE', #1078, #2062, #2719, .T. ) ;
#3185 = EDGE_CURVE ( 'NONE', #99, #2290, #1495, .T. ) ;
#3186 = FILL_AREA_STYLE_COLOUR ( '', #1151 ) ;
#3187 = DIRECTION ( 'NONE',  ( 0.000000000000000000, 0.000000000000000000, 1.000000000000000000 ) ) ;
#3188 = CARTESIAN_POINT ( 'NONE',  ( -266.0418217774975460, -0.1240786582019006851, -62.00000000000000000 ) ) ;
#3189 = AXIS2_PLACEMENT_3D ( 'NONE', #1330, #3091, #3363 ) ;
#3190 = PLANE ( 'NONE',  #2755 ) ;
#3191 = VERTEX_POINT ( 'NONE', #1482 ) ;
#3192 = PRESENTATION_STYLE_ASSIGNMENT (( #2378 ) ) ;
#3193 = AXIS2_PLACEMENT_3D ( 'NONE', #2016, #1764, #2800 ) ;
#3194 = MECHANICAL_DESIGN_GEOMETRIC_PRESENTATION_REPRESENTATION (  '', ( #273 ), #2903 ) ;
#3195 = DIRECTION ( 'NONE',  ( -0.03385702433903088615, -0.9994266866073300282, 0.000000000000000000 ) ) ;
#3196 = CARTESIAN_POINT ( 'NONE',  ( -1427.130287920546152, 197.0542195794585894, -300.0000000000002842 ) ) ;
#3197 = EDGE_LOOP ( 'NONE', ( #1843, #1716, #2213, #288 ) ) ;
#3198 = DIRECTION ( 'NONE',  ( -0.03385702433902483544, 0.9994266866073302502, -0.000000000000000000 ) ) ;
#3199 = DIRECTION ( 'NONE',  ( 1.000000000000000000, -0.000000000000000000, -0.000000000000000000 ) ) ;
#3200 = VECTOR ( 'NONE', #2389, 1000.000000000000000 ) ;
#3201 = DIRECTION ( 'NONE',  ( -0.03385702433903089309, 0.9994266866073300282, 0.000000000000000000 ) ) ;
#3202 = CARTESIAN_POINT ( 'NONE',  ( 1399.896197674891255, -16.15047628209464392, 0.000000000000000000 ) ) ;
#3203 = SURFACE_STYLE_USAGE ( .BOTH. , #2156 ) ;
#3204 = STYLED_ITEM ( 'NONE', ( #3388 ), #1852 ) ;
#3205 = FILL_AREA_STYLE_COLOUR ( '', #2044 ) ;
#3206 = STYLED_ITEM ( 'NONE', ( #2205 ), #2507 ) ;
#3207 =( GEOMETRIC_REPRESENTATION_CONTEXT ( 3 ) GLOBAL_UNCERTAINTY_ASSIGNED_CONTEXT ( ( #2982 ) ) GLOBAL_UNIT_ASSIGNED_CONTEXT ( ( #2928, #2672, #2717 ) ) REPRESENTATION_CONTEXT ( 'NONE', 'WORKASPACE' ) );
#3208 = DIRECTION ( 'NONE',  ( 0.000000000000000000, 0.000000000000000000, -1.000000000000000000 ) ) ;
#3209 = DIRECTION ( 'NONE',  ( -0.03385702433903543807, 0.9994266866073299171, 0.000000000000000000 ) ) ;
#3210 = UNCERTAINTY_MEASURE_WITH_UNIT (LENGTH_MEASURE( 1.000000000000000082E-05 ), #1666, 'distance_accuracy_value', 'NONE');
#3211 = EDGE_CURVE ( 'NONE', #708, #1719, #1464, .T. ) ;
#3212 = SURFACE_STYLE_FILL_AREA ( #2442 ) ;
#3213 = CARTESIAN_POINT ( 'NONE',  ( -274.0000000000000000, 38.28430035335733095, -242.0000000000000000 ) ) ;
#3214 = EDGE_CURVE ( 'NONE', #1532, #359, #3415, .T. ) ;
#3215 = PRESENTATION_LAYER_ASSIGNMENT (  '', '', ( #1288 ) ) ;
#3216 = LINE ( 'NONE', #2495, #2901 ) ;
#3217 = ORIENTED_EDGE ( 'NONE', *, *, #139, .T. ) ;
#3218 = DIRECTION ( 'NONE',  ( 1.000000000000000000, -0.000000000000000000, -0.000000000000000000 ) ) ;
#3219 =( NAMED_UNIT ( * ) PLANE_ANGLE_UNIT ( ) SI_UNIT ( $, .RADIAN. ) );
#3220 = CARTESIAN_POINT ( 'NONE',  ( -1402.394496505360621, 57.59689434586611156, -15.00000000000000000 ) ) ;
#3221 = CYLINDRICAL_SURFACE ( 'NONE', #2965, 2.000000000000002220 ) ;
#3222 = DIRECTION ( 'NONE',  ( -0.9994266866073300282, 0.03385702433902990083, 0.000000000000000000 ) ) ;
#3223 = CARTESIAN_POINT ( 'NONE',  ( -250.0000000000001137, 15.03629721472090353, -145.0341220528651718 ) ) ;
#3224 = FILL_AREA_STYLE_COLOUR ( '', #2417 ) ;
#3225 = SURFACE_STYLE_USAGE ( .BOTH. , #2202 ) ;
#3226 =( GEOMETRIC_REPRESENTATION_CONTEXT ( 3 ) GLOBAL_UNCERTAINTY_ASSIGNED_CONTEXT ( ( #2952 ) ) GLOBAL_UNIT_ASSIGNED_CONTEXT ( ( #974, #1723, #2045 ) ) REPRESENTATION_CONTEXT ( 'NONE', 'WORKASPACE' ) );
#3227 = DIRECTION ( 'NONE',  ( -1.000000000000000000, -0.000000000000000000, -0.000000000000000000 ) ) ;
#3228 = ORIENTED_EDGE ( 'NONE', *, *, #225, .F. ) ;
#3229 = CARTESIAN_POINT ( 'NONE',  ( -762.6135259109853450, -7.109572991377057782, 0.000000000000000000 ) ) ;
#3230 = DIRECTION ( 'NONE',  ( 0.9994266866073300282, 0.03385702433903032410, 0.000000000000000000 ) ) ;
#3231 =( GEOMETRIC_REPRESENTATION_CONTEXT ( 3 ) GLOBAL_UNCERTAINTY_ASSIGNED_CONTEXT ( ( #1899 ) ) GLOBAL_UNIT_ASSIGNED_CONTEXT ( ( #3270, #2200, #1946 ) ) REPRESENTATION_CONTEXT ( 'NONE', 'WORKASPACE' ) );
#3232 = DIRECTION ( 'NONE',  ( 0.03385702433903032410, -0.9994266866073300282, 0.000000000000000000 ) ) ;
#3233 = ORIENTED_EDGE ( 'NONE', *, *, #1441, .T. ) ;
#3234 = SURFACE_STYLE_FILL_AREA ( #2158 ) ;
#3235 = CARTESIAN_POINT ( 'NONE',  ( -250.0000000000000568, 13.42123321124249280, -137.5316153087119631 ) ) ;
#3236 = UNCERTAINTY_MEASURE_WITH_UNIT (LENGTH_MEASURE( 1.000000000000000082E-05 ), #2018, 'distance_accuracy_value', 'NONE');
#3237 = PLANE ( 'NONE',  #304 ) ;
#3238 = CARTESIAN_POINT ( 'NONE',  ( -1417.537146385090864, -27.05412446627289924, -2.000000000000000000 ) ) ;
#3239 = FILL_AREA_STYLE ('',( #1138 ) ) ;
#3240 = SURFACE_STYLE_USAGE ( .BOTH. , #2219 ) ;
#3241 = COLOUR_RGB ( '',0.5882352941176470784, 0.5882352941176470784, 0.6313725490196078205 ) ;
#3243 = EDGE_CURVE ( 'NONE', #3368, #728, #2799, .T. ) ;
#3242 = ORIENTED_EDGE ( 'NONE', *, *, #1379, .T. ) ;
#3244 = ADVANCED_FACE ( 'NONE', ( #3041 ), #2759, .F. ) ;
#3245 = VECTOR ( 'NONE', #427, 999.9999999999998863 ) ;
#3246 = EDGE_CURVE ( 'NONE', #766, #3368, #2773, .T. ) ;
#3247 = DIRECTION ( 'NONE',  ( 0.03385702433903003961, 0.9994266866073302502, -0.000000000000000000 ) ) ;
#3248 = CARTESIAN_POINT ( 'NONE',  ( -274.0000000000000000, -130.0000000000000568, -201.9999999999999716 ) ) ;
#3249 = TOROIDAL_SURFACE ( 'NONE', #44, 13.00000000000000000, 2.000000000000000000 ) ;
#3250 = EDGE_LOOP ( 'NONE', ( #1006, #2275 ) ) ;
#3251 = SURFACE_SIDE_STYLE ('',( #3234 ) ) ;
#3252 = ORIENTED_EDGE ( 'NONE', *, *, #1156, .T. ) ;
#3253 = FACE_OUTER_BOUND ( 'NONE', #3114, .T. ) ;
#3254 = CARTESIAN_POINT ( 'NONE',  ( -1427.570429236954396, 210.0467665053538724, -285.0000000000002274 ) ) ;
#3255 = VECTOR ( 'NONE', #1153, 1000.000000000000114 ) ;
#3256 = PRESENTATION_LAYER_ASSIGNMENT (  '', '', ( #1223 ) ) ;
#3257 = LINE ( 'NONE', #287, #1611 ) ;
#3258 = DIRECTION ( 'NONE',  ( 0.000000000000000000, 0.000000000000000000, 1.000000000000000000 ) ) ;
#3259 = ORIENTED_EDGE ( 'NONE', *, *, #1084, .F. ) ;
#3260 = DIRECTION ( 'NONE',  ( 0.03385702433900128483, -0.9994266866073311384, 0.000000000000000000 ) ) ;
#3261 = PLANE ( 'NONE',  #2373 ) ;
#3262 = CARTESIAN_POINT ( 'NONE',  ( 250.0000000000000000, -40.00000000000006395, -92.00000000000000000 ) ) ;
#3263 = STYLED_ITEM ( 'NONE', ( #3408 ), #144 ) ;
#3264 = CARTESIAN_POINT ( 'NONE',  ( 274.0000000000000000, -40.00000000000006395, -201.9999999999999716 ) ) ;
#3265 = DIRECTION ( 'NONE',  ( 0.000000000000000000, 0.000000000000000000, -1.000000000000000000 ) ) ;
#3266 = ORIENTED_EDGE ( 'NONE', *, *, #1295, .T. ) ;
#3267 = EDGE_CURVE ( 'NONE', #1719, #197, #325, .T. ) ;
#3268 = EDGE_CURVE ( 'NONE', #698, #751, #269, .T. ) ;
#3269 = FACE_OUTER_BOUND ( 'NONE', #1840, .T. ) ;
#3270 =( LENGTH_UNIT ( ) NAMED_UNIT ( * ) SI_UNIT ( .MILLI., .METRE. ) );
#3271 = UNCERTAINTY_MEASURE_WITH_UNIT (LENGTH_MEASURE( 1.000000000000000082E-05 ), #2376, 'distance_accuracy_value', 'NONE');
#3272 = SURFACE_STYLE_USAGE ( .BOTH. , #160 ) ;
#3273 = CARTESIAN_POINT ( 'NONE',  ( -1333.891458036655649, 72.05273389069257917, -121.2922234629156861 ) ) ;
#3274 = SURFACE_STYLE_USAGE ( .BOTH. , #108 ) ;
#3275 = DIRECTION ( 'NONE',  ( -0.9994266866073301392, 0.03385702433902990083, 0.000000000000000000 ) ) ;
#3276 =( GEOMETRIC_REPRESENTATION_CONTEXT ( 3 ) GLOBAL_UNCERTAINTY_ASSIGNED_CONTEXT ( ( #1964 ) ) GLOBAL_UNIT_ASSIGNED_CONTEXT ( ( #3099, #1535, #200 ) ) REPRESENTATION_CONTEXT ( 'NONE', 'WORKASPACE' ) );
#3277 = ORIENTED_EDGE ( 'NONE', *, *, #250, .F. ) ;
#3278 = AXIS2_PLACEMENT_3D ( 'NONE', #876, #95, #2974 ) ;
#3279 = ORIENTED_EDGE ( 'NONE', *, *, #439, .F. ) ;
#3280 = MECHANICAL_DESIGN_GEOMETRIC_PRESENTATION_REPRESENTATION (  '', ( #970 ), #1408 ) ;
#3281 = CARTESIAN_POINT ( 'NONE',  ( -1204.541363668111217, -21.27851758480280964, -64.65931874366233956 ) ) ;
#3282 = DIRECTION ( 'NONE',  ( 0.9994266866073300282, -0.03385702433903003267, 0.000000000000000000 ) ) ;
#3283 = AXIS2_PLACEMENT_3D ( 'NONE', #1137, #561, #1353 ) ;
#3284 = CARTESIAN_POINT ( 'NONE',  ( 273.9999999999999432, -0.1978943452366518363, -61.99999999999998579 ) ) ;
#3285 = VERTEX_POINT ( 'NONE', #2463 ) ;
#3286 = AXIS2_PLACEMENT_3D ( 'NONE', #29, #78, #1401 ) ;
#3287 = ORIENTED_EDGE ( 'NONE', *, *, #353, .T. ) ;
#3288 = CARTESIAN_POINT ( 'NONE',  ( 430.6677981570300062, 52.59171494700970584, -300.0000000000000000 ) ) ;
#3289 = CARTESIAN_POINT ( 'NONE',  ( 1399.993764809662252, -13.27038861549217330, 0.4322228263091455469 ) ) ;
#3290 = DIRECTION ( 'NONE',  ( 0.9994266866073301392, 0.03385702433903033104, 0.000000000000000000 ) ) ;
#3291 = FILL_AREA_STYLE_COLOUR ( '', #487 ) ;
#3292 = B_SPLINE_SURFACE_WITH_KNOTS ( 'NONE', 3, 3, ( 
 ( #2331, #2549, #1864, #2081, #3098, #750, #183, #1303, #1251, #2350, #1582, #3116 ),
 ( #3403, #2620, #257, #2363, #3419, #2294, #634, #2397, #69, #620, #655, #1623 ),
 ( #1709, #2474, #2710, #915, #819, #291, #3273, #277, #2380, #901, #1949, #2637 ),
 ( #2985, #371, #124, #1601, #1691, #2217, #1187, #106, #2457, #1075, #1676, #2968 ) ),
 .UNSPECIFIED., .F., .F., .F.,
 ( 4, 4 ),
 ( 4, 2, 2, 2, 2, 4 ),
 ( 0.000000000000000000, 1.000000000000000000 ),
 ( 0.000000000000000000, 0.5000000000000000000, 0.7500000000000000000, 0.8750000000000000000, 0.9375000000000000000, 1.000000000000000000 ),
 .UNSPECIFIED. ) ;
#3293 = FACE_OUTER_BOUND ( 'NONE', #2779, .T. ) ;
#3294 = ORIENTED_EDGE ( 'NONE', *, *, #2445, .T. ) ;
#3295 = ORIENTED_EDGE ( 'NONE', *, *, #2733, .T. ) ;
#3296 = DIRECTION ( 'NONE',  ( 0.9994266866073310274, -0.03385702433900139585, 0.000000000000000000 ) ) ;
#3297 = SURFACE_STYLE_USAGE ( .BOTH. , #2245 ) ;
#3298 = AXIS2_PLACEMENT_3D ( 'NONE', #1113, #1912, #1327 ) ;
#3299 = SURFACE_SIDE_STYLE ('',( #1503 ) ) ;
#3300 = PRESENTATION_LAYER_ASSIGNMENT (  '', '', ( #887 ) ) ;
#3301 = DIRECTION ( 'NONE',  ( 0.000000000000000000, 0.8875738279011244902, 0.4606654968900376623 ) ) ;
#3302 = AXIS2_PLACEMENT_3D ( 'NONE', #3137, #791, #994 ) ;
#3303 = CARTESIAN_POINT ( 'NONE',  ( -1427.130287920547062, 197.0542195794585609, -298.0000000000002842 ) ) ;
#3304 = UNCERTAINTY_MEASURE_WITH_UNIT (LENGTH_MEASURE( 1.000000000000000082E-05 ), #344, 'distance_accuracy_value', 'NONE');
#3305 = CARTESIAN_POINT ( 'NONE',  ( 1402.824352824643938, 70.28583808167509517, -121.2922234629156861 ) ) ;
#3306 = PRESENTATION_STYLE_ASSIGNMENT (( #1204 ) ) ;
#3307 = PRESENTATION_LAYER_ASSIGNMENT (  '', '', ( #437 ) ) ;
#3308 = ADVANCED_FACE ( 'NONE', ( #2792 ), #240, .F. ) ;
#3309 = VERTEX_POINT ( 'NONE', #1306 ) ;
#3310 = SURFACE_STYLE_FILL_AREA ( #3106 ) ;
#3311 = DIRECTION ( 'NONE',  ( -0.000000000000000000, -0.000000000000000000, 1.000000000000000000 ) ) ;
#3312 = EDGE_LOOP ( 'NONE', ( #3277, #744, #1040, #2439 ) ) ;
#3313 = AXIS2_PLACEMENT_3D ( 'NONE', #3399, #500, #2328 ) ;
#3314 = EDGE_CURVE ( 'NONE', #985, #232, #2578, .T. ) ;
#3315 =( GEOMETRIC_REPRESENTATION_CONTEXT ( 3 ) GLOBAL_UNCERTAINTY_ASSIGNED_CONTEXT ( ( #1069 ) ) GLOBAL_UNIT_ASSIGNED_CONTEXT ( ( #3421, #3404, #1026 ) ) REPRESENTATION_CONTEXT ( 'NONE', 'WORKASPACE' ) );
#3316 = EDGE_CURVE ( 'NONE', #988, #99, #170, .T. ) ;
#3317 = EDGE_LOOP ( 'NONE', ( #2190, #1960 ) ) ;
#3318 = CARTESIAN_POINT ( 'NONE',  ( 273.9999999999999432, 30.61886599291842259, -212.2724637501761151 ) ) ;
#3319 = CARTESIAN_POINT ( 'NONE',  ( -1364.941638232111018, -24.04390144167820864, -64.65931874366233956 ) ) ;
#3320 =( NAMED_UNIT ( * ) SI_UNIT ( $, .STERADIAN. ) SOLID_ANGLE_UNIT ( ) );
#3321 = CARTESIAN_POINT ( 'NONE',  ( 1417.537146385090864, -27.05412446627289924, -298.0000000000002842 ) ) ;
#3322 = CARTESIAN_POINT ( 'NONE',  ( 266.0418217774976597, -0.1240786582018982426, -62.00000000000000000 ) ) ;
#3323 = AXIS2_PLACEMENT_3D ( 'NONE', #1269, #174, #724 ) ;
#3324 = CARTESIAN_POINT ( 'NONE',  ( 1427.572575863739758, -40.00000000000006395, -92.00000000000000000 ) ) ;
#3325 = B_SPLINE_SURFACE_WITH_KNOTS ( 'NONE', 3, 3, ( 
 ( #1239, #3288, #1169, #2778, #1743, #2491, #1690, #2746, #1507, #2510, #1947, #1201 ),
 ( #672, #2764, #1453, #1487, #369, #401, #387, #122, #2250, #653, #1468, #3305 ),
 ( #912, #2541, #3327, #173, #433, #2215, #2014, #1965, #2795, #949, #3028, #690 ),
 ( #2524, #1761, #1220, #2983, #631, #3048, #2726, #2859, #3065, #1854, #261, #760 ) ),
 .UNSPECIFIED., .F., .F., .F.,
 ( 4, 4 ),
 ( 4, 2, 2, 2, 2, 4 ),
 ( 0.000000000000000000, 1.000000000000000000 ),
 ( 0.000000000000000000, 0.5000000000000000000, 0.7500000000000000000, 0.8750000000000000000, 0.9375000000000000000, 1.000000000000000000 ),
 .UNSPECIFIED. ) ;
#3326 = CARTESIAN_POINT ( 'NONE',  ( -274.0000000000000000, -40.00000000000006395, -221.9999999999999716 ) ) ;
#3327 = CARTESIAN_POINT ( 'NONE',  ( 762.6378929968610692, 17.11792945156425105, 7.686249599770135887 ) ) ;
#3328 = CARTESIAN_POINT ( 'NONE',  ( 250.0000000000000000, 0.02428439883142563538, -62.00000000000000000 ) ) ;
#3329 = DIRECTION ( 'NONE',  ( 0.000000000000000000, 0.4610818211056540994, -0.8873576247747543277 ) ) ;
#3330 = LINE ( 'NONE', #1512, #1007 ) ;
#3331 = LINE ( 'NONE', #405, #70 ) ;
#3332 = VERTEX_POINT ( 'NONE', #447 ) ;
#3333 = ORIENTED_EDGE ( 'NONE', *, *, #376, .T. ) ;
#3334 = EDGE_CURVE ( 'NONE', #509, #2845, #1011, .T. ) ;
#3335 = CARTESIAN_POINT ( 'NONE',  ( 1399.896197674891255, -16.15047628209464392, 0.000000000000000000 ) ) ;
#3336 = AXIS2_PLACEMENT_3D ( 'NONE', #171, #2282, #3301 ) ;
#3337 = CARTESIAN_POINT ( 'NONE',  ( -1112.780464152719105, 45.28671516736226721, -300.0000000000005116 ) ) ;
#3338 = FILL_AREA_STYLE ('',( #2519 ) ) ;
#3339 = DIRECTION ( 'NONE',  ( 0.000000000000000000, 1.000000000000000000, 0.000000000000000000 ) ) ;
#3340 =( NAMED_UNIT ( * ) SI_UNIT ( $, .STERADIAN. ) SOLID_ANGLE_UNIT ( ) );
#3341 =( NAMED_UNIT ( * ) PLANE_ANGLE_UNIT ( ) SI_UNIT ( $, .RADIAN. ) );
#3342 = CIRCLE ( 'NONE', #978, 19.99999999999998934 ) ;
#3343 = FILL_AREA_STYLE ('',( #1779 ) ) ;
#3344 = CARTESIAN_POINT ( 'NONE',  ( 250.0000000000000568, 8.815500832473594173, -114.9801470223716677 ) ) ;
#3345 = STYLED_ITEM ( 'NONE', ( #3153 ), #2296 ) ;
#3346 = PRESENTATION_STYLE_ASSIGNMENT (( #1241 ) ) ;
#3347 = MECHANICAL_DESIGN_GEOMETRIC_PRESENTATION_REPRESENTATION (  '', ( #2023 ), #1700 ) ;
#3348 = ORIENTED_EDGE ( 'NONE', *, *, #2960, .F. ) ;
#3349 = ORIENTED_EDGE ( 'NONE', *, *, #2979, .T. ) ;
#3350 = VERTEX_POINT ( 'NONE', #3119 ) ;
#3351 = EDGE_LOOP ( 'NONE', ( #1056, #2634, #3384 ) ) ;
#3352 = CARTESIAN_POINT ( 'NONE',  ( 1417.537146385090864, -27.05412446627289924, -2.000000000000001776 ) ) ;
#3353 = EDGE_CURVE ( 'NONE', #522, #444, #2029, .T. ) ;
#3354 = CARTESIAN_POINT ( 'NONE',  ( 1419.535999758304797, -27.12183851495089826, -298.0000000000002842 ) ) ;
#3355 = VECTOR ( 'NONE', #2597, 1000.000000000000000 ) ;
#3356 = FILL_AREA_STYLE ('',( #2824 ) ) ;
#3357 =( GEOMETRIC_REPRESENTATION_CONTEXT ( 3 ) GLOBAL_UNCERTAINTY_ASSIGNED_CONTEXT ( ( #3374 ) ) GLOBAL_UNIT_ASSIGNED_CONTEXT ( ( #1085, #2424, #2947 ) ) REPRESENTATION_CONTEXT ( 'NONE', 'WORKASPACE' ) );
#3358 = CYLINDRICAL_SURFACE ( 'NONE', #377, 19.99999999999998934 ) ;
#3359 = VECTOR ( 'NONE', #2749, 1000.000000000000114 ) ;
#3360 = CARTESIAN_POINT ( 'NONE',  ( -1427.580992172449442, 210.3585741680005015, -278.0868954398434880 ) ) ;
#3361 = STYLED_ITEM ( 'NONE', ( #1045 ), #3308 ) ;
#3362 = CARTESIAN_POINT ( 'NONE',  ( 250.0000000000000000, -130.0000000000000568, -182.0000000000000000 ) ) ;
#3363 = DIRECTION ( 'NONE',  ( -0.03385702433903089309, -0.9994266866073300282, 0.000000000000000000 ) ) ;
#3364 = VERTEX_POINT ( 'NONE', #977 ) ;
#3365 = STYLED_ITEM ( 'NONE', ( #1609 ), #1671 ) ;
#3366 = ORIENTED_EDGE ( 'NONE', *, *, #1921, .T. ) ;
#3367 = SURFACE_STYLE_FILL_AREA ( #3151 ) ;
#3368 = VERTEX_POINT ( 'NONE', #1521 ) ;
#3369 = EDGE_LOOP ( 'NONE', ( #2700, #3076, #2060, #23 ) ) ;
#3370 = FILL_AREA_STYLE ('',( #1287 ) ) ;
#3371 = SURFACE_STYLE_USAGE ( .BOTH. , #1271 ) ;
#3372 = CARTESIAN_POINT ( 'NONE',  ( 1333.069735989853143, -14.42965073980515633, 0.000000000000000000 ) ) ;
#3373 = DIRECTION ( 'NONE',  ( -0.03385702433903089309, -0.9994266866073300282, 0.000000000000000000 ) ) ;
#3374 = UNCERTAINTY_MEASURE_WITH_UNIT (LENGTH_MEASURE( 1.000000000000000082E-05 ), #1085, 'distance_accuracy_value', 'NONE');
#3375 = DIRECTION ( 'NONE',  ( 1.000000000000000000, -0.000000000000000000, -0.000000000000000000 ) ) ;
#3376 =( NAMED_UNIT ( * ) SI_UNIT ( $, .STERADIAN. ) SOLID_ANGLE_UNIT ( ) );
#3377 = EDGE_CURVE ( 'NONE', #2329, #2114, #1829, .T. ) ;
#3378 = EDGE_CURVE ( 'NONE', #1265, #708, #189, .T. ) ;
#3379 = CARTESIAN_POINT ( 'NONE',  ( 274.0000000000000000, -130.0000000000000568, -91.99999999999998579 ) ) ;
#3380 = DIRECTION ( 'NONE',  ( 0.9994266866073301392, 0.03385702433903033104, 0.000000000000000000 ) ) ;
#3381 = AXIS2_PLACEMENT_3D ( 'NONE', #838, #2432, #1534 ) ;
#3382 = FACE_OUTER_BOUND ( 'NONE', #1249, .T. ) ;
#3383 = VERTEX_POINT ( 'NONE', #1792 ) ;
#3384 = ORIENTED_EDGE ( 'NONE', *, *, #3267, .F. ) ;
#3385 = ORIENTED_EDGE ( 'NONE', *, *, #331, .T. ) ;
#3386 = DIRECTION ( 'NONE',  ( -1.000000000000000000, 0.000000000000000000, 0.000000000000000000 ) ) ;
#3387 = FILL_AREA_STYLE_COLOUR ( '', #506 ) ;
#3388 = PRESENTATION_STYLE_ASSIGNMENT (( #2086 ) ) ;
#3389 = MECHANICAL_DESIGN_GEOMETRIC_PRESENTATION_REPRESENTATION (  '', ( #297 ), #3226 ) ;
#3390 = CARTESIAN_POINT ( 'NONE',  ( 762.6045451014739456, -16.03893221949997283, -64.65931874366233956 ) ) ;
#3391 = STYLED_ITEM ( 'NONE', ( #966 ), #1317 ) ;
#3392 = DIRECTION ( 'NONE',  ( -0.03385702433903032410, -0.9994266866073300282, 0.000000000000000000 ) ) ;
#3393 =( NAMED_UNIT ( * ) SI_UNIT ( $, .STERADIAN. ) SOLID_ANGLE_UNIT ( ) );
#3394 = ADVANCED_FACE ( 'NONE', ( #2067 ), #2568, .F. ) ;
#3395 = CARTESIAN_POINT ( 'NONE',  ( -0.0009999999999732445133, -130.0000000000000568, -91.99999999999998579 ) ) ;
#3396 = CARTESIAN_POINT ( 'NONE',  ( -250.0000000000000000, 0.02428439883142563538, -62.00000000000000000 ) ) ;
#3397 = ORIENTED_EDGE ( 'NONE', *, *, #2384, .F. ) ;
#3398 = ORIENTED_EDGE ( 'NONE', *, *, #2486, .T. ) ;
#3399 = CARTESIAN_POINT ( 'NONE',  ( 1420.384176864292385, 56.98746790776353777, -2.000000000000000000 ) ) ;
#3400 = VERTEX_POINT ( 'NONE', #2887 ) ;
#3401 = ORIENTED_EDGE ( 'NONE', *, *, #2691, .F. ) ;
#3402 = FILL_AREA_STYLE_COLOUR ( '', #306 ) ;
#3403 = CARTESIAN_POINT ( 'NONE',  ( 0.000000000000000000, 24.22748336924349033, 7.686249599770135887 ) ) ;
#3404 =( NAMED_UNIT ( * ) PLANE_ANGLE_UNIT ( ) SI_UNIT ( $, .RADIAN. ) );
#3405 = ORIENTED_EDGE ( 'NONE', *, *, #1944, .F. ) ;
#3406 =( NAMED_UNIT ( * ) PLANE_ANGLE_UNIT ( ) SI_UNIT ( $, .RADIAN. ) );
#3407 = CARTESIAN_POINT ( 'NONE',  ( -274.0000000000000000, 30.61886599291843325, -212.2724637501762004 ) ) ;
#3408 = PRESENTATION_STYLE_ASSIGNMENT (( #488 ) ) ;
#3409 = DIRECTION ( 'NONE',  ( 1.000000000000000000, -0.000000000000000000, -0.000000000000000000 ) ) ;
#3410 = PRESENTATION_LAYER_ASSIGNMENT (  '', '', ( #262 ) ) ;
#3411 = FILL_AREA_STYLE ('',( #3186 ) ) ;
#3412 = PRESENTATION_LAYER_ASSIGNMENT (  '', '', ( #2740 ) ) ;
#3413 = PRESENTATION_STYLE_ASSIGNMENT (( #2358 ) ) ;
#3414 = FACE_OUTER_BOUND ( 'NONE', #419, .T. ) ;
#3415 = CIRCLE ( 'NONE', #1929, 19.99999999999998934 ) ;
#3416 = ORIENTED_EDGE ( 'NONE', *, *, #2830, .T. ) ;
#3417 = CARTESIAN_POINT ( 'NONE',  ( 274.0000000000000000, -40.00000000000006395, -92.00000000000000000 ) ) ;
#3418 = EDGE_LOOP ( 'NONE', ( #2669, #2498, #2448, #3180 ) ) ;
#3419 = CARTESIAN_POINT ( 'NONE',  ( -1204.686575426426316, 11.87809658505922172, 7.686249599770135887 ) ) ;
#3420 = EDGE_CURVE ( 'NONE', #3191, #2062, #381, .T. ) ;
#3421 =( LENGTH_UNIT ( ) NAMED_UNIT ( * ) SI_UNIT ( .MILLI., .METRE. ) );
#3422 = CIRCLE ( 'NONE', #1504, 14.99999999999999822 ) ;
#3423 = VERTEX_POINT ( 'NONE', #2925 ) ;
#3424 = APPLICATION_PROTOCOL_DEFINITION ( 'draft international standard', 'automotive_design', 1998, #1758 ) ;
#3425 = CARTESIAN_POINT ( 'NONE',  ( -273.9999999999999432, 4.412739070565498523, -92.35045958221904527 ) ) ;
#3426 = COLOUR_RGB ( '',0.7921568627450980005, 0.8196078431372548767, 0.9333333333333333481 ) ;
#3427 =( GEOMETRIC_REPRESENTATION_CONTEXT ( 3 ) GLOBAL_UNCERTAINTY_ASSIGNED_CONTEXT ( ( #2678 ) ) GLOBAL_UNIT_ASSIGNED_CONTEXT ( ( #1652, #893, #94 ) ) REPRESENTATION_CONTEXT ( 'NONE', 'WORKASPACE' ) );
#3428 = FACE_OUTER_BOUND ( 'NONE', #393, .T. ) ;
#3429 = PRESENTATION_STYLE_ASSIGNMENT (( #2368 ) ) ;
#3430 = SURFACE_SIDE_STYLE ('',( #2860 ) ) ;
#3431 = DIRECTION ( 'NONE',  ( 1.000000000000000000, -0.000000000000000000, -0.000000000000000000 ) ) ;
#3432 = LINE ( 'NONE', #2374, #184 ) ;
ENDSEC;
END-ISO-10303-21;
